product_id,week_start,Group,Sub-Group,sales_units,production_units,delivery_units,factory_units,production_to_demand_ratio,delivery_to_demand_ratio,demand_production_gap,demand_delivery_gap,factory_delivery_gap
AT5X5K,2022-12-27,A,AT,3712.0,3000,3024.0,2690.0,0.8081896551724138,0.8146551724137931,712.0,688.0,-334.0
AT5X5K,2023-01-03,A,AT,12354.8,11500,12931.34,13576.0,0.930812315861042,1.0466652637031761,854.7999999999993,-576.5400000000009,644.6599999999999
AT5X5K,2023-01-10,A,AT,11160.6,11200,11084.0,11761.0,1.0035302761500278,0.9931365697184739,-39.399999999999636,76.60000000000036,677.0
AT5X5K,2023-01-17,A,AT,7688.0,10000,9368.0,8925.0,1.3007284079084287,1.218522372528616,-2312.0,-1680.0,-443.0
AT5X5K,2023-01-24,A,AT,5350.0,5200,5937.0,6290.0,0.9719626168224299,1.1097196261682243,150.0,-587.0,353.0
AT5X5K,2023-01-31,A,AT,4980.4,7400,4331.4,4460.0,1.4858244317725484,0.86968918159184,-2419.6000000000004,649.0,128.60000000000036
AT5X5K,2023-02-07,A,AT,8281.0,5000,7323.0,7918.0,0.6037918125830214,0.8843134887090931,3281.0,958.0,595.0
AT5X5K,2023-02-14,A,AT,8532.0,11000,8064.0,7339.0,1.2892639474917955,0.9451476793248945,-2468.0,468.0,-725.0
AT5X5K,2023-02-21,A,AT,4589.0,6000,5787.0,5198.0,1.3074743952930923,1.2610590542601874,-1411.0,-1198.0,-589.0
AT5X5K,2023-02-28,A,AT,6017.8,0,4940.8,4632.0,0.0,0.8210309415400977,6017.8,1077.0,-308.8000000000002
AT5X5K,2023-03-07,A,AT,2846.8,2125,3439.8,2723.0,0.7464521568076437,1.208304060699733,721.8000000000002,-593.0,-716.8000000000002
AT5X5K,2023-03-14,A,AT,979.4,1300,2630.4,1830.0,1.3273432713906475,2.6857259546661223,-320.6,-1651.0,-800.4000000000001
AT5X5K,2023-03-21,A,AT,1116.0,1200,1630.0,1430.0,1.075268817204301,1.460573476702509,-84.0,-514.0,-200.0
AT5X5K,2023-03-28,A,AT,4526.2,0,1066.0,810.0,0.0,0.23551765277716408,4526.2,3460.2,-256.0
AT5X5K,2023-04-04,A,AT,4392.4,7200,5563.96,5660.0,1.6391949731354158,1.2667243420453511,-2807.6000000000004,-1171.5600000000004,96.03999999999996
AT5X5K,2023-04-11,A,AT,10747.0,7500,8371.8,8841.0,0.6978691727924072,0.7789894854377966,3247.0,2375.2000000000007,469.2000000000007
AT5X5K,2023-04-18,A,AT,3546.0,8000,5304.0,5176.0,2.2560631697687534,1.4957698815566836,-4454.0,-1758.0,-128.0
AT5X5K,2023-04-25,A,AT,6635.0,5800,8752.2,8844.0,0.8741522230595328,1.319095704596835,835.0,-2117.2000000000007,91.79999999999927
AT5X5K,2023-05-02,A,AT,15640.8,13600,10247.0,9941.0,0.869520740627078,0.6551455168533579,2040.7999999999993,5393.799999999999,-306.0
AT5X5K,2023-05-09,A,AT,7345.0,12200,11383.24,12577.0,1.6609938733832539,1.5497944179714092,-4855.0,-4038.24,1193.7600000000002
AT5X5K,2023-05-16,A,AT,4689.2,3300,6086.2,5592.0,0.7037447752281839,1.2979186215132645,1389.1999999999998,-1397.0,-494.1999999999998
AT5X5K,2023-05-23,A,AT,3262.0,3300,3681.0,3676.0,1.0116492949110976,1.1284488044144696,-38.0,-419.0,-5.0
AT5X5K,2023-05-30,A,AT,1531.6,3058,1591.0,1173.0,1.996604857665187,1.038782972055367,-1526.4,-59.40000000000009,-418.0
AT5X5K,2023-06-06,A,AT,3588.0,2700,3592.0,814.0,0.7525083612040134,1.0011148272017838,888.0,-4.0,-2778.0
AT5X5K,2023-06-13,A,AT,4169.0,2880,3320.8,2054.0,0.6908131446390021,0.796545934276805,1289.0,848.1999999999998,-1266.8000000000002
AT5X5K,2023-06-20,A,AT,3869.0,3900,4353.0,3792.0,1.0080124063065392,1.1250969242698372,-31.0,-484.0,-561.0
AT5X5K,2023-06-27,A,AT,2345.0,400,846.0,440.0,0.17057569296375266,0.3607675906183369,1945.0,1499.0,-406.0
AT5X5K,2023-07-04,A,AT,5940.4,5800,6339.4,6778.0,0.9763652279307792,1.0671671941283416,140.39999999999964,-399.0,438.60000000000036
AT5X5K,2023-07-11,A,AT,3346.4,5000,4123.6,4175.0,1.4941429595983744,1.2322495816399714,-1653.6,-777.2000000000003,51.399999999999636
AT5X5K,2023-07-18,A,AT,8147.0,4500,5040.0,5458.0,0.5523505584877869,0.6186326255063214,3647.0,3107.0,418.0
AT5X5K,2023-07-25,A,AT,4388.0,9000,7766.0,7586.0,2.0510483135824975,1.769826800364631,-4612.0,-3378.0,-180.0
AT5X5K,2023-08-01,A,AT,2535.4,1301,2314.2,2714.0,0.5131340222450106,0.9127553837658751,1234.4,221.20000000000027,399.8000000000002
AT5X5K,2023-08-08,A,AT,0.0,0,220.0,125.0,,,0.0,-220.0,-95.0
ATN01K24P,2022-12-27,A,ATN,9529.0,7500,4739.0,5740.0,0.7870710462797775,0.49732395844264876,2029.0,4790.0,1001.0
ATN01K24P,2023-01-03,A,ATN,30876.290999999997,20005,26236.624,24614.0,0.6479081311936075,0.8497336678165134,10871.290999999997,4639.666999999998,-1622.6239999999998
ATN01K24P,2023-01-10,A,ATN,30307.042,33050,32472.167,32417.0,1.0905056323213596,1.0714396673881932,-2742.9579999999987,-2165.125,-55.16700000000128
ATN01K24P,2023-01-17,A,ATN,22719.209,24000,23464.584,22447.0,1.0563748060066704,1.0328081404594676,-1280.791000000001,-745.375,-1017.5839999999989
ATN01K24P,2023-01-24,A,ATN,18618.0,16900,19369.0,19085.0,0.9077237082393382,1.0403373079815232,1718.0,-751.0,-284.0
ATN01K24P,2023-01-31,A,ATN,17983.005,18500,18872.172,19120.0,1.0287490883753856,1.0494448508466743,-516.994999999999,-889.1669999999976,247.82800000000134
ATN01K24P,2023-02-07,A,ATN,18702.493,15500,15465.493,17258.0,0.8287665179182263,0.8269214697741099,3202.4929999999986,3236.999999999998,1792.5069999999996
ATN01K24P,2023-02-14,A,ATN,32486.314666666665,31000,26321.107,24646.0,0.954247975434661,0.810221389224164,1486.3146666666653,6165.207666666665,-1675.107
ATN01K24P,2023-02-21,A,ATN,18674.336333333333,26000,25417.483333333334,26237.662,1.3922850877217252,1.3610916543236726,-7325.663666666667,-6743.147000000001,820.1786666666667
ATN01K24P,2023-02-28,A,ATN,20220.542666666668,10759,21633.750666666667,22366.166,0.5320826536340237,1.0698897167744987,9461.542666666668,-1413.2079999999987,732.4153333333343
ATN01K24P,2023-03-07,A,ATN,11965.167,11060,14109.833999999999,10787.958,0.9243498231157159,1.179242546301276,905.1669999999995,-2144.6669999999995,-3321.8759999999984
ATN01K24P,2023-03-14,A,ATN,10683.915,8600,9928.916000000001,9498.0,0.8049483733256956,0.9293331143124969,2083.915000000001,754.9989999999998,-430.9160000000011
ATN01K24P,2023-03-21,A,ATN,8625.419,10027,9852.499,7513.0,1.1624942510039222,1.142263233820873,-1401.5810000000001,-1227.08,-2339.499
ATN01K24P,2023-03-28,A,ATN,9681.295,7000,10955.505000000001,10762.666000000001,0.7230437663556374,1.1316156567897167,2681.295,-1274.210000000001,-192.83899999999994
ATN01K24P,2023-04-04,A,ATN,14887.166000000001,14700,13563.083999999999,14289.0,0.987427694431566,0.9110588274490926,187.16600000000108,1324.0820000000022,725.9160000000011
ATN01K24P,2023-04-11,A,ATN,25921.118,24500,19782.25,22094.0,0.9451752814056863,0.7631711718607199,1421.1179999999986,6138.867999999999,2311.75
ATN01K24P,2023-04-18,A,ATN,7280.0,14000,12709.076,12213.0,1.9230769230769231,1.7457521978021977,-6720.0,-5429.075999999999,-496.0759999999991
ATN01K24P,2023-04-25,A,ATN,20704.583,16500,21960.75,20472.0,0.7969250093083257,1.060670963525322,4204.582999999999,-1256.1670000000013,-1488.75
ATN01K24P,2023-05-02,A,ATN,46700.29,32500,30703.373,31063.0,0.6959271559127362,0.6574557245790122,14200.29,15996.917000000001,359.6270000000004
ATN01K24P,2023-05-09,A,ATN,21847.0,40000,33365.917,39782.0,1.8309149997711356,1.5272539479104683,-18153.0,-11518.917000000001,6416.082999999999
ATN01K24P,2023-05-16,A,ATN,19898.875,20500,20261.458,20010.0,1.0302089942270605,1.0182212813538454,-601.125,-362.5829999999987,-251.45799999999872
ATN01K24P,2023-05-23,A,ATN,11635.0,12000,13324.417,12975.0,1.0313708637730985,1.1452012892135797,-365.0,-1689.4169999999995,-349.41699999999946
ATN01K24P,2023-05-30,A,ATN,8814.548999999999,7033,9242.042,8259.0,0.7978854051409778,1.0484985675387364,1781.548999999999,-427.4930000000004,-983.0419999999995
ATN01K24P,2023-06-06,A,ATN,14224.0,13500,14486.132,7302.0,0.9491001124859393,1.0184288526434195,724.0,-262.1319999999996,-7184.132
ATN01K24P,2023-06-13,A,ATN,23214.672,16000,19647.375333333333,12509.0,0.689219300621607,0.8463343928931382,7214.671999999999,3567.2966666666653,-7138.375333333333
ATN01K24P,2023-06-20,A,ATN,24264.297,23000,27978.343666666668,23439.0,0.9478947607672293,1.153066320720797,1264.2969999999987,-3714.046666666669,-4539.343666666668
ATN01K24P,2023-06-27,A,ATN,10003.025,4000,5104.275,2180.0,0.3998790365914311,0.5102731423744317,6003.025,4898.75,-2924.2749999999996
ATN01K24P,2023-07-04,A,ATN,28878.379999999997,33000,31033.716333333334,35314.0,1.1427233799125853,1.0746349460507596,-4121.620000000003,-2155.3363333333364,4280.283666666666
ATN01K24P,2023-07-11,A,ATN,23646.128666666667,25000,23721.584000000003,23996.0,1.0572555174852722,1.0031910226996144,-1353.8713333333326,-75.45533333333515,274.41599999999744
ATN01K24P,2023-07-18,A,ATN,36811.916666666664,31000,28669.208333333336,30546.0,0.8421186074255846,0.7788023805696979,5811.916666666664,8142.7083333333285,1876.7916666666642
ATN01K24P,2023-07-25,A,ATN,24402.541666666668,40000,37773.583333333336,36881.0,1.6391735150539304,1.547936434217064,-15597.458333333332,-13371.041666666668,-892.5833333333358
ATN01K24P,2023-08-01,A,ATN,15169.212,9095,13630.042,17529.0,0.5995697073783398,0.8985332923028566,6074.2119999999995,1539.17,3898.9580000000005
ATN01K24P,2023-08-08,A,ATN,0.0,0,518.0,156.0,,,0.0,-518.0,-362.0
ATN02K12P,2022-12-27,A,ATN,3100.0,700,1320.08,805.0,0.22580645161290322,0.4258322580645161,2400.0,1779.92,-515.0799999999999
ATN02K12P,2023-01-03,A,ATN,5504.0,4900,6491.25,6195.0,0.8902616279069767,1.1793695494186047,604.0,-987.25,-296.25
ATN02K12P,2023-01-10,A,ATN,8038.416,7400,5987.25,6891.0,0.9205793778276715,0.7448295783646928,638.4160000000002,2051.166,903.75
ATN02K12P,2023-01-17,A,ATN,4996.75,7000,6371.666,6407.0,1.400910591884725,1.2751620553359684,-2003.25,-1374.9160000000002,35.33399999999983
ATN02K12P,2023-01-24,A,ATN,5983.5,4788,5638.0,5397.0,0.8002005515166708,0.9422578758251859,1195.5,345.5,-241.0
ATN02K12P,2023-01-31,A,ATN,4090.333,5800,4538.666,4075.0,1.4179774605148285,1.1096079463456887,-1709.667,-448.3330000000001,-463.66600000000017
ATN02K12P,2023-02-07,A,ATN,4455.1669999999995,3300,4777.667,4990.0,0.7407129743957972,1.0723878588614078,1155.1669999999995,-322.5000000000009,212.33299999999963
ATN02K12P,2023-02-14,A,ATN,5213.811666666666,6000,4097.9169999999995,3933.0,1.15078955351603,0.785973345795958,-786.1883333333344,1115.8946666666661,-164.91699999999946
ATN02K12P,2023-02-21,A,ATN,3128.2079999999996,3445,4975.291333333333,6215.5,1.1012694808017882,1.5904605235116505,-316.79200000000037,-1847.083333333333,1240.2086666666673
ATN02K12P,2023-02-28,A,ATN,4329.753,1773,3033.5756666666666,2433.0,0.40949218119370784,0.7006348091142074,2556.7529999999997,1296.177333333333,-600.5756666666666
ATN02K12P,2023-03-07,A,ATN,2459.167,2524,3016.167,3054.0,1.0263638053048045,1.2264994609963455,-64.83300000000008,-557.0,37.833000000000084
ATN02K12P,2023-03-14,A,ATN,2840.5,2295,2176.177,1786.0,0.8079563457137828,0.7661246259461363,545.5,664.3229999999999,-390.17700000000013
ATN02K12P,2023-03-21,A,ATN,1032.0,2000,1448.0,910.0,1.937984496124031,1.4031007751937985,-968.0,-416.0,-538.0
ATN02K12P,2023-03-28,A,ATN,643.8803333333333,7,794.7133333333334,910.0,0.01087158535152236,1.234256261903739,636.8803333333333,-150.83300000000008,115.28666666666663
ATN02K12P,2023-04-04,A,ATN,2369.8320000000003,2600,2304.833,1935.0,1.0971241843303658,0.9725723173625809,-230.16799999999967,64.99900000000025,-369.8330000000001
ATN02K12P,2023-04-11,A,ATN,3631.0,2800,2767.0,3067.0,0.7711374277058661,0.7620490223079042,831.0,864.0,300.0
ATN02K12P,2023-04-18,A,ATN,2496.667,2100,2203.833,1961.0,0.8411213830278528,0.8827100290106771,396.6669999999999,292.83399999999983,-242.83300000000008
ATN02K12P,2023-04-25,A,ATN,4673.6669999999995,4700,5202.5,5390.0,1.0056343338111167,1.1131516216281563,-26.33300000000054,-528.8330000000005,187.5
ATN02K12P,2023-05-02,A,ATN,11723.75,8700,7483.3330000000005,8098.0,0.7420833777588229,0.6383054056935707,3023.75,4240.4169999999995,614.6669999999995
ATN02K12P,2023-05-09,A,ATN,4742.25,7900,7412.334,7434.0,1.6658759027887606,1.5630415941799778,-3157.75,-2670.084,21.666000000000167
ATN02K12P,2023-05-16,A,ATN,4710.1669999999995,3500,4955.167,4011.0,0.74307344092046,1.0520151408644325,1210.1669999999995,-245.0000000000009,-944.1670000000004
ATN02K12P,2023-05-23,A,ATN,4425.0,5500,4724.166,4970.0,1.2429378531073447,1.0676081355932203,-1075.0,-299.16600000000017,245.83399999999983
ATN02K12P,2023-05-30,A,ATN,2865.534,2292,2272.667,2680.0,0.7998509178393974,0.793104182326924,573.5340000000001,592.8670000000002,407.3330000000001
ATN02K12P,2023-06-06,A,ATN,4105.416666666667,4600,4951.283666666666,1941.0,1.1204709225616563,1.2060368212727086,-494.58333333333303,-845.8669999999993,-3010.2836666666662
ATN02K12P,2023-06-13,A,ATN,6713.666333333334,6300,5065.416,3335.0,0.9383844366409034,0.7544932602399712,413.66633333333357,1648.2503333333334,-1730.4160000000002
ATN02K12P,2023-06-20,A,ATN,4235.833333333333,3000,3728.000333333334,4213.0,0.7082431634861303,0.8801102498524496,1235.833333333333,507.8329999999992,484.99966666666614
ATN02K12P,2023-06-27,A,ATN,381.15999999999997,1030,464.40999999999997,480.0,2.7022772588939032,1.2184122153426382,-648.84,-83.25,15.590000000000032
ATN02K12P,2023-07-04,A,ATN,4790.244000000001,2600,4934.244000000001,4104.0,0.5427698463794328,1.0300610991840917,2190.2440000000006,-144.0,-830.2440000000006
ATN02K12P,2023-07-11,A,ATN,4338.0,5684,4922.5,4432.0,1.310281235592439,1.1347395112955279,-1346.0,-584.5,-490.5
ATN02K12P,2023-07-18,A,ATN,5739.75,3977,5341.25,5846.0,0.6928873208763447,0.9305718890195566,1762.75,398.5,504.75
ATN02K12P,2023-07-25,A,ATN,3368.58,6800,5453.0,6780.0,2.018654744729233,1.6187829886777219,-3431.42,-2084.42,1327.0
ATN02K12P,2023-08-01,A,ATN,5881.583333333333,2733,4076.08,3504.0,0.46467079442893783,0.6930242706754134,3148.583333333333,1805.503333333333,-572.0799999999999
ATN02K12P,2023-08-08,A,ATN,0.0,0,368.0,40.0,,,0.0,-368.0,-328.0
ATPA1K24P,2022-12-27,A,ATPA,0.0,0,0.0,0.0,,,0.0,0.0,0.0
ATPA1K24P,2023-01-03,A,ATPA,0.0,0,0.0,0.0,,,0.0,0.0,0.0
ATPA1K24P,2023-01-10,A,ATPA,0.0,0,0.0,0.0,,,0.0,0.0,0.0
ATPA1K24P,2023-01-17,A,ATPA,0.0,0,0.0,0.0,,,0.0,0.0,0.0
ATPA1K24P,2023-01-24,A,ATPA,0.0,0,0.0,0.0,,,0.0,0.0,0.0
ATPA1K24P,2023-01-31,A,ATPA,31.0,0,0.0,0.0,0.0,0.0,31.0,31.0,0.0
ATPA1K24P,2023-02-07,A,ATPA,0.0,0,0.0,0.0,,,0.0,0.0,0.0
ATPA1K24P,2023-02-14,A,ATPA,0.0,0,0.0,0.0,,,0.0,0.0,0.0
ATPA1K24P,2023-02-21,A,ATPA,0.0,0,0.0,0.0,,,0.0,0.0,0.0
ATPA1K24P,2023-02-28,A,ATPA,0.0,0,0.0,0.0,,,0.0,0.0,0.0
ATPA1K24P,2023-03-07,A,ATPA,0.0,0,0.0,0.0,,,0.0,0.0,0.0
ATPA1K24P,2023-03-14,A,ATPA,0.0,0,0.0,0.0,,,0.0,0.0,0.0
ATPA1K24P,2023-03-21,A,ATPA,0.0,0,0.0,0.0,,,0.0,0.0,0.0
ATPA1K24P,2023-03-28,A,ATPA,0.0,0,0.0,0.0,,,0.0,0.0,0.0
ATPA1K24P,2023-04-04,A,ATPA,0.0,0,0.0,0.0,,,0.0,0.0,0.0
ATPA1K24P,2023-04-11,A,ATPA,0.0,0,0.0,0.0,,,0.0,0.0,0.0
ATPA1K24P,2023-04-18,A,ATPA,0.0,0,0.0,0.0,,,0.0,0.0,0.0
ATPA1K24P,2023-04-25,A,ATPA,0.0,0,0.0,0.0,,,0.0,0.0,0.0
ATPA1K24P,2023-05-02,A,ATPA,0.0,0,0.0,0.0,,,0.0,0.0,0.0
ATPA1K24P,2023-05-09,A,ATPA,0.0,0,0.0,0.0,,,0.0,0.0,0.0
ATPA1K24P,2023-05-16,A,ATPA,0.0,0,0.0,0.0,,,0.0,0.0,0.0
ATPA1K24P,2023-05-23,A,ATPA,0.0,0,0.0,0.0,,,0.0,0.0,0.0
ATPA1K24P,2023-05-30,A,ATPA,0.0,0,0.0,0.0,,,0.0,0.0,0.0
ATPA1K24P,2023-06-06,A,ATPA,0.0,0,0.0,0.0,,,0.0,0.0,0.0
ATPA1K24P,2023-06-13,A,ATPA,0.0,0,0.0,0.0,,,0.0,0.0,0.0
ATPA1K24P,2023-06-20,A,ATPA,0.0,0,0.0,0.0,,,0.0,0.0,0.0
ATPA1K24P,2023-06-27,A,ATPA,0.0,0,0.0,0.0,,,0.0,0.0,0.0
ATPA1K24P,2023-07-04,A,ATPA,0.0,0,0.0,0.0,,,0.0,0.0,0.0
ATPA1K24P,2023-07-11,A,ATPA,0.0,0,0.0,0.0,,,0.0,0.0,0.0
ATPA1K24P,2023-07-18,A,ATPA,0.0,0,0.0,0.0,,,0.0,0.0,0.0
ATPA1K24P,2023-07-25,A,ATPA,0.0,0,0.0,0.0,,,0.0,0.0,0.0
ATPA1K24P,2023-08-01,A,ATPA,0.0,0,0.0,0.0,,,0.0,0.0,0.0
ATPA1K24P,2023-08-08,A,ATPA,0.0,0,0.0,0.0,,,0.0,0.0,0.0
ATPPCH5X5K,2022-12-27,A,ATPPCH,0.0,0,0.0,0.0,,,0.0,0.0,0.0
ATPPCH5X5K,2023-01-03,A,ATPPCH,0.0,0,0.0,0.0,,,0.0,0.0,0.0
ATPPCH5X5K,2023-01-10,A,ATPPCH,0.0,0,0.0,0.0,,,0.0,0.0,0.0
ATPPCH5X5K,2023-01-17,A,ATPPCH,0.0,0,0.0,0.0,,,0.0,0.0,0.0
ATPPCH5X5K,2023-01-24,A,ATPPCH,0.0,0,0.0,0.0,,,0.0,0.0,0.0
ATPPCH5X5K,2023-01-31,A,ATPPCH,10.0,0,0.0,0.0,0.0,0.0,10.0,10.0,0.0
ATPPCH5X5K,2023-02-07,A,ATPPCH,0.0,0,0.0,0.0,,,0.0,0.0,0.0
ATPPCH5X5K,2023-02-14,A,ATPPCH,0.0,0,0.0,0.0,,,0.0,0.0,0.0
ATPPCH5X5K,2023-02-21,A,ATPPCH,0.0,0,0.0,0.0,,,0.0,0.0,0.0
ATPPCH5X5K,2023-02-28,A,ATPPCH,0.0,0,0.0,0.0,,,0.0,0.0,0.0
ATPPCH5X5K,2023-03-07,A,ATPPCH,0.0,0,0.0,0.0,,,0.0,0.0,0.0
ATPPCH5X5K,2023-03-14,A,ATPPCH,0.0,0,0.0,0.0,,,0.0,0.0,0.0
ATPPCH5X5K,2023-03-21,A,ATPPCH,0.0,0,0.0,0.0,,,0.0,0.0,0.0
ATPPCH5X5K,2023-03-28,A,ATPPCH,0.0,0,0.0,0.0,,,0.0,0.0,0.0
ATPPCH5X5K,2023-04-04,A,ATPPCH,0.0,0,0.0,0.0,,,0.0,0.0,0.0
ATPPCH5X5K,2023-04-11,A,ATPPCH,0.0,0,0.0,0.0,,,0.0,0.0,0.0
ATPPCH5X5K,2023-04-18,A,ATPPCH,0.0,0,0.0,0.0,,,0.0,0.0,0.0
ATPPCH5X5K,2023-04-25,A,ATPPCH,0.0,0,0.0,0.0,,,0.0,0.0,0.0
ATPPCH5X5K,2023-05-02,A,ATPPCH,0.0,0,0.0,0.0,,,0.0,0.0,0.0
ATPPCH5X5K,2023-05-09,A,ATPPCH,0.0,0,0.0,0.0,,,0.0,0.0,0.0
ATPPCH5X5K,2023-05-16,A,ATPPCH,0.0,0,0.0,0.0,,,0.0,0.0,0.0
ATPPCH5X5K,2023-05-23,A,ATPPCH,0.0,0,0.0,0.0,,,0.0,0.0,0.0
ATPPCH5X5K,2023-05-30,A,ATPPCH,0.0,0,0.0,0.0,,,0.0,0.0,0.0
ATPPCH5X5K,2023-06-06,A,ATPPCH,0.0,0,0.0,0.0,,,0.0,0.0,0.0
ATPPCH5X5K,2023-06-13,A,ATPPCH,0.0,0,0.0,0.0,,,0.0,0.0,0.0
ATPPCH5X5K,2023-06-20,A,ATPPCH,0.0,0,0.0,0.0,,,0.0,0.0,0.0
ATPPCH5X5K,2023-06-27,A,ATPPCH,0.0,0,0.0,0.0,,,0.0,0.0,0.0
ATPPCH5X5K,2023-07-04,A,ATPPCH,0.0,0,0.0,0.0,,,0.0,0.0,0.0
ATPPCH5X5K,2023-07-11,A,ATPPCH,0.0,0,0.0,0.0,,,0.0,0.0,0.0
ATPPCH5X5K,2023-07-18,A,ATPPCH,0.0,0,0.0,0.0,,,0.0,0.0,0.0
ATPPCH5X5K,2023-07-25,A,ATPPCH,0.0,0,0.0,0.0,,,0.0,0.0,0.0
ATPPCH5X5K,2023-08-01,A,ATPPCH,0.0,0,0.0,0.0,,,0.0,0.0,0.0
ATPPCH5X5K,2023-08-08,A,ATPPCH,0.0,0,0.0,0.0,,,0.0,0.0,0.0
ATWWP001K24P,2022-12-27,A,ATWWP,79.0,0,0.0,0.0,0.0,0.0,79.0,79.0,0.0
ATWWP001K24P,2023-01-03,A,ATWWP,299.0,2316,208.0,1564.0,7.745819397993311,0.6956521739130435,-2017.0,91.0,1356.0
ATWWP001K24P,2023-01-10,A,ATWWP,497.79200000000003,0,912.417,259.0,0.0,1.8329282109796863,497.79200000000003,-414.625,-653.417
ATWWP001K24P,2023-01-17,A,ATWWP,432.04200000000003,0,423.04200000000003,257.0,0.0,0.9791686919327288,432.04200000000003,9.0,-166.04200000000003
ATWWP001K24P,2023-01-24,A,ATWWP,436.0,0,347.0,55.0,0.0,0.7958715596330275,436.0,89.0,-292.0
ATWWP001K24P,2023-01-31,A,ATWWP,212.58,0,305.137,158.0,0.0,1.4353984382350173,212.58,-92.55699999999999,-147.137
ATWWP001K24P,2023-02-07,A,ATWWP,168.0,2450,57.0,1479.0,14.583333333333334,0.3392857142857143,-2282.0,111.0,1422.0
ATWWP001K24P,2023-02-14,A,ATWWP,651.958,0,631.958,176.0,0.0,0.9693231772598848,651.958,20.0,-455.95799999999997
ATWWP001K24P,2023-02-21,A,ATWWP,238.0,0,402.0,68.0,0.0,1.6890756302521008,238.0,-164.0,-334.0
ATWWP001K24P,2023-02-28,A,ATWWP,472.38,0,404.40999999999997,65.0,0.0,0.8561116050637199,472.38,67.97000000000003,-339.40999999999997
ATWWP001K24P,2023-03-07,A,ATWWP,316.0,0,400.97,208.0,0.0,1.2688924050632913,316.0,-84.97000000000003,-192.97000000000003
ATWWP001K24P,2023-03-14,A,ATWWP,375.6653333333333,0,227.0,199.0,0.0,0.6042612396139827,375.6653333333333,148.6653333333333,-28.0
ATWWP001K24P,2023-03-21,A,ATWWP,66.75,0,238.57100000000003,402.0,0.0,3.574097378277154,66.75,-171.82100000000003,163.42899999999997
ATWWP001K24P,2023-03-28,A,ATWWP,22.72266666666666,0,27.22233333333333,16.0,0.0,1.1980254664945431,22.72266666666666,-4.49966666666667,-11.222333333333331
ATWWP001K24P,2023-04-04,A,ATWWP,11.416666666666666,0,0.0,0.0,0.0,0.0,11.416666666666666,11.416666666666666,0.0
ATWWP001K24P,2023-04-11,A,ATWWP,3.0,0,0.0,0.0,0.0,0.0,3.0,3.0,0.0
ATWWP001K24P,2023-04-18,A,ATWWP,21.0,0,0.0,0.0,0.0,0.0,21.0,21.0,0.0
ATWWP001K24P,2023-04-25,A,ATWWP,63.08333333333334,0,0.0,0.0,0.0,0.0,63.08333333333334,63.08333333333334,0.0
ATWWP001K24P,2023-05-02,A,ATWWP,119.332,1389,34.0,1347.0,11.639794858043107,0.28491938457412935,-1269.6680000000001,85.332,1313.0
ATWWP001K24P,2023-05-09,A,ATWWP,452.0,0,438.834,43.0,0.0,0.9708716814159292,452.0,13.165999999999997,-395.834
ATWWP001K24P,2023-05-16,A,ATWWP,773.417,0,799.5,117.0,0.0,1.033724368613568,773.417,-26.08299999999997,-682.5
ATWWP001K24P,2023-05-23,A,ATWWP,161.0,0,202.25033333333334,45.0,0.0,1.2562132505175985,161.0,-41.250333333333344,-157.25033333333334
ATWWP001K24P,2023-05-30,A,ATWWP,193.5,1729,72.28366666666668,1460.0,8.935400516795866,0.3735590008613265,-1535.5,121.21633333333332,1387.7163333333333
ATWWP001K24P,2023-06-06,A,ATWWP,499.0416666666667,0,506.63300000000004,22.0,0.0,1.0152118226600986,499.0416666666667,-7.591333333333353,-484.63300000000004
ATWWP001K24P,2023-06-13,A,ATWWP,591.672,0,588.9636666666667,46.0,0.0,0.9954225764725501,591.672,2.7083333333333712,-542.9636666666667
ATWWP001K24P,2023-06-20,A,ATWWP,477.0,0,481.003,120.0,0.0,1.008392033542977,477.0,-4.002999999999986,-361.003
ATWWP001K24P,2023-06-27,A,ATWWP,92.29166666666666,0,73.30266666666665,0.0,0.0,0.7942501128668171,92.29166666666666,18.989000000000004,-73.30266666666665
ATWWP001K24P,2023-07-04,A,ATWWP,100.96000000000001,0,63.025,26.0,0.0,0.6242571315372424,100.96000000000001,37.93500000000001,-37.025
ATWWP001K24P,2023-07-11,A,ATWWP,404.70799999999997,1703,435.934,1491.0,4.207972167587496,1.0771568637140854,-1298.292,-31.226000000000056,1055.066
ATWWP001K24P,2023-07-18,A,ATWWP,497.0,0,499.86199999999997,16.0,0.0,1.005758551307847,497.0,-2.8619999999999663,-483.86199999999997
ATWWP001K24P,2023-07-25,A,ATWWP,191.0,0,333.97,25.0,0.0,1.7485340314136126,191.0,-142.97000000000003,-308.97
ATWWP001K24P,2023-08-01,A,ATWWP,304.416,0,240.958,107.0,0.0,0.7915418374855461,304.416,63.458,-133.958
ATWWP001K24P,2023-08-08,A,ATWWP,0.0,0,36.0,25.0,,,0.0,-36.0,-11.0
ATWWP002K12P,2022-12-27,A,ATWWP,115.0,0,0.0,0.0,0.0,0.0,115.0,115.0,0.0
ATWWP002K12P,2023-01-03,A,ATWWP,95.0,540,141.166,210.0,5.684210526315789,1.4859578947368421,-445.0,-46.166,68.834
ATWWP002K12P,2023-01-10,A,ATWWP,171.083,0,193.083,210.0,0.0,1.1285925544910949,171.083,-22.0,16.917
ATWWP002K12P,2023-01-17,A,ATWWP,53.0,0,94.0,50.0,0.0,1.7735849056603774,53.0,-41.0,-44.0
ATWWP002K12P,2023-01-24,A,ATWWP,108.0,2,69.0,72.0,0.018518518518518517,0.6388888888888888,106.0,39.0,3.0
ATWWP002K12P,2023-01-31,A,ATWWP,19.92,0,35.751000000000005,0.0,0.0,1.7947289156626507,19.92,-15.831000000000003,-35.751000000000005
ATWWP002K12P,2023-02-07,A,ATWWP,130.0,795,50.0,150.0,6.115384615384615,0.38461538461538464,-665.0,80.0,100.0
ATWWP002K12P,2023-02-14,A,ATWWP,16.666999999999998,0,145.667,110.0,0.0,8.739845203095939,16.666999999999998,-129.0,-35.667
ATWWP002K12P,2023-02-21,A,ATWWP,197.0,0,97.0,150.0,0.0,0.49238578680203043,197.0,100.0,53.0
ATWWP002K12P,2023-02-28,A,ATWWP,382.83,31,161.82999999999998,150.0,0.08097589008175952,0.4227202674816498,351.83,221.0,-11.829999999999984
ATWWP002K12P,2023-03-07,A,ATWWP,162.0,0,191.0,161.0,0.0,1.1790123456790123,162.0,-29.0,-30.0
ATWWP002K12P,2023-03-14,A,ATWWP,94.58300000000001,0,54.083,80.0,0.0,0.5718046583424081,94.58300000000001,40.500000000000014,25.917
ATWWP002K12P,2023-03-21,A,ATWWP,36.66666666666667,0,93.249,10.0,0.0,2.543154545454545,36.66666666666667,-56.582333333333324,-83.249
ATWWP002K12P,2023-03-28,A,ATWWP,31.66666666666667,0,39.16666666666667,24.0,0.0,1.236842105263158,31.66666666666667,-7.5,-15.166666666666671
ATWWP002K12P,2023-04-04,A,ATWWP,2.417,0,0.0,0.0,0.0,0.0,2.417,2.417,0.0
ATWWP002K12P,2023-04-11,A,ATWWP,41.0,0,0.0,0.0,0.0,0.0,41.0,41.0,0.0
ATWWP002K12P,2023-04-18,A,ATWWP,0.0,0,0.0,0.0,,,0.0,0.0,0.0
ATWWP002K12P,2023-04-25,A,ATWWP,15.0,0,0.0,0.0,0.0,0.0,15.0,15.0,0.0
ATWWP002K12P,2023-05-02,A,ATWWP,263.75,421,64.0,280.0,1.5962085308056873,0.24265402843601896,-157.25,199.75,216.0
ATWWP002K12P,2023-05-09,A,ATWWP,150.0,0,119.33333333333333,70.0,0.0,0.7955555555555556,150.0,30.66666666666667,-49.33333333333333
ATWWP002K12P,2023-05-16,A,ATWWP,91.75,0,159.75,30.416,0.0,1.7411444141689374,91.75,-68.0,-129.334
ATWWP002K12P,2023-05-23,A,ATWWP,87.0,0,48.0,20.0,0.0,0.5517241379310345,87.0,39.0,-28.0
ATWWP002K12P,2023-05-30,A,ATWWP,201.9166666666667,460,40.83333333333334,120.0,2.278167560874948,0.2022286421791168,-258.08333333333326,161.08333333333337,79.16666666666666
ATWWP002K12P,2023-06-06,A,ATWWP,145.66666666666669,0,260.3333333333333,103.0,0.0,1.7871853546910752,145.66666666666669,-114.66666666666663,-157.33333333333331
ATWWP002K12P,2023-06-13,A,ATWWP,243.667,0,72.167,112.0,0.0,0.29617059347388036,243.667,171.5,39.833
ATWWP002K12P,2023-06-20,A,ATWWP,148.0,0,109.0,0.0,0.0,0.7364864864864865,148.0,39.0,-109.0
ATWWP002K12P,2023-06-27,A,ATWWP,0.0,0,0.0,0.0,,,0.0,0.0,0.0
ATWWP002K12P,2023-07-04,A,ATWWP,9.5,0,0.0,0.0,0.0,0.0,9.5,9.5,0.0
ATWWP002K12P,2023-07-11,A,ATWWP,32.583,414,164.583,313.0,12.706012337722125,5.051192339563577,-381.41700000000003,-132.0,148.417
ATWWP002K12P,2023-07-18,A,ATWWP,265.0,0,80.0,80.0,0.0,0.3018867924528302,265.0,185.0,0.0
ATWWP002K12P,2023-07-25,A,ATWWP,42.0,0,78.0,18.0,0.0,1.8571428571428572,42.0,-36.0,-60.0
ATWWP002K12P,2023-08-01,A,ATWWP,380.33299999999997,0,91.333,4.0,0.0,0.2401395619102208,380.33299999999997,289.0,-87.333
ATWWP002K12P,2023-08-08,A,ATWWP,0.0,0,0.0,0.0,,,0.0,0.0,0.0
EEA200G24P,2022-12-27,E,EEA,0.0,0,0.0,0.0,,,0.0,0.0,0.0
EEA200G24P,2023-01-03,E,EEA,0.0,0,0.0,0.0,,,0.0,0.0,0.0
EEA200G24P,2023-01-10,E,EEA,0.0,0,0.0,0.0,,,0.0,0.0,0.0
EEA200G24P,2023-01-17,E,EEA,0.0,0,0.0,0.0,,,0.0,0.0,0.0
EEA200G24P,2023-01-24,E,EEA,0.0,0,0.0,0.0,,,0.0,0.0,0.0
EEA200G24P,2023-01-31,E,EEA,0.0,0,0.0,0.0,,,0.0,0.0,0.0
EEA200G24P,2023-02-07,E,EEA,0.0,0,0.0,0.0,,,0.0,0.0,0.0
EEA200G24P,2023-02-14,E,EEA,5.0,0,0.6210416666666667,0.0,0.0,0.12420833333333334,5.0,4.378958333333333,-0.6210416666666667
EEA200G24P,2023-02-21,E,EEA,0.0,0,0.0,0.0,,,0.0,0.0,0.0
EEA200G24P,2023-02-28,E,EEA,0.0,0,0.0,0.0,,,0.0,0.0,0.0
EEA200G24P,2023-03-07,E,EEA,0.0,0,0.0,0.0,,,0.0,0.0,0.0
EEA200G24P,2023-03-14,E,EEA,0.0,0,0.0,0.0,,,0.0,0.0,0.0
EEA200G24P,2023-03-21,E,EEA,0.0,0,0.0,0.0,,,0.0,0.0,0.0
EEA200G24P,2023-03-28,E,EEA,0.0,0,0.0,0.0,,,0.0,0.0,0.0
EEA200G24P,2023-04-04,E,EEA,0.0,0,0.0,0.0,,,0.0,0.0,0.0
EEA200G24P,2023-04-11,E,EEA,0.0,0,0.0,0.0,,,0.0,0.0,0.0
EEA200G24P,2023-04-18,E,EEA,0.0,0,0.0,0.0,,,0.0,0.0,0.0
EEA200G24P,2023-04-25,E,EEA,0.0,0,0.0,0.0,,,0.0,0.0,0.0
EEA200G24P,2023-05-02,E,EEA,0.0,0,0.0,0.0,,,0.0,0.0,0.0
EEA200G24P,2023-05-09,E,EEA,0.0,0,0.0,0.0,,,0.0,0.0,0.0
EEA200G24P,2023-05-16,E,EEA,0.0,0,0.0,0.0,,,0.0,0.0,0.0
EEA200G24P,2023-05-23,E,EEA,0.0,0,0.0,0.0,,,0.0,0.0,0.0
EEA200G24P,2023-05-30,E,EEA,0.0,0,0.0,0.0,,,0.0,0.0,0.0
EEA200G24P,2023-06-06,E,EEA,0.0,0,0.0,0.0,,,0.0,0.0,0.0
EEA200G24P,2023-06-13,E,EEA,0.0,0,0.0,0.0,,,0.0,0.0,0.0
EEA200G24P,2023-06-20,E,EEA,0.0,0,0.0,0.0,,,0.0,0.0,0.0
EEA200G24P,2023-06-27,E,EEA,0.0,0,0.0,0.0,,,0.0,0.0,0.0
EEA200G24P,2023-07-04,E,EEA,0.0,0,0.0,0.0,,,0.0,0.0,0.0
EEA200G24P,2023-07-11,E,EEA,0.0,0,0.0,0.0,,,0.0,0.0,0.0
EEA200G24P,2023-07-18,E,EEA,0.0,0,0.0,0.0,,,0.0,0.0,0.0
EEA200G24P,2023-07-25,E,EEA,0.0,0,0.0,0.0,,,0.0,0.0,0.0
EEA200G24P,2023-08-01,E,EEA,0.0,0,0.0,0.0,,,0.0,0.0,0.0
EEA200G24P,2023-08-08,E,EEA,0.0,0,0.0,0.0,,,0.0,0.0,0.0
EEA500G12P,2022-12-27,E,EEA,0.0,0,0.0,0.0,,,0.0,0.0,0.0
EEA500G12P,2023-01-03,E,EEA,0.0,0,0.0,0.0,,,0.0,0.0,0.0
EEA500G12P,2023-01-10,E,EEA,0.0,0,0.0,0.0,,,0.0,0.0,0.0
EEA500G12P,2023-01-17,E,EEA,0.0,0,0.0,0.0,,,0.0,0.0,0.0
EEA500G12P,2023-01-24,E,EEA,0.0,0,0.0,0.0,,,0.0,0.0,0.0
EEA500G12P,2023-01-31,E,EEA,0.0,0,0.0,0.0,,,0.0,0.0,0.0
EEA500G12P,2023-02-07,E,EEA,0.0,0,0.0,0.0,,,0.0,0.0,0.0
EEA500G12P,2023-02-14,E,EEA,5.0,0,0.0,0.0,0.0,0.0,5.0,5.0,0.0
EEA500G12P,2023-02-21,E,EEA,0.0,0,0.0,0.0,,,0.0,0.0,0.0
EEA500G12P,2023-02-28,E,EEA,50.0,0,0.0,0.0,0.0,0.0,50.0,50.0,0.0
EEA500G12P,2023-03-07,E,EEA,0.0,0,0.0,0.0,,,0.0,0.0,0.0
EEA500G12P,2023-03-14,E,EEA,0.0,0,0.0,0.0,,,0.0,0.0,0.0
EEA500G12P,2023-03-21,E,EEA,0.0,0,0.0,0.0,,,0.0,0.0,0.0
EEA500G12P,2023-03-28,E,EEA,0.0,0,0.0,0.0,,,0.0,0.0,0.0
EEA500G12P,2023-04-04,E,EEA,0.0,0,0.0,0.0,,,0.0,0.0,0.0
EEA500G12P,2023-04-11,E,EEA,0.0,0,0.0,0.0,,,0.0,0.0,0.0
EEA500G12P,2023-04-18,E,EEA,0.0,0,0.0,0.0,,,0.0,0.0,0.0
EEA500G12P,2023-04-25,E,EEA,0.0,0,0.0,0.0,,,0.0,0.0,0.0
EEA500G12P,2023-05-02,E,EEA,60.0,0,0.0,0.0,0.0,0.0,60.0,60.0,0.0
EEA500G12P,2023-05-09,E,EEA,0.0,0,0.0,0.0,,,0.0,0.0,0.0
EEA500G12P,2023-05-16,E,EEA,0.0,0,0.0,0.0,,,0.0,0.0,0.0
EEA500G12P,2023-05-23,E,EEA,0.0,0,0.0,0.0,,,0.0,0.0,0.0
EEA500G12P,2023-05-30,E,EEA,0.0,0,0.0,0.0,,,0.0,0.0,0.0
EEA500G12P,2023-06-06,E,EEA,0.0,0,0.0,0.0,,,0.0,0.0,0.0
EEA500G12P,2023-06-13,E,EEA,0.0,0,0.0,0.0,,,0.0,0.0,0.0
EEA500G12P,2023-06-20,E,EEA,0.0,0,0.0,0.0,,,0.0,0.0,0.0
EEA500G12P,2023-06-27,E,EEA,0.0,0,0.0,0.0,,,0.0,0.0,0.0
EEA500G12P,2023-07-04,E,EEA,0.0,0,0.0,0.0,,,0.0,0.0,0.0
EEA500G12P,2023-07-11,E,EEA,0.0,0,0.0,0.0,,,0.0,0.0,0.0
EEA500G12P,2023-07-18,E,EEA,0.0,0,0.0,0.0,,,0.0,0.0,0.0
EEA500G12P,2023-07-25,E,EEA,0.0,0,0.0,0.0,,,0.0,0.0,0.0
EEA500G12P,2023-08-01,E,EEA,0.0,0,0.0,0.0,,,0.0,0.0,0.0
EEA500G12P,2023-08-08,E,EEA,0.0,0,0.0,0.0,,,0.0,0.0,0.0
MAC1K25P,2022-12-27,M,MAC,0.0,25,0.0,0.0,,,-25.0,0.0,0.0
MAC1K25P,2023-01-03,M,MAC,37.0,4,25.0,29.0,0.10810810810810811,0.6756756756756757,33.0,12.0,4.0
MAC1K25P,2023-01-10,M,MAC,0.0,33,24.0,20.0,,,-33.0,-24.0,-4.0
MAC1K25P,2023-01-17,M,MAC,90.0,25,38.0,38.0,0.2777777777777778,0.4222222222222222,65.0,52.0,0.0
MAC1K25P,2023-01-24,M,MAC,58.0,150,0.0,150.0,2.586206896551724,0.0,-92.0,58.0,150.0
MAC1K25P,2023-01-31,M,MAC,51.0,43,158.0,43.0,0.8431372549019608,3.0980392156862746,8.0,-107.0,-115.0
MAC1K25P,2023-02-07,M,MAC,30.0,0,35.0,0.0,0.0,1.1666666666666667,30.0,-5.0,-35.0
MAC1K25P,2023-02-14,M,MAC,60.0,80,50.0,80.0,1.3333333333333333,0.8333333333333334,-20.0,10.0,30.0
MAC1K25P,2023-02-21,M,MAC,0.0,0,30.0,0.0,,,0.0,-30.0,-30.0
MAC1K25P,2023-02-28,M,MAC,25.0,10,0.0,10.0,0.4,0.0,15.0,25.0,10.0
MAC1K25P,2023-03-07,M,MAC,70.0,25,10.0,25.0,0.35714285714285715,0.14285714285714285,45.0,60.0,15.0
MAC1K25P,2023-03-14,M,MAC,0.0,0,25.0,0.0,,,0.0,-25.0,-25.0
MAC1K25P,2023-03-21,M,MAC,0.0,70,70.0,70.0,,,-70.0,-70.0,0.0
MAC1K25P,2023-03-28,M,MAC,20.0,0,0.0,0.0,0.0,0.0,20.0,20.0,0.0
MAC1K25P,2023-04-04,M,MAC,0.0,0,0.0,0.0,,,0.0,0.0,0.0
MAC1K25P,2023-04-11,M,MAC,10.0,0,0.0,0.0,0.0,0.0,10.0,10.0,0.0
MAC1K25P,2023-04-18,M,MAC,0.0,0,0.0,0.0,,,0.0,0.0,0.0
MAC1K25P,2023-04-25,M,MAC,0.0,0,0.0,0.0,,,0.0,0.0,0.0
MAC1K25P,2023-05-02,M,MAC,48.0,30,30.0,30.0,0.625,0.625,18.0,18.0,0.0
MAC1K25P,2023-05-09,M,MAC,0.0,48,18.0,18.0,,,-48.0,-18.0,0.0
MAC1K25P,2023-05-16,M,MAC,0.0,0,0.0,0.0,,,0.0,0.0,0.0
MAC1K25P,2023-05-23,M,MAC,150.0,200,30.0,30.0,1.3333333333333333,0.2,-50.0,120.0,0.0
MAC1K25P,2023-05-30,M,MAC,0.0,0,150.0,150.0,,,0.0,-150.0,0.0
MAC1K25P,2023-06-06,M,MAC,20.0,0,0.0,20.0,0.0,0.0,20.0,20.0,20.0
MAC1K25P,2023-06-13,M,MAC,17.0,0,0.0,0.0,0.0,0.0,17.0,17.0,0.0
MAC1K25P,2023-06-20,M,MAC,42.0,0,49.0,0.0,0.0,1.1666666666666667,42.0,-7.0,-49.0
MAC1K25P,2023-06-27,M,MAC,0.0,0,0.0,0.0,,,0.0,0.0,0.0
MAC1K25P,2023-07-04,M,MAC,25.0,45,25.0,45.0,1.8,1.0,-20.0,0.0,20.0
MAC1K25P,2023-07-11,M,MAC,10.0,1,22.0,2.0,0.1,2.2,9.0,-12.0,-20.0
MAC1K25P,2023-07-18,M,MAC,65.0,78,0.0,78.0,1.2,0.0,-13.0,65.0,78.0
MAC1K25P,2023-07-25,M,MAC,0.0,5,83.0,5.0,,,-5.0,-83.0,-78.0
MAC1K25P,2023-08-01,M,MAC,60.0,60,0.0,0.0,1.0,0.0,0.0,60.0,0.0
MAC1K25P,2023-08-08,M,MAC,0.0,0,0.0,0.0,,,0.0,0.0,0.0
MAHS025K,2022-12-27,M,MAHS,25.0,48,0.0,43.0,1.92,0.0,-23.0,25.0,43.0
MAHS025K,2023-01-03,M,MAHS,279.0,56,97.0,61.0,0.2007168458781362,0.34767025089605735,223.0,182.0,-36.0
MAHS025K,2023-01-10,M,MAHS,264.0,418,266.0,267.0,1.5833333333333333,1.0075757575757576,-154.0,-2.0,1.0
MAHS025K,2023-01-17,M,MAHS,185.0,185,237.0,299.0,1.0,1.281081081081081,0.0,-52.0,62.0
MAHS025K,2023-01-24,M,MAHS,43.0,270,165.0,143.0,6.27906976744186,3.8372093023255816,-227.0,-122.0,-22.0
MAHS025K,2023-01-31,M,MAHS,50.0,58,70.0,28.0,1.16,1.4,-8.0,-20.0,-42.0
MAHS025K,2023-02-07,M,MAHS,228.0,220,172.0,213.0,0.9649122807017544,0.7543859649122807,8.0,56.0,41.0
MAHS025K,2023-02-14,M,MAHS,228.0,163,161.0,164.0,0.7149122807017544,0.706140350877193,65.0,67.0,3.0
MAHS025K,2023-02-21,M,MAHS,61.0,98,171.0,145.0,1.6065573770491803,2.80327868852459,-37.0,-110.0,-26.0
MAHS025K,2023-02-28,M,MAHS,104.0,65,23.0,68.0,0.625,0.22115384615384615,39.0,81.0,45.0
MAHS025K,2023-03-07,M,MAHS,137.0,200,197.0,190.0,1.4598540145985401,1.437956204379562,-63.0,-60.0,-7.0
MAHS025K,2023-03-14,M,MAHS,410.0,906,466.0,902.0,2.209756097560976,1.1365853658536584,-496.0,-56.0,436.0
MAHS025K,2023-03-21,M,MAHS,285.0,260,250.0,250.0,0.9122807017543859,0.8771929824561403,25.0,35.0,0.0
MAHS025K,2023-03-28,M,MAHS,15.0,37,55.0,60.0,2.466666666666667,3.6666666666666665,-22.0,-40.0,5.0
MAHS025K,2023-04-04,M,MAHS,496.0,339,310.0,305.0,0.6834677419354839,0.625,157.0,186.0,-5.0
MAHS025K,2023-04-11,M,MAHS,0.0,10,33.0,33.0,,,-10.0,-33.0,0.0
MAHS025K,2023-04-18,M,MAHS,10.0,0,0.0,0.0,0.0,0.0,10.0,10.0,0.0
MAHS025K,2023-04-25,M,MAHS,215.0,200,205.0,205.0,0.9302325581395349,0.9534883720930233,15.0,10.0,0.0
MAHS025K,2023-05-02,M,MAHS,177.0,50,12.0,17.0,0.2824858757062147,0.06779661016949153,127.0,165.0,5.0
MAHS025K,2023-05-09,M,MAHS,165.0,250,290.0,285.0,1.5151515151515151,1.7575757575757576,-85.0,-125.0,-5.0
MAHS025K,2023-05-16,M,MAHS,120.0,17,22.0,22.0,0.14166666666666666,0.18333333333333332,103.0,98.0,0.0
MAHS025K,2023-05-23,M,MAHS,170.0,614,163.0,663.0,3.611764705882353,0.9588235294117647,-444.0,7.0,500.0
MAHS025K,2023-05-30,M,MAHS,53.0,161,160.0,162.0,3.0377358490566038,3.018867924528302,-108.0,-107.0,2.0
MAHS025K,2023-06-06,M,MAHS,87.0,610,77.0,50.0,7.011494252873563,0.8850574712643678,-523.0,10.0,-27.0
MAHS025K,2023-06-13,M,MAHS,305.0,348,98.0,628.0,1.140983606557377,0.32131147540983607,-43.0,207.0,530.0
MAHS025K,2023-06-20,M,MAHS,161.0,630,344.0,770.0,3.9130434782608696,2.1366459627329193,-469.0,-183.0,426.0
MAHS025K,2023-06-27,M,MAHS,0.0,55,51.0,16.0,,,-55.0,-51.0,-35.0
MAHS025K,2023-07-04,M,MAHS,297.0,240,273.0,291.0,0.8080808080808081,0.9191919191919192,57.0,24.0,18.0
MAHS025K,2023-07-11,M,MAHS,257.0,109,141.0,117.0,0.42412451361867703,0.5486381322957199,148.0,116.0,-24.0
MAHS025K,2023-07-18,M,MAHS,341.0,873,263.0,821.0,2.560117302052786,0.7712609970674487,-532.0,78.0,558.0
MAHS025K,2023-07-25,M,MAHS,585.0,620,448.0,600.0,1.0598290598290598,0.7658119658119659,-35.0,137.0,152.0
MAHS025K,2023-08-01,M,MAHS,127.0,796,477.0,792.0,6.267716535433071,3.7559055118110236,-669.0,-350.0,315.0
MAHS025K,2023-08-08,M,MAHS,0.0,0,0.0,0.0,,,0.0,0.0,0.0
MAP1K25P,2022-12-27,M,MAP,0.0,0,0.0,0.0,,,0.0,0.0,0.0
MAP1K25P,2023-01-03,M,MAP,0.0,0,0.0,0.0,,,0.0,0.0,0.0
MAP1K25P,2023-01-10,M,MAP,100.0,0,0.0,0.0,0.0,0.0,100.0,100.0,0.0
MAP1K25P,2023-01-17,M,MAP,0.0,100,100.0,100.0,,,-100.0,-100.0,0.0
MAP1K25P,2023-01-24,M,MAP,0.0,0,0.0,0.0,,,0.0,0.0,0.0
MAP1K25P,2023-01-31,M,MAP,0.0,0,0.0,0.0,,,0.0,0.0,0.0
MAP1K25P,2023-02-07,M,MAP,0.0,0,0.0,0.0,,,0.0,0.0,0.0
MAP1K25P,2023-02-14,M,MAP,0.0,0,0.0,0.0,,,0.0,0.0,0.0
MAP1K25P,2023-02-21,M,MAP,0.0,0,0.0,0.0,,,0.0,0.0,0.0
MAP1K25P,2023-02-28,M,MAP,0.0,0,0.0,0.0,,,0.0,0.0,0.0
MAP1K25P,2023-03-07,M,MAP,0.0,0,0.0,0.0,,,0.0,0.0,0.0
MAP1K25P,2023-03-14,M,MAP,15.0,0,0.0,0.0,0.0,0.0,15.0,15.0,0.0
MAP1K25P,2023-03-21,M,MAP,0.0,15,0.0,15.0,,,-15.0,0.0,15.0
MAP1K25P,2023-03-28,M,MAP,0.0,0,15.0,0.0,,,0.0,-15.0,-15.0
MAP1K25P,2023-04-04,M,MAP,0.0,0,0.0,0.0,,,0.0,0.0,0.0
MAP1K25P,2023-04-11,M,MAP,0.0,0,0.0,0.0,,,0.0,0.0,0.0
MAP1K25P,2023-04-18,M,MAP,0.0,0,0.0,0.0,,,0.0,0.0,0.0
MAP1K25P,2023-04-25,M,MAP,0.0,0,0.0,0.0,,,0.0,0.0,0.0
MAP1K25P,2023-05-02,M,MAP,0.0,0,0.0,0.0,,,0.0,0.0,0.0
MAP1K25P,2023-05-09,M,MAP,0.0,0,0.0,0.0,,,0.0,0.0,0.0
MAP1K25P,2023-05-16,M,MAP,0.0,0,0.0,0.0,,,0.0,0.0,0.0
MAP1K25P,2023-05-23,M,MAP,0.0,0,0.0,0.0,,,0.0,0.0,0.0
MAP1K25P,2023-05-30,M,MAP,0.0,0,0.0,0.0,,,0.0,0.0,0.0
MAP1K25P,2023-06-06,M,MAP,0.0,0,0.0,0.0,,,0.0,0.0,0.0
MAP1K25P,2023-06-13,M,MAP,0.0,0,0.0,0.0,,,0.0,0.0,0.0
MAP1K25P,2023-06-20,M,MAP,0.0,0,0.0,0.0,,,0.0,0.0,0.0
MAP1K25P,2023-06-27,M,MAP,0.0,0,0.0,0.0,,,0.0,0.0,0.0
MAP1K25P,2023-07-04,M,MAP,0.0,0,0.0,0.0,,,0.0,0.0,0.0
MAP1K25P,2023-07-11,M,MAP,0.0,0,0.0,0.0,,,0.0,0.0,0.0
MAP1K25P,2023-07-18,M,MAP,0.0,0,0.0,0.0,,,0.0,0.0,0.0
MAP1K25P,2023-07-25,M,MAP,465.0,490,440.0,463.0,1.053763440860215,0.946236559139785,-25.0,25.0,23.0
MAP1K25P,2023-08-01,M,MAP,10.0,0,23.0,0.0,0.0,2.3,10.0,-13.0,-23.0
MAP1K25P,2023-08-08,M,MAP,0.0,0,0.0,0.0,,,0.0,0.0,0.0
MAPA1K24P,2022-12-27,M,MAPA,0.0,0,0.0,0.0,,,0.0,0.0,0.0
MAPA1K24P,2023-01-03,M,MAPA,0.0,0,0.0,0.0,,,0.0,0.0,0.0
MAPA1K24P,2023-01-10,M,MAPA,0.0,0,0.0,0.0,,,0.0,0.0,0.0
MAPA1K24P,2023-01-17,M,MAPA,0.0,0,0.0,0.0,,,0.0,0.0,0.0
MAPA1K24P,2023-01-24,M,MAPA,10.0,0,0.0,0.0,0.0,0.0,10.0,10.0,0.0
MAPA1K24P,2023-01-31,M,MAPA,0.0,0,0.0,0.0,,,0.0,0.0,0.0
MAPA1K24P,2023-02-07,M,MAPA,0.0,0,0.0,0.0,,,0.0,0.0,0.0
MAPA1K24P,2023-02-14,M,MAPA,0.0,0,0.0,0.0,,,0.0,0.0,0.0
MAPA1K24P,2023-02-21,M,MAPA,0.0,0,0.0,0.0,,,0.0,0.0,0.0
MAPA1K24P,2023-02-28,M,MAPA,0.0,0,0.0,0.0,,,0.0,0.0,0.0
MAPA1K24P,2023-03-07,M,MAPA,0.0,0,0.0,0.0,,,0.0,0.0,0.0
MAPA1K24P,2023-03-14,M,MAPA,0.0,0,0.0,0.0,,,0.0,0.0,0.0
MAPA1K24P,2023-03-21,M,MAPA,0.0,0,0.0,0.0,,,0.0,0.0,0.0
MAPA1K24P,2023-03-28,M,MAPA,0.0,0,0.0,0.0,,,0.0,0.0,0.0
MAPA1K24P,2023-04-04,M,MAPA,0.0,0,0.0,0.0,,,0.0,0.0,0.0
MAPA1K24P,2023-04-11,M,MAPA,0.0,0,0.0,0.0,,,0.0,0.0,0.0
MAPA1K24P,2023-04-18,M,MAPA,0.0,0,0.0,0.0,,,0.0,0.0,0.0
MAPA1K24P,2023-04-25,M,MAPA,0.0,0,0.0,0.0,,,0.0,0.0,0.0
MAPA1K24P,2023-05-02,M,MAPA,0.0,0,0.0,0.0,,,0.0,0.0,0.0
MAPA1K24P,2023-05-09,M,MAPA,0.0,0,0.0,0.0,,,0.0,0.0,0.0
MAPA1K24P,2023-05-16,M,MAPA,0.0,0,0.0,0.0,,,0.0,0.0,0.0
MAPA1K24P,2023-05-23,M,MAPA,0.0,0,0.0,0.0,,,0.0,0.0,0.0
MAPA1K24P,2023-05-30,M,MAPA,0.0,0,0.0,0.0,,,0.0,0.0,0.0
MAPA1K24P,2023-06-06,M,MAPA,0.0,0,0.0,0.0,,,0.0,0.0,0.0
MAPA1K24P,2023-06-13,M,MAPA,0.0,0,0.0,0.0,,,0.0,0.0,0.0
MAPA1K24P,2023-06-20,M,MAPA,0.0,0,0.0,0.0,,,0.0,0.0,0.0
MAPA1K24P,2023-06-27,M,MAPA,0.0,0,0.0,0.0,,,0.0,0.0,0.0
MAPA1K24P,2023-07-04,M,MAPA,0.0,0,0.0,0.0,,,0.0,0.0,0.0
MAPA1K24P,2023-07-11,M,MAPA,0.0,0,0.0,0.0,,,0.0,0.0,0.0
MAPA1K24P,2023-07-18,M,MAPA,0.0,0,0.0,0.0,,,0.0,0.0,0.0
MAPA1K24P,2023-07-25,M,MAPA,0.0,0,0.0,0.0,,,0.0,0.0,0.0
MAPA1K24P,2023-08-01,M,MAPA,0.0,0,0.0,0.0,,,0.0,0.0,0.0
MAPA1K24P,2023-08-08,M,MAPA,0.0,0,0.0,0.0,,,0.0,0.0,0.0
MAR01K24P,2022-12-27,M,MAR,2606.0,300,1099.0,905.0,0.11511895625479662,0.4217191097467383,2306.0,1507.0,-194.0
MAR01K24P,2023-01-03,M,MAR,7173.875,6850,6605.75,7064.0,0.9548535484657873,0.9208063982157482,323.875,568.125,458.25
MAR01K24P,2023-01-10,M,MAR,5262.9169999999995,6195,5972.916,5595.0,1.1771038760444066,1.1349059846469174,-932.0830000000005,-709.9990000000007,-377.91600000000017
MAR01K24P,2023-01-17,M,MAR,4226.709,4266,3999.209,4620.0,1.0092958848125102,0.9461756179571388,-39.29100000000017,227.5,620.7910000000002
MAR01K24P,2023-01-24,M,MAR,3727.0,4985,3979.001,4273.0,1.3375368929433862,1.067614971827207,-1258.0,-252.0010000000002,293.9989999999998
MAR01K24P,2023-01-31,M,MAR,4941.496,4555,4779.6630000000005,5250.0,0.9217856292912106,0.9672502011536588,386.4960000000001,161.83299999999963,470.33699999999953
MAR01K24P,2023-02-07,M,MAR,5104.576999999999,2975,4272.16,2815.0,0.5828102896674887,0.8369273301196163,2129.5769999999993,832.4169999999995,-1457.1599999999999
MAR01K24P,2023-02-14,M,MAR,5870.499,7587,5623.916,6810.0,1.2923943944117868,0.9579962452936284,-1716.5010000000002,246.58299999999963,1186.0839999999998
MAR01K24P,2023-02-21,M,MAR,3264.17,4688,4272.17,3716.0,1.4361997077358104,1.308807445690635,-1423.83,-1008.0,-556.1700000000001
MAR01K24P,2023-02-28,M,MAR,6713.375,3351,5689.375,5697.0,0.49915281062058947,0.8474686726125086,3362.375,1024.0,7.625
MAR01K24P,2023-03-07,M,MAR,4819.4169999999995,5565,5069.4169999999995,5123.0,1.1547039818301676,1.051873494242146,-745.5830000000005,-250.0,53.58300000000054
MAR01K24P,2023-03-14,M,MAR,5126.251,5851,4878.959,5217.0,1.1413799285286654,0.9517596777840179,-724.7489999999998,247.29200000000037,338.04100000000017
MAR01K24P,2023-03-21,M,MAR,5040.166,3391,4922.625,3803.0,0.6727953007896962,0.9766791411235265,1649.1660000000002,117.54100000000017,-1119.625
MAR01K24P,2023-03-28,M,MAR,4133.041,5709,5497.624,5756.666,1.3813073714971615,1.330164399530515,-1575.9589999999998,-1364.5829999999996,259.04200000000037
MAR01K24P,2023-04-04,M,MAR,6629.791,6351,5684.75,5965.0,0.9579487498173019,0.8574553858485131,278.79100000000017,945.0410000000002,280.25
MAR01K24P,2023-04-11,M,MAR,8443.368,7120,6915.534,7418.0,0.8432653888827302,0.8190492230114806,1323.3680000000004,1527.8340000000007,502.46600000000035
MAR01K24P,2023-04-18,M,MAR,1076.0,4150,3331.125,2205.0,3.856877323420074,3.0958410780669143,-3074.0,-2255.125,-1126.125
MAR01K24P,2023-04-25,M,MAR,3945.791,4000,4523.791,5228.0,1.0137384367291629,1.146485204107364,-54.20899999999983,-578.0,704.2089999999998
MAR01K24P,2023-05-02,M,MAR,6748.374,5500,5074.457,5822.0,0.8150111419432297,0.7519525444203301,1248.3739999999998,1673.9169999999995,747.5429999999997
MAR01K24P,2023-05-09,M,MAR,4151.0,6216,4802.917,5354.0,1.4974704890387858,1.1570505902192243,-2065.0,-651.9170000000004,551.0829999999996
MAR01K24P,2023-05-16,M,MAR,3911.084,3300,3516.917,3824.0,0.8437558487621335,0.8992179661699928,611.0839999999998,394.1669999999999,307.0830000000001
MAR01K24P,2023-05-23,M,MAR,3059.0,2100,3115.167,2965.0,0.6864988558352403,1.018361229159856,959.0,-56.166999999999916,-150.16699999999992
MAR01K24P,2023-05-30,M,MAR,3205.132,1933,3305.125,2872.0,0.6030952859351815,1.0311977790618296,1272.132,-99.99299999999994,-433.125
MAR01K24P,2023-06-06,M,MAR,3907.0,4700,4340.007,2345.0,1.2029690299462503,1.1108285129255182,-793.0,-433.0069999999996,-1995.0069999999996
MAR01K24P,2023-06-13,M,MAR,6290.377,4870,5633.0470000000005,4222.0,0.7741984303961431,0.8955022886545592,1420.3770000000004,657.3299999999999,-1411.0470000000005
MAR01K24P,2023-06-20,M,MAR,8122.5470000000005,7500,8457.877,7652.0,0.9233556912628513,1.041283848526823,622.5470000000005,-335.3299999999999,-805.8770000000004
MAR01K24P,2023-06-27,M,MAR,2944.3,2351,1240.3,235.0,0.7984920014944129,0.42125462758550414,593.3000000000002,1704.0000000000002,-1005.3
MAR01K24P,2023-07-04,M,MAR,6662.619,8630,8097.951999999999,10540.0,1.295286433157892,1.2154307487791212,-1967.3810000000003,-1435.3329999999996,2442.0480000000007
MAR01K24P,2023-07-11,M,MAR,3746.457,3650,4115.834,3179.0,0.9742538083314449,1.0985936846465874,96.45699999999988,-369.37699999999995,-936.8339999999998
MAR01K24P,2023-07-18,M,MAR,5772.0,5300,4913.29,5530.0,0.9182259182259183,0.8512283437283438,472.0,858.71,616.71
MAR01K24P,2023-07-25,M,MAR,3398.67,5700,5344.75,4615.0,1.6771266407153387,1.5726004584146152,-2301.33,-1946.08,-729.75
MAR01K24P,2023-08-01,M,MAR,3865.0029999999997,1700,3540.9230000000002,3210.0,0.43984441926694495,0.9161501297670405,2165.0029999999997,324.0799999999995,-330.92300000000023
MAR01K24P,2023-08-08,M,MAR,0.0,0,141.0,20.0,,,0.0,-141.0,-121.0
MAR02K12P,2022-12-27,M,MAR,774.0,200,335.0,100.0,0.25839793281653745,0.43281653746770027,574.0,439.0,-235.0
MAR02K12P,2023-01-03,M,MAR,839.0,807,1077.583,1119.0,0.9618593563766389,1.2843659117997617,32.0,-238.58300000000008,41.416999999999916
MAR02K12P,2023-01-10,M,MAR,1186.25,1200,870.25,830.0,1.01159114857745,0.7336143308746048,-13.75,316.0,-40.25
MAR02K12P,2023-01-17,M,MAR,996.25,802,988.0,1135.0,0.8050188205771643,0.9917189460476789,194.25,8.25,147.0
MAR02K12P,2023-01-24,M,MAR,1214.0,1000,959.0,1045.0,0.8237232289950577,0.7899505766062603,214.0,255.0,86.0
MAR02K12P,2023-01-31,M,MAR,900.913,1110,1263.246,1071.0,1.2320834531192246,1.402184228665809,-209.087,-362.3330000000001,-192.2460000000001
MAR02K12P,2023-02-07,M,MAR,706.0,900,670.0,720.0,1.274787535410765,0.9490084985835694,-194.0,36.0,50.0
MAR02K12P,2023-02-14,M,MAR,906.666,1120,795.583,695.0,1.2352950259522248,0.8774818952072758,-213.33399999999995,111.08300000000008,-100.58299999999997
MAR02K12P,2023-02-21,M,MAR,761.832,600,702.1659999999999,767.0,0.7875752134328828,0.9216808955255226,161.832,59.666000000000054,64.83400000000006
MAR02K12P,2023-02-28,M,MAR,1345.833,6,857.833,755.0,0.0044582054385648145,0.6373992909967283,1339.833,488.0000000000001,-102.83299999999997
MAR02K12P,2023-03-07,M,MAR,855.5,1208,932.0,1134.0,1.412039742840444,1.0894213909994155,-352.5,-76.5,202.0
MAR02K12P,2023-03-14,M,MAR,849.0,842,782.0,790.0,0.9917550058892816,0.9210836277974087,7.0,67.0,8.0
MAR02K12P,2023-03-21,M,MAR,258.0,418,416.0,120.0,1.62015503875969,1.6124031007751938,-160.0,-158.0,-296.0
MAR02K12P,2023-03-28,M,MAR,590.663,350,391.663,660.0,0.5925544684532466,0.6630904593651541,240.663,199.0,268.337
MAR02K12P,2023-04-04,M,MAR,605.499,610,623.333,475.0,1.0074335382882549,1.029453392986611,-4.500999999999976,-17.833999999999946,-148.33299999999997
MAR02K12P,2023-04-11,M,MAR,766.0,605,744.0,854.0,0.7898172323759791,0.9712793733681462,161.0,22.0,110.0
MAR02K12P,2023-04-18,M,MAR,355.0,103,257.0,70.0,0.29014084507042254,0.723943661971831,252.0,98.0,-187.0
MAR02K12P,2023-04-25,M,MAR,576.167,700,475.16700000000003,656.0,1.214925533742821,0.8247036015599644,-123.83299999999997,101.0,180.83299999999997
MAR02K12P,2023-05-02,M,MAR,1453.0,804,788.0,913.0,0.553337921541638,0.5423262216104611,649.0,665.0,125.0
MAR02K12P,2023-05-09,M,MAR,1270.0,1501,1012.995,1015.0,1.1818897637795276,0.7976338582677165,-231.0,257.005,2.0049999999999955
MAR02K12P,2023-05-16,M,MAR,478.0,213,909.0,797.0,0.4456066945606695,1.901673640167364,265.0,-431.0,-112.0
MAR02K12P,2023-05-23,M,MAR,921.1659999999999,800,578.0,490.0,0.8684645329940532,0.6274656250882035,121.16599999999994,343.16599999999994,-88.0
MAR02K12P,2023-05-30,M,MAR,477.61699999999996,603,642.083,800.0,1.2625178752012598,1.3443470395735495,-125.38300000000004,-164.466,157.91700000000003
MAR02K12P,2023-06-06,M,MAR,1062.0,1005,1068.7,494.0,0.9463276836158192,1.0063088512241054,57.0,-6.7000000000000455,-574.7
MAR02K12P,2023-06-13,M,MAR,1515.917,1208,800.917,1235.0,0.7968774015991641,0.5283382929276471,307.9169999999999,714.9999999999999,434.08299999999997
MAR02K12P,2023-06-20,M,MAR,1039.0,403,782.0,642.0,0.38787295476419636,0.7526467757459095,636.0,257.0,-140.0
MAR02K12P,2023-06-27,M,MAR,45.4,503,37.4,0.0,11.079295154185022,0.8237885462555066,-457.6,8.0,-37.4
MAR02K12P,2023-07-04,M,MAR,630.25,303,826.25,760.0,0.4807616025386751,1.3109877032923443,327.25,-196.0,-66.25
MAR02K12P,2023-07-11,M,MAR,631.583,803,729.583,652.0,1.2714085084620708,1.1551656710202776,-171.41700000000003,-98.0,-77.58299999999997
MAR02K12P,2023-07-18,M,MAR,472.0,900,573.0,755.0,1.9067796610169492,1.2139830508474576,-428.0,-101.0,182.0
MAR02K12P,2023-07-25,M,MAR,475.33,900,563.0,440.0,1.8934214124923738,1.1844402835924517,-424.67,-87.67000000000002,-123.0
MAR02K12P,2023-08-01,M,MAR,1481.0,0,749.33,700.0,0.0,0.5059621877110061,1481.0,731.67,-49.33000000000004
MAR02K12P,2023-08-08,M,MAR,0.0,0,76.0,0.0,,,0.0,-76.0,-76.0
MASR025K,2022-12-27,M,MASR,117.0,100,249.0,70.0,0.8547008547008547,2.128205128205128,17.0,-132.0,-179.0
MASR025K,2023-01-03,M,MASR,1067.0,264,375.0,424.0,0.24742268041237114,0.3514526710402999,803.0,692.0,49.0
MASR025K,2023-01-10,M,MASR,1775.0,1313,861.0,1118.0,0.7397183098591549,0.48507042253521127,462.0,914.0,257.0
MASR025K,2023-01-17,M,MASR,587.0,543,720.0,781.0,0.9250425894378195,1.2265758091993186,44.0,-133.0,61.0
MASR025K,2023-01-24,M,MASR,295.0,459,637.0,606.0,1.5559322033898304,2.159322033898305,-164.0,-342.0,-31.0
MASR025K,2023-01-31,M,MASR,874.0,711,857.0,756.0,0.8135011441647597,0.9805491990846682,163.0,17.0,-101.0
MASR025K,2023-02-07,M,MASR,64.0,782,571.0,568.0,12.21875,8.921875,-718.0,-507.0,-3.0
MASR025K,2023-02-14,M,MASR,1075.0,696,753.0,715.0,0.6474418604651163,0.7004651162790698,379.0,322.0,-38.0
MASR025K,2023-02-21,M,MASR,700.0,994,770.0,854.0,1.42,1.1,-294.0,-70.0,84.0
MASR025K,2023-02-28,M,MASR,542.0,501,651.0,561.0,0.9243542435424354,1.2011070110701108,41.0,-109.0,-90.0
MASR025K,2023-03-07,M,MASR,228.0,294,337.0,293.0,1.2894736842105263,1.4780701754385965,-66.0,-109.0,-44.0
MASR025K,2023-03-14,M,MASR,734.0,202,434.0,433.0,0.27520435967302453,0.5912806539509536,532.0,300.0,-1.0
MASR025K,2023-03-21,M,MASR,384.0,270,429.0,240.0,0.703125,1.1171875,114.0,-45.0,-189.0
MASR025K,2023-03-28,M,MASR,630.0,166,247.0,111.0,0.2634920634920635,0.39206349206349206,464.0,383.0,-136.0
MASR025K,2023-04-04,M,MASR,552.0,561,542.0,636.0,1.016304347826087,0.9818840579710145,-9.0,10.0,94.0
MASR025K,2023-04-11,M,MASR,1060.0,1002,778.0,980.0,0.9452830188679245,0.7339622641509433,58.0,282.0,202.0
MASR025K,2023-04-18,M,MASR,390.0,300,574.0,375.0,0.7692307692307693,1.471794871794872,90.0,-184.0,-199.0
MASR025K,2023-04-25,M,MASR,861.0,1253,690.0,936.0,1.4552845528455285,0.8013937282229965,-392.0,171.0,246.0
MASR025K,2023-05-02,M,MASR,746.0,595,782.0,742.0,0.7975871313672922,1.0482573726541555,151.0,-36.0,-40.0
MASR025K,2023-05-09,M,MASR,487.0,500,485.0,552.0,1.0266940451745379,0.9958932238193019,-13.0,2.0,67.0
MASR025K,2023-05-16,M,MASR,334.0,329,493.0,371.0,0.9850299401197605,1.4760479041916168,5.0,-159.0,-122.0
MASR025K,2023-05-23,M,MASR,419.0,200,411.0,350.0,0.477326968973747,0.9809069212410502,219.0,8.0,-61.0
MASR025K,2023-05-30,M,MASR,610.0,500,484.0,455.0,0.819672131147541,0.7934426229508197,110.0,126.0,-29.0
MASR025K,2023-06-06,M,MASR,831.0,443,358.0,220.0,0.53309265944645,0.43080625752105894,388.0,473.0,-138.0
MASR025K,2023-06-13,M,MASR,1325.0,811,460.0,810.0,0.6120754716981132,0.3471698113207547,514.0,865.0,350.0
MASR025K,2023-06-20,M,MASR,677.0,955,1121.0,620.0,1.410635155096012,1.655834564254062,-278.0,-444.0,-501.0
MASR025K,2023-06-27,M,MASR,12.0,0,0.0,100.0,0.0,0.0,12.0,12.0,100.0
MASR025K,2023-07-04,M,MASR,859.0,540,494.0,550.0,0.6286379511059371,0.5750873108265425,319.0,365.0,56.0
MASR025K,2023-07-11,M,MASR,518.0,519,653.0,450.0,1.001930501930502,1.2606177606177607,-1.0,-135.0,-203.0
MASR025K,2023-07-18,M,MASR,1066.0,1098,815.0,980.0,1.0300187617260788,0.7645403377110694,-32.0,251.0,165.0
MASR025K,2023-07-25,M,MASR,1152.0,1384,1404.0,1227.0,1.2013888888888888,1.21875,-232.0,-252.0,-177.0
MASR025K,2023-08-01,M,MASR,2016.0,850,803.0,1102.0,0.42162698412698413,0.39831349206349204,1166.0,1213.0,299.0
MASR025K,2023-08-08,M,MASR,0.0,60,488.0,400.0,,,-60.0,-488.0,-88.0
POP001L12P,2022-12-27,P,POP,7078.0,4628,2988.0,2426.0,0.6538570217575587,0.42215315060751624,2450.0,4090.0,-562.0
POP001L12P,2023-01-03,P,POP,22430.0,14744,13604.0,13278.0,0.657333927775301,0.6065091395452519,7686.0,8826.0,-326.0
POP001L12P,2023-01-10,P,POP,13164.0,17948,18284.0,18288.0,1.3634153752658766,1.3889395320571254,-4784.0,-5120.0,4.0
POP001L12P,2023-01-17,P,POP,13760.0,15278,15494.002014652015,16558.0,1.1103197674418606,1.126017588274129,-1518.0,-1734.0020146520146,1063.9979853479854
POP001L12P,2023-01-24,P,POP,21924.0,12300,11910.0,11682.0,0.5610290093048714,0.543240284619595,9624.0,10014.0,-228.0
POP001L12P,2023-01-31,P,POP,48392.0,20702,18049.68186813187,24472.0,0.4277979831377087,0.3729889623932028,27690.0,30342.31813186813,6422.318131868131
POP001L12P,2023-02-07,P,POP,20002.0,14742,16262.0,18144.0,0.7370262973702629,0.813018698130187,5260.0,3740.0,1882.0
POP001L12P,2023-02-14,P,POP,11864.0,17972,17098.315934065933,16590.0,1.5148347943358058,1.4411931839232917,-6108.0,-5234.315934065933,-508.3159340659331
POP001L12P,2023-02-21,P,POP,10734.0,22622,14818.0,20275.190000000002,2.1075088503819637,1.3804732625302776,-11888.0,-4084.0,5457.190000000002
POP001L12P,2023-02-28,P,POP,20870.0,19108,25390.0,20148.0,0.9155725922376617,1.2165788212745567,1762.0,-4520.0,-5242.0
POP001L12P,2023-03-07,P,POP,27380.0,23548,19832.0,19840.0,0.8600438276113952,0.7243243243243244,3832.0,7548.0,8.0
POP001L12P,2023-03-14,P,POP,23412.0,23420,21964.0,25670.0,1.0003417051084913,0.9381513753630617,-8.0,1448.0,3706.0
POP001L12P,2023-03-21,P,POP,15292.0,41384,45242.0,43160.0,2.706251634841747,2.9585404132879938,-26092.0,-29950.0,-2082.0
POP001L12P,2023-03-28,P,POP,17650.0,48700,19260.0,39304.0,2.7592067988668556,1.0912181303116146,-31050.0,-1610.0,20044.0
POP001L12P,2023-04-04,P,POP,16654.0,22270,17400.0,23852.0,1.337216284376126,1.0447940434730396,-5616.0,-746.0,6452.0
POP001L12P,2023-04-11,P,POP,13710.0,11020,11494.0,10146.0,0.8037928519328957,0.838366156090445,2690.0,2216.0,-1348.0
POP001L12P,2023-04-18,P,POP,2172.0,5476,9044.0,6758.0,2.5211786372007365,4.16390423572744,-3304.0,-6872.0,-2286.0
POP001L12P,2023-04-25,P,POP,18956.0,0,11588.0,10304.0,0.0,0.6113104030386157,18956.0,7368.0,-1284.0
POP001L12P,2023-05-02,P,POP,32964.0,4006,25441.66593406593,7018.0,0.12152651377260042,0.7718015390749281,28958.0,7522.334065934068,-18423.66593406593
POP001L12P,2023-05-09,P,POP,15904.0,27884,21402.0,19774.0,1.7532696177062375,1.3456991951710262,-11980.0,-5498.0,-1628.0
POP001L12P,2023-05-16,P,POP,10166.0,14208,16852.0,16786.0,1.3975998426126304,1.6576824709817037,-4042.0,-6686.0,-66.0
POP001L12P,2023-05-23,P,POP,7034.0,6232,8700.334065934067,7326.0,0.8859823713392095,1.2368970807412663,802.0,-1666.3340659340665,-1374.3340659340665
POP001L12P,2023-05-30,P,POP,8394.0,2636,7040.0,6008.0,0.31403383369073146,0.8386943054562783,5758.0,1354.0,-1032.0
POP001L12P,2023-06-06,P,POP,11686.0,7018,9558.0,4984.0,0.600547663871299,0.8179017627930858,4668.0,2128.0,-4574.0
POP001L12P,2023-06-13,P,POP,21642.000000000004,20848,14948.0,14624.0,0.9633120783661397,0.6906940208853155,794.0000000000036,6694.000000000004,-324.0
POP001L12P,2023-06-20,P,POP,20368.0,28186,25900.0,26852.0,1.3838373919874312,1.2716025137470541,-7818.0,-5532.0,952.0
POP001L12P,2023-06-27,P,POP,4479.999999999999,4,4488.0,1680.0,0.000892857142857143,1.0017857142857145,4475.999999999999,-8.00000000000091,-2808.0
POP001L12P,2023-07-04,P,POP,20582.0,14606,13130.0,15242.0,0.7096492080458653,0.6379360606355068,5976.0,7452.0,2112.0
POP001L12P,2023-07-11,P,POP,12248.0,14770,17716.0,14910.0,1.205911169170477,1.446440235140431,-2522.0,-5468.0,-2806.0
POP001L12P,2023-07-18,P,POP,20890.0,23354,21700.0,21564.0,1.117951172809957,1.0387745332695069,-2464.0,-810.0,-136.0
POP001L12P,2023-07-25,P,POP,33780.0,33870,31166.0,30168.0,1.002664298401421,0.9226169330965068,-90.0,2614.0,-998.0
POP001L12P,2023-08-01,P,POP,15852.0,21238,19716.0,21208.0,1.3397678526368912,1.243754731264194,-5386.0,-3864.0,1492.0
POP001L12P,2023-08-08,P,POP,0.0,2414,1434.0,1320.0,,,-2414.0,-1434.0,-114.0
POP002L09P,2022-12-27,P,POP,368.0,101,189.0,165.0,0.27445652173913043,0.5135869565217391,267.0,179.0,-24.0
POP002L09P,2023-01-03,P,POP,517.0,454,417.99700854700853,517.0,0.8781431334622823,0.8085048521218734,63.0,99.00299145299147,99.00299145299147
POP002L09P,2023-01-10,P,POP,559.0000000000001,514,491.00299145299147,441.0,0.919499105545617,0.8783595553720775,45.000000000000114,67.99700854700865,-50.002991452991466
POP002L09P,2023-01-17,P,POP,507.0,613,731.0,660.0,1.2090729783037475,1.4418145956607495,-106.0,-224.0,-71.0
POP002L09P,2023-01-24,P,POP,565.0,576,401.0,534.0,1.0194690265486726,0.7097345132743362,-11.0,164.0,133.0
POP002L09P,2023-01-31,P,POP,1574.0000000000005,1316,896.0,930.0,0.8360864040660735,0.5692503176620075,258.00000000000045,678.0000000000005,34.0
POP002L09P,2023-02-07,P,POP,1502.0000000000002,1316,1049.9970085470086,1699.0,0.8761651131824233,0.6990659178075955,186.00000000000023,452.00299145299164,649.0029914529914
POP002L09P,2023-02-14,P,POP,707.0,1407,1793.0000000000002,1434.0,1.99009900990099,2.5360678925035365,-700.0,-1086.0000000000002,-359.0000000000002
POP002L09P,2023-02-21,P,POP,673.0000000000002,505,700.0,484.775,0.7503714710252598,1.0401188707280828,168.00000000000023,-26.999999999999773,-215.22500000000002
POP002L09P,2023-02-28,P,POP,1666.0000000000005,1107,1028.0,1163.0,0.6644657863145256,0.6170468187274908,559.0000000000005,638.0000000000005,135.0
POP002L09P,2023-03-07,P,POP,1032.0000000000002,1237,857.0,764.0,1.1986434108527129,0.8304263565891471,-204.99999999999977,175.00000000000023,-93.0
POP002L09P,2023-03-14,P,POP,1279.0000000000002,1217,1282.0000000000002,1693.0,0.9515246286161062,1.0023455824863174,62.00000000000023,-3.0,410.9999999999998
POP002L09P,2023-03-21,P,POP,1147.0000000000002,2018,1681.0029914529914,1740.0,1.7593722755013075,1.4655649445972023,-870.9999999999998,-534.0029914529912,58.99700854700859
POP002L09P,2023-03-28,P,POP,1991.0,1316,1879.0000000000005,1727.0,0.6609743847312908,0.9437468608739329,675.0,111.99999999999955,-152.00000000000045
POP002L09P,2023-04-04,P,POP,1790.0,2117,1477.0000000000005,1325.0,1.18268156424581,0.8251396648044695,-327.0,312.99999999999955,-152.00000000000045
POP002L09P,2023-04-11,P,POP,1835.0000000000005,711,1680.0000000000005,1612.0,0.3874659400544958,0.9155313351498637,1124.0000000000005,155.0,-68.00000000000045
POP002L09P,2023-04-18,P,POP,204.0,703,211.0,0.0,3.446078431372549,1.0343137254901962,-499.0,-7.0,-211.0
POP002L09P,2023-04-25,P,POP,971.0,1492,872.0,1750.0,1.536560247167868,0.898043254376931,-521.0,99.0,878.0
POP002L09P,2023-05-02,P,POP,1731.0000000000005,1903,1276.9970085470086,580.0,1.0993645291738876,0.7377221308763768,-171.99999999999955,454.00299145299186,-696.9970085470086
POP002L09P,2023-05-09,P,POP,1517.0,1322,1969.0000000000005,2249.0,0.8714568226763348,1.2979564930784446,195.0,-452.00000000000045,279.99999999999955
POP002L09P,2023-05-16,P,POP,1096.0000000000002,1621,1853.0000000000002,1834.0,1.4790145985401457,1.6906934306569341,-524.9999999999998,-757.0,-19.000000000000227
POP002L09P,2023-05-23,P,POP,858.0000000000001,564,1038.0029914529919,948.0,0.6573426573426573,1.2097936963321583,294.0000000000001,-180.00299145299175,-90.00299145299186
POP002L09P,2023-05-30,P,POP,1191.0000000000005,105,848.0000000000001,439.0,0.08816120906801005,0.7120067170445002,1086.0000000000005,343.00000000000034,-409.0000000000001
POP002L09P,2023-06-06,P,POP,996.0000000000002,1459,828.0000000000001,261.0,1.4648594377510036,0.8313253012048192,-462.9999999999998,168.0000000000001,-567.0000000000001
POP002L09P,2023-06-13,P,POP,1680.0000000000005,1509,1318.0,1370.0,0.8982142857142855,0.7845238095238093,171.00000000000045,362.00000000000045,52.0
POP002L09P,2023-06-20,P,POP,1339.0000000000002,1712,1697.9970085470088,1781.0,1.2785660941000745,1.2681082961516121,-372.9999999999998,-358.9970085470086,83.00299145299118
POP002L09P,2023-06-27,P,POP,842.0000000000001,0,187.0,365.0,0.0,0.2220902612826603,842.0000000000001,655.0000000000001,178.0
POP002L09P,2023-07-04,P,POP,2008.0000000000005,1054,1410.0000000000002,967.0,0.5249003984063744,0.7021912350597609,954.0000000000005,598.0000000000002,-443.0000000000002
POP002L09P,2023-07-11,P,POP,909.0000000000001,1005,1005.0000000000001,1004.0,1.1056105610561056,1.1056105610561056,-95.99999999999989,-96.0,-1.0000000000001137
POP002L09P,2023-07-18,P,POP,1172.0000000000005,2304,1878.0000000000005,2763.0,1.9658703071672348,1.6023890784982933,-1131.9999999999995,-706.0,884.9999999999995
POP002L09P,2023-07-25,P,POP,1357.0000000000005,1713,2089.0000000000005,1681.0,1.2623434045689015,1.5394252026529107,-355.99999999999955,-732.0,-408.00000000000045
POP002L09P,2023-08-01,P,POP,1253.0000000000005,1111,1069.0000000000002,1256.0,0.8866719872306461,0.8531524341580207,142.00000000000045,184.00000000000023,186.99999999999977
POP002L09P,2023-08-08,P,POP,0.0,0,53.00000000000001,20.0,,,0.0,-53.00000000000001,-33.00000000000001
POP005L04P,2022-12-27,P,POP,153.0,150,17.00098901098901,25.0,0.9803921568627451,0.11111757523522228,3.0,135.999010989011,7.999010989010991
POP005L04P,2023-01-03,P,POP,229.0,200,206.0,230.0,0.8733624454148472,0.8995633187772926,29.0,23.0,24.0
POP005L04P,2023-01-10,P,POP,230.0,200,286.999010989011,302.0,0.8695652173913043,1.2478217869087436,30.0,-56.999010989011026,15.000989010988974
POP005L04P,2023-01-17,P,POP,510.0,350,428.0,370.0,0.6862745098039216,0.8392156862745098,160.0,82.0,-58.0
POP005L04P,2023-01-24,P,POP,273.0,600,364.0,451.0,2.197802197802198,1.3333333333333333,-327.0,-91.0,87.0
POP005L04P,2023-01-31,P,POP,980.0,710,236.0,454.999,0.7244897959183674,0.24081632653061225,270.0,744.0,218.99900000000002
POP005L04P,2023-02-07,P,POP,439.0,502,902.0000000000001,933.0,1.143507972665148,2.0546697038724377,-63.0,-463.0000000000001,30.999999999999886
POP005L04P,2023-02-14,P,POP,347.0,802,549.0,607.0,2.3112391930835736,1.5821325648414986,-455.0,-202.0,58.0
POP005L04P,2023-02-21,P,POP,299.0,0,277.0,279.0,0.0,0.9264214046822743,299.0,22.0,2.0
POP005L04P,2023-02-28,P,POP,847.0,700,510.0,458.0,0.8264462809917356,0.602125147579693,147.0,337.0,-52.0
POP005L04P,2023-03-07,P,POP,761.0,806,831.0,937.0,1.0591327201051248,1.0919842312746386,-45.0,-70.0,106.0
POP005L04P,2023-03-14,P,POP,1265.0,1006,1014.0,976.0,0.7952569169960474,0.8015810276679842,259.0,251.0,-38.0
POP005L04P,2023-03-21,P,POP,689.0,1020,1059.0,1144.0,1.4804063860667633,1.537010159651669,-331.0,-370.0,85.0
POP005L04P,2023-03-28,P,POP,845.0,1106,839.0,705.0,1.3088757396449704,0.9928994082840237,-261.0,6.0,-134.0
POP005L04P,2023-04-04,P,POP,862.0000000000001,804,970.0,1174.0,0.9327146171693734,1.125290023201856,58.000000000000114,-107.99999999999989,204.0
POP005L04P,2023-04-11,P,POP,648.0,700,733.0,798.0,1.0802469135802468,1.1311728395061729,-52.0,-85.0,65.0
POP005L04P,2023-04-18,P,POP,15.0,206,145.0,100.0,13.733333333333333,9.666666666666666,-191.0,-130.0,-45.0
POP005L04P,2023-04-25,P,POP,422.0,1,310.0,186.0,0.002369668246445498,0.7345971563981043,421.0,112.0,-124.0
POP005L04P,2023-05-02,P,POP,600.0,802,133.0,51.0,1.3366666666666667,0.22166666666666668,-202.0,467.0,-82.0
POP005L04P,2023-05-09,P,POP,530.0,501,724.0,1070.0,0.9452830188679245,1.3660377358490565,29.0,-194.0,346.0
POP005L04P,2023-05-16,P,POP,302.0,410,592.0,457.0,1.3576158940397351,1.9602649006622517,-108.0,-290.0,-135.0
POP005L04P,2023-05-23,P,POP,289.0,200,284.0,182.0,0.6920415224913494,0.9826989619377162,89.0,5.0,-102.0
POP005L04P,2023-05-30,P,POP,320.0,200,308.0,171.0,0.625,0.9625,120.0,12.0,-137.0
POP005L04P,2023-06-06,P,POP,492.0,575,219.0,85.0,1.16869918699187,0.4451219512195122,-83.0,273.0,-134.0
POP005L04P,2023-06-13,P,POP,899.0,1200,607.0,1051.0,1.3348164627363737,0.675194660734149,-301.0,292.0,444.0
POP005L04P,2023-06-20,P,POP,704.0,700,1031.0,875.0,0.9943181818181818,1.4644886363636365,4.0,-327.0,-156.0
POP005L04P,2023-06-27,P,POP,166.0,0,164.0,4.0,0.0,0.9879518072289156,166.0,2.0,-160.0
POP005L04P,2023-07-04,P,POP,557.0,300,450.0,181.0,0.5385996409335727,0.8078994614003591,257.0,107.0,-269.0
POP005L04P,2023-07-11,P,POP,225.0,100,366.0,281.0,0.4444444444444444,1.6266666666666667,125.0,-141.0,-85.0
POP005L04P,2023-07-18,P,POP,307.0,100,210.0,109.0,0.3257328990228013,0.6840390879478827,207.0,97.0,-101.0
POP005L04P,2023-07-25,P,POP,391.0,454,442.0,510.0,1.1611253196930946,1.1304347826086956,-63.0,-51.0,68.0
POP005L04P,2023-08-01,P,POP,200.0,152,103.000989010989,107.0,0.76,0.515004945054945,48.0,96.999010989011,3.9990109890109977
POP005L04P,2023-08-08,P,POP,0.0,0,0.0,0.0,,,0.0,0.0,0.0
POP015K,2022-12-27,P,POP,0.0,0,0.0,0.0,,,0.0,0.0,0.0
POP015K,2023-01-03,P,POP,0.0,0,0.0,0.0,,,0.0,0.0,0.0
POP015K,2023-01-10,P,POP,0.0,0,0.0,0.0,,,0.0,0.0,0.0
POP015K,2023-01-17,P,POP,0.0,0,0.0,0.0,,,0.0,0.0,0.0
POP015K,2023-01-24,P,POP,0.0,0,0.0,0.0,,,0.0,0.0,0.0
POP015K,2023-01-31,P,POP,5.0,0,0.0,0.0,0.0,0.0,5.0,5.0,0.0
POP015K,2023-02-07,P,POP,0.0,0,0.0,0.0,,,0.0,0.0,0.0
POP015K,2023-02-14,P,POP,0.0,0,0.0,0.0,,,0.0,0.0,0.0
POP015K,2023-02-21,P,POP,0.0,0,0.0,0.0,,,0.0,0.0,0.0
POP015K,2023-02-28,P,POP,0.0,0,0.0,0.0,,,0.0,0.0,0.0
POP015K,2023-03-07,P,POP,0.0,0,0.0,0.0,,,0.0,0.0,0.0
POP015K,2023-03-14,P,POP,0.0,0,0.0,0.0,,,0.0,0.0,0.0
POP015K,2023-03-21,P,POP,0.0,0,0.0,0.0,,,0.0,0.0,0.0
POP015K,2023-03-28,P,POP,0.0,0,0.0,0.0,,,0.0,0.0,0.0
POP015K,2023-04-04,P,POP,0.0,0,0.0,0.0,,,0.0,0.0,0.0
POP015K,2023-04-11,P,POP,0.0,0,0.0,0.0,,,0.0,0.0,0.0
POP015K,2023-04-18,P,POP,0.0,0,0.0,0.0,,,0.0,0.0,0.0
POP015K,2023-04-25,P,POP,0.0,0,0.0,0.0,,,0.0,0.0,0.0
POP015K,2023-05-02,P,POP,0.0,0,0.0,0.0,,,0.0,0.0,0.0
POP015K,2023-05-09,P,POP,0.0,0,0.0,0.0,,,0.0,0.0,0.0
POP015K,2023-05-16,P,POP,0.0,0,0.0,0.0,,,0.0,0.0,0.0
POP015K,2023-05-23,P,POP,0.0,0,0.0,0.0,,,0.0,0.0,0.0
POP015K,2023-05-30,P,POP,0.0,0,0.0,0.0,,,0.0,0.0,0.0
POP015K,2023-06-06,P,POP,0.0,0,0.0,0.0,,,0.0,0.0,0.0
POP015K,2023-06-13,P,POP,0.0,0,0.0,0.0,,,0.0,0.0,0.0
POP015K,2023-06-20,P,POP,0.0,0,0.0,0.0,,,0.0,0.0,0.0
POP015K,2023-06-27,P,POP,0.0,0,0.0,0.0,,,0.0,0.0,0.0
POP015K,2023-07-04,P,POP,0.0,0,0.0,0.0,,,0.0,0.0,0.0
POP015K,2023-07-11,P,POP,0.0,0,0.0,0.0,,,0.0,0.0,0.0
POP015K,2023-07-18,P,POP,0.0,0,0.0,0.0,,,0.0,0.0,0.0
POP015K,2023-07-25,P,POP,0.0,0,0.0,0.0,,,0.0,0.0,0.0
POP015K,2023-08-01,P,POP,0.0,0,0.0,0.0,,,0.0,0.0,0.0
POP015K,2023-08-08,P,POP,0.0,0,0.0,0.0,,,0.0,0.0,0.0
POP500M24P,2022-12-27,P,POP,637.9999999999999,401,211.0,390.0,0.6285266457680252,0.3307210031347963,236.9999999999999,426.9999999999999,179.0
POP500M24P,2023-01-03,P,POP,1215.0,912,1035.0,777.0,0.7506172839506173,0.8518518518518519,303.0,180.0,-258.0
POP500M24P,2023-01-10,P,POP,1083.0,1159,1140.0,1228.0,1.0701754385964912,1.0526315789473684,-76.0,-57.0,88.0
POP500M24P,2023-01-17,P,POP,855.0,1327,1013.0,862.0,1.552046783625731,1.184795321637427,-472.0,-158.0,-151.0
POP500M24P,2023-01-24,P,POP,961.9999999999999,705,545.0,630.0,0.732848232848233,0.5665280665280666,256.9999999999999,416.9999999999999,85.0
POP500M24P,2023-01-31,P,POP,3042.0,2335,1548.0,2479.686,0.7675871137409599,0.5088757396449705,707.0,1494.0,931.6860000000001
POP500M24P,2023-02-07,P,POP,1932.0,2182,2054.0,2400.0,1.129399585921325,1.0631469979296067,-250.0,-122.0,346.0
POP500M24P,2023-02-14,P,POP,1280.0,2524,2252.0,1709.0,1.971875,1.759375,-1244.0,-972.0,-543.0
POP500M24P,2023-02-21,P,POP,1249.0,701,1594.0,1707.0,0.5612489991993594,1.2762209767814252,548.0,-345.0,113.0
POP500M24P,2023-02-28,P,POP,3129.0,2894,2145.0,2349.0,0.9248961329498242,0.6855225311601151,235.0,984.0,204.0
POP500M24P,2023-03-07,P,POP,2350.0,2540,2746.0,2805.0,1.0808510638297872,1.1685106382978723,-190.0,-396.0,59.0
POP500M24P,2023-03-14,P,POP,2672.0,2509,2328.0,2851.0,0.9389970059880239,0.8712574850299402,163.0,344.0,523.0
POP500M24P,2023-03-21,P,POP,1554.0,2287,2777.0,2451.0,1.4716859716859716,1.787001287001287,-733.0,-1223.0,-326.0
POP500M24P,2023-03-28,P,POP,2726.0,2307,2097.0,2085.0,0.8462949376375642,0.7692589875275129,419.0,629.0,-12.0
POP500M24P,2023-04-04,P,POP,3433.0,2920,3468.9999999999995,3235.0,0.8505680163122633,1.0104864549956305,513.0,-35.999999999999545,-233.99999999999955
POP500M24P,2023-04-11,P,POP,2708.0,3639,2899.0,3075.0,1.3437961595273265,1.0705317577548006,-931.0,-191.0,176.0
POP500M24P,2023-04-18,P,POP,342.0,1011,1069.0,723.0,2.956140350877193,3.125730994152047,-669.0,-727.0,-346.0
POP500M24P,2023-04-25,P,POP,1586.9999999999998,0,783.0,1503.0,0.0,0.49338374291115317,1586.9999999999998,803.9999999999998,720.0
POP500M24P,2023-05-02,P,POP,2717.0,1521,1271.0,585.0,0.5598086124401914,0.46779536253220466,1196.0,1446.0,-686.0
POP500M24P,2023-05-09,P,POP,2052.0,4017,2966.9999999999995,3231.0,1.9576023391812865,1.4459064327485378,-1965.0,-914.9999999999995,264.00000000000045
POP500M24P,2023-05-16,P,POP,2114.0,1708,1882.0,1960.0,0.8079470198675497,0.8902554399243141,406.0,232.0,78.0
POP500M24P,2023-05-23,P,POP,1944.0,1717,2434.0,2660.0,0.8832304526748971,1.2520576131687242,227.0,-490.0,226.0
POP500M24P,2023-05-30,P,POP,2211.0,1209,2407.0,1431.0,0.5468113975576662,1.088647670737223,1002.0,-196.0,-976.0
POP500M24P,2023-06-06,P,POP,1885.0,1607,1798.0,830.0,0.8525198938992042,0.9538461538461539,278.0,87.0,-968.0
POP500M24P,2023-06-13,P,POP,3717.0,4719,2685.0,2370.0,1.2695722356739305,0.7223567393058918,-1002.0,1032.0,-315.0
POP500M24P,2023-06-20,P,POP,3369.0,3821,4062.0,3862.0,1.1341644404867914,1.2056990204808549,-452.0,-693.0,-200.0
POP500M24P,2023-06-27,P,POP,1015.9999999999999,0,943.0000000000001,300.0,0.0,0.9281496062992128,1015.9999999999999,72.99999999999977,-643.0000000000001
POP500M24P,2023-07-04,P,POP,2792.9999999999995,3106,2808.0,2793.0,1.1120658789831723,1.0053705692803439,-313.00000000000045,-15.000000000000455,-15.0
POP500M24P,2023-07-11,P,POP,1788.9999999999998,1212,2113.0,1792.0,0.6774734488541085,1.181106763555059,576.9999999999998,-324.0000000000002,-321.0
POP500M24P,2023-07-18,P,POP,2149.0,2409,2271.9999999999995,1924.0,1.1209865053513262,1.057235923685435,-260.0,-122.99999999999955,-347.99999999999955
POP500M24P,2023-07-25,P,POP,2863.0,3209,3014.0000000000005,3456.0,1.1208522528815927,1.0527418791477472,-346.0,-151.00000000000045,441.99999999999955
POP500M24P,2023-08-01,P,POP,1992.0,2806,2207.0,2183.0,1.4086345381526104,1.1079317269076305,-814.0,-215.0,-24.0
POP500M24P,2023-08-08,P,POP,0.0,0,60.00000000000001,70.0,,,0.0,-60.00000000000001,9.999999999999993
POPF01L12P,2022-12-27,P,POPF,992.9999999999999,314,307.9999999999999,402.0,0.31621349446122865,0.310171198388721,678.9999999999999,685.0,94.00000000000011
POPF01L12P,2023-01-03,P,POPF,1864.0,314,1129.0,1014.0,0.1684549356223176,0.60568669527897,1550.0,735.0,-115.0
POPF01L12P,2023-01-10,P,POPF,1350.0,1408,778.0,757.0,1.0429629629629629,0.5762962962962963,-58.0,572.0,-21.0
POPF01L12P,2023-01-17,P,POPF,1135.0,2818,1977.0,2288.0,2.482819383259912,1.7418502202643171,-1683.0,-842.0,311.0
POPF01L12P,2023-01-24,P,POPF,2429.0,2134,2636.0,2471.0,0.8785508439687114,1.0852202552490737,295.0,-207.0,-165.0
POPF01L12P,2023-01-31,P,POPF,4147.0,2196,1216.0,2376.5,0.5295394260911502,0.2932240173619484,1951.0,2931.0,1160.5
POPF01L12P,2023-02-07,P,POPF,2450.0,2547,3620.0,3804.0,1.039591836734694,1.4775510204081632,-97.0,-1170.0,184.0
POPF01L12P,2023-02-14,P,POPF,988.0,1266,1877.0000000000002,1684.0,1.2813765182186234,1.8997975708502026,-278.0,-889.0000000000002,-193.00000000000023
POPF01L12P,2023-02-21,P,POPF,540.0000000000001,2781,750.0,1470.0,5.149999999999999,1.3888888888888886,-2241.0,-209.9999999999999,720.0
POPF01L12P,2023-02-28,P,POPF,1370.0,1849,1750.0,1335.0,1.3496350364963503,1.2773722627737227,-479.0,-380.0,-415.0
POPF01L12P,2023-03-07,P,POPF,1121.0,1186,1492.0000000000002,1471.0,1.0579839429081177,1.3309545049063338,-65.0,-371.0000000000002,-21.000000000000227
POPF01L12P,2023-03-14,P,POPF,2930.0,2157,1656.0,1875.0,0.7361774744027304,0.5651877133105802,773.0,1274.0,219.0
POPF01L12P,2023-03-21,P,POPF,736.0,1755,2912.0,2770.0,2.3845108695652173,3.9565217391304346,-1019.0,-2176.0,-142.0
POPF01L12P,2023-03-28,P,POPF,2358.0,1514,1898.0,1943.0,0.642069550466497,0.804919423240034,844.0,460.0,45.0
POPF01L12P,2023-04-04,P,POPF,908.0,1974,1311.0000000000002,1730.0,2.1740088105726874,1.443832599118943,-1066.0,-403.0000000000002,418.9999999999998
POPF01L12P,2023-04-11,P,POPF,567.0,0,469.0,50.0,0.0,0.8271604938271605,567.0,98.0,-419.0
POPF01L12P,2023-04-18,P,POPF,250.0,448,464.0,420.0,1.792,1.856,-198.0,-214.0,-44.0
POPF01L12P,2023-04-25,P,POPF,1106.0,0,1013.9999999999999,795.0,0.0,0.9168173598553344,1106.0,92.00000000000011,-218.9999999999999
POPF01L12P,2023-05-02,P,POPF,616.0,553,106.91602564102564,175.0,0.8977272727272727,0.1735649766899767,63.0,509.0839743589744,68.08397435897436
POPF01L12P,2023-05-09,P,POPF,801.0,450,812.0,790.0,0.5617977528089888,1.013732833957553,351.0,-11.0,-22.0
POPF01L12P,2023-05-16,P,POPF,485.0,1924,738.9999999999999,1322.0,3.9670103092783506,1.5237113402061853,-1439.0,-253.9999999999999,583.0000000000001
POPF01L12P,2023-05-23,P,POPF,325.0,503,650.0839743589743,210.0,1.5476923076923077,2.000258382642998,-178.0,-325.0839743589743,-440.0839743589743
POPF01L12P,2023-05-30,P,POPF,333.0,0,282.0,170.0,0.0,0.8468468468468469,333.0,51.0,-112.0
POPF01L12P,2023-06-06,P,POPF,469.0,600,299.9160256410256,200.0,1.279317697228145,0.639479798808157,-131.0,169.0839743589744,-99.91602564102561
POPF01L12P,2023-06-13,P,POPF,2409.0,1448,1068.0,900.0,0.6010792860107929,0.44333748443337484,961.0,1341.0,-168.0
POPF01L12P,2023-06-20,P,POPF,1472.0,500,1730.0839743589743,1650.0,0.33967391304347827,1.175328786928651,972.0,-258.0839743589743,-80.08397435897427
POPF01L12P,2023-06-27,P,POPF,349.0,0,449.0,100.0,0.0,1.2865329512893984,349.0,-100.0,-349.0
POPF01L12P,2023-07-04,P,POPF,613.0,1221,453.0,399.0,1.9918433931484503,0.7389885807504079,-608.0,160.0,-54.0
POPF01L12P,2023-07-11,P,POPF,1683.0,505,637.0,1006.0,0.30005941770647654,0.37849079025549615,1178.0,1046.0,369.0
POPF01L12P,2023-07-18,P,POPF,802.9999999999999,1761,1912.9999999999995,1582.0,2.193026151930262,2.382316313823163,-958.0000000000001,-1109.9999999999995,-330.99999999999955
POPF01L12P,2023-07-25,P,POPF,905.0,814,946.0,891.0,0.8994475138121547,1.0453038674033148,91.0,-41.0,-55.0
POPF01L12P,2023-08-01,P,POPF,1535.0,2260,1036.0,848.0,1.4723127035830619,0.6749185667752443,-725.0,499.0,-188.0
POPF01L12P,2023-08-08,P,POPF,0.0,41,0.0,0.0,,,-41.0,0.0,0.0
POV001L24P,2022-12-27,P,POV,3106.0,1005,1679.0,1640.0,0.32356728911783644,0.5405666452028333,2101.0,1427.0,-39.0
POV001L24P,2023-01-03,P,POV,6363.0,6607,6179.0,5636.0,1.0383466918120383,0.9710828225679711,-244.0,184.0,-543.0
POV001L24P,2023-01-10,P,POV,6035.0,4967,5868.0,6338.0,0.8230323115161557,0.9723280861640431,1068.0,167.0,470.0
POV001L24P,2023-01-17,P,POV,7676.0,8409,7738.0,8054.0,1.0954924439812401,1.0080771235018238,-733.0,-62.0,316.0
POV001L24P,2023-01-24,P,POV,7668.0,7329,6441.0,6251.0,0.9557902973395931,0.8399843505477308,339.0,1227.0,-190.0
POV001L24P,2023-01-31,P,POV,17564.0,11187,9733.0,8816.0,0.6369278068777044,0.5541448417217035,6377.0,7831.0,-917.0
POV001L24P,2023-02-07,P,POV,15433.0,16054,13935.0,16710.0,1.0402384500745157,0.9029352685803149,-621.0,1498.0,2775.0
POV001L24P,2023-02-14,P,POV,9222.0,18243,15758.0,15831.0,1.9782042940793754,1.7087399696378227,-9021.0,-6536.0,73.0
POV001L24P,2023-02-21,P,POV,7304.0,7532,11477.0,10495.734,1.0312157721796276,1.5713307776560788,-228.0,-4173.0,-981.2659999999996
POV001L24P,2023-02-28,P,POV,14141.0,11527,10555.0,10284.0,0.8151474436037055,0.7464111448978149,2614.0,3586.0,-271.0
POV001L24P,2023-03-07,P,POV,19857.999999999996,11264,12262.0,11572.0,0.5672273139288952,0.6174841373753652,8593.999999999996,7595.999999999996,-690.0
POV001L24P,2023-03-14,P,POV,18206.0,25761,23064.0,23590.0,1.4149730857958915,1.2668351093046248,-7555.0,-4858.0,526.0
POV001L24P,2023-03-21,P,POV,16748.0,15141,19087.0,20501.0,0.9040482445665154,1.1396584666825889,1607.0,-2339.0,1414.0
POV001L24P,2023-03-28,P,POV,11817.0,19560,14682.0,17888.0,1.6552424473216552,1.2424473216552425,-7743.0,-2865.0,3206.0
POV001L24P,2023-04-04,P,POV,16868.999999999996,14973,15807.0,14471.0,0.8876044815934556,0.9370442824115243,1895.9999999999964,1061.9999999999964,-1336.0
POV001L24P,2023-04-11,P,POV,15964.0,15344,16307.0,14743.0,0.9611626158857429,1.021485843147081,620.0,-343.0,-1564.0
POV001L24P,2023-04-18,P,POV,2450.0,6848,5968.0,5890.0,2.7951020408163267,2.4359183673469387,-4398.0,-3518.0,-78.0
POV001L24P,2023-04-25,P,POV,10589.0,0,6970.0,4164.0,0.0,0.6582302389271886,10589.0,3619.0,-2806.0
POV001L24P,2023-05-02,P,POV,12881.000000000002,11835,5596.0,6962.0,0.9187951246021271,0.43443832000621063,1046.0000000000018,7285.000000000002,1366.0
POV001L24P,2023-05-09,P,POV,8709.0,17054,15883.0,17145.0,1.958204156619589,1.8237455505798599,-8345.0,-7174.0,1262.0
POV001L24P,2023-05-16,P,POV,8967.0,10046,10814.0,9827.0,1.1203300992528158,1.2059774729563957,-1079.0,-1847.0,-987.0
POV001L24P,2023-05-23,P,POV,6812.0,4009,8076.0,7014.0,0.5885202583675866,1.185554903112155,2803.0,-1264.0,-1062.0
POV001L24P,2023-05-30,P,POV,7397.0,3706,5542.0,4915.0,0.5010139245640124,0.7492226578342571,3691.0,1855.0,-627.0
POV001L24P,2023-06-06,P,POV,8090.0,4972,6483.0,2977.0,0.6145859085290482,0.8013597033374537,3118.0,1607.0,-3506.0
POV001L24P,2023-06-13,P,POV,11451.0,12537,9677.0,10101.0,1.09483887870055,0.8450790323989171,-1086.0,1774.0,424.0
POV001L24P,2023-06-20,P,POV,17721.999999999996,20722,21004.0,19212.0,1.1692811195124706,1.1851935447466428,-3000.0000000000036,-3282.0000000000036,-1792.0
POV001L24P,2023-06-27,P,POV,3221.0,0,2706.0,1635.0,0.0,0.8401117665321329,3221.0,515.0,-1071.0
POV001L24P,2023-07-04,P,POV,14883.0,15741,13019.0,14781.0,1.057649667405765,0.8747564335147484,-858.0,1864.0,1762.0
POV001L24P,2023-07-11,P,POV,7812.000000000001,11543,11165.0,9705.0,1.4775985663082436,1.42921146953405,-3730.999999999999,-3352.999999999999,-1460.0
POV001L24P,2023-07-18,P,POV,11847.0,9743,10791.0,11171.0,0.8224022959399004,0.9108635097493036,2104.0,1056.0,380.0
POV001L24P,2023-07-25,P,POV,18284.999999999996,20278,19270.0,18989.0,1.1089964451736398,1.0538692917692098,-1993.0000000000036,-985.0000000000036,-281.0
POV001L24P,2023-08-01,P,POV,9478.000000000002,9206,9989.0,10175.0,0.971301962439333,1.053914327917282,272.0000000000018,-510.9999999999982,186.0
POV001L24P,2023-08-08,P,POV,0.0,1404,435.9999999999999,740.0,,,-1404.0,-435.9999999999999,304.0000000000001
POV002L09P,2022-12-27,P,POV,952.9999999999998,305,429.0000000000001,518.0,0.32004197271773355,0.45015739769150076,647.9999999999998,523.9999999999997,88.99999999999989
POV002L09P,2023-01-03,P,POV,2007.0000000000005,1510,1779.0,1909.0,0.7523667164922768,0.8863976083707024,497.00000000000045,228.00000000000045,130.0
POV002L09P,2023-01-10,P,POV,1440.0000000000002,1716,1398.0,1645.0,1.1916666666666664,0.9708333333333332,-275.9999999999998,42.00000000000023,247.0
POV002L09P,2023-01-17,P,POV,1866.0000000000005,1639,2062.0,1711.0,0.8783494105037511,1.1050375133976418,227.00000000000045,-195.99999999999955,-351.0
POV002L09P,2023-01-24,P,POV,1965.0000000000005,2319,1574.0000000000002,1609.0,1.180152671755725,0.8010178117048345,-353.99999999999955,391.0000000000002,34.99999999999977
POV002L09P,2023-01-31,P,POV,4555.0,3617,2764.0,3037.0,0.794072447859495,0.6068057080131724,938.0,1791.0,273.0
POV002L09P,2023-02-07,P,POV,4053.0,4440,4699.000000000001,4865.107,1.0954848260547743,1.1593881075746364,-387.0,-646.0000000000009,166.10699999999906
POV002L09P,2023-02-14,P,POV,2682.0000000000005,4048,3663.0,3576.0,1.5093214019388514,1.3657718120805367,-1365.9999999999995,-980.9999999999995,-87.0
POV002L09P,2023-02-21,P,POV,2626.0,2317,2830.0000000000005,2793.0,0.8823305407463823,1.0776846915460778,309.0,-204.00000000000045,-37.000000000000455
POV002L09P,2023-02-28,P,POV,5875.0,3478,4361.0,4307.673,0.592,0.7422978723404255,2397.0,1514.0,-53.327000000000226
POV002L09P,2023-03-07,P,POV,2665.0,5032,2904.000000000001,3044.0,1.8881801125703566,1.0896810506566608,-2367.0,-239.0000000000009,139.9999999999991
POV002L09P,2023-03-14,P,POV,7111.999999999999,3918,5490.0,5736.0,0.5508998875140608,0.7719347581552307,3193.999999999999,1621.999999999999,246.0
POV002L09P,2023-03-21,P,POV,7596.000000000002,9654,8540.0,9021.0,1.2709320695102682,1.1242759347024747,-2057.999999999998,-943.9999999999982,481.0
POV002L09P,2023-03-28,P,POV,5924.0,5362,6417.0,5872.0,0.9051316677920324,1.0832207967589467,562.0,-493.0,-545.0
POV002L09P,2023-04-04,P,POV,6740.999999999999,7723,5747.0,5847.0,1.145675715769174,0.8525441329179648,-982.0000000000009,993.9999999999991,100.0
POV002L09P,2023-04-11,P,POV,5317.0,3327,6041.000000000001,5586.0,0.6257287944329509,1.1361670114726352,1990.0,-724.0000000000009,-455.0000000000009
POV002L09P,2023-04-18,P,POV,1086.0,4752,2272.0,2865.0,4.375690607734807,2.0920810313075506,-3666.0,-1186.0,593.0
POV002L09P,2023-04-25,P,POV,4201.0,1994,3248.0,3080.0,0.47464889312068553,0.7731492501785289,2207.0,953.0,-168.0
POV002L09P,2023-05-02,P,POV,4889.0,5026,2863.0,3174.0,1.0280220904070363,0.5856003272652894,-137.0,2026.0,311.0
POV002L09P,2023-05-09,P,POV,4493.0,5831,7224.0,7050.0,1.2977965724460272,1.6078344090807923,-1338.0,-2731.0,-174.0
POV002L09P,2023-05-16,P,POV,3445.0,4916,4217.000000000001,3937.0,1.4269956458635704,1.224092888243832,-1471.0,-772.0000000000009,-280.0000000000009
POV002L09P,2023-05-23,P,POV,2486.0,1305,2900.0000000000005,2431.0,0.5249396621078037,1.1665325824617863,1181.0,-414.00000000000045,-469.00000000000045
POV002L09P,2023-05-30,P,POV,2585.0,314,1877.0000000000005,1158.0,0.12147001934235976,0.7261121856866539,2271.0,707.9999999999995,-719.0000000000005
POV002L09P,2023-06-06,P,POV,2754.0,4210,2319.0,1093.0,1.5286855482933914,0.8420479302832244,-1456.0,435.0,-1226.0
POV002L09P,2023-06-13,P,POV,3901.0,1513,2636.0000000000005,3150.0,0.38784926941809794,0.6757241732889004,2388.0,1264.9999999999995,513.9999999999995
POV002L09P,2023-06-20,P,POV,4635.0,5512,4724.8899877899885,4675.0,1.189212513484358,1.0193937406235143,-877.0,-89.88998778998848,-49.88998778998848
POV002L09P,2023-06-27,P,POV,1296.0,522,1129.0,964.0,0.4027777777777778,0.871141975308642,774.0,167.0,-165.0
POV002L09P,2023-07-04,P,POV,6286.0,3925,4203.110012210012,3334.0,0.6244034362074451,0.6686461998425092,2361.0,2082.8899877899876,-869.1100122100124
POV002L09P,2023-07-11,P,POV,2564.0000000000005,4041,4478.0,4027.0,1.5760530421216845,1.7464898595943834,-1476.9999999999995,-1913.9999999999995,-451.0
POV002L09P,2023-07-18,P,POV,4714.0,8372,5993.0,8016.0,1.7759864234196012,1.2713194739075095,-3658.0,-1279.0,2023.0
POV002L09P,2023-07-25,P,POV,5634.000000000001,6839,6940.0,6165.0,1.2138800141995028,1.2318068867589633,-1204.999999999999,-1305.999999999999,-775.0
POV002L09P,2023-08-01,P,POV,3023.0,5610,3016.0000000000005,3952.0,1.8557724115117433,0.9976844194508767,-2587.0,6.999999999999545,935.9999999999995
POV002L09P,2023-08-08,P,POV,0.0,0,206.0,150.0,,,0.0,-206.0,-56.0
POV005L04P,2022-12-27,P,POV,508.0000000000001,154,157.0,188.0,0.3031496062992125,0.30905511811023617,354.0000000000001,351.0000000000001,31.0
POV005L04P,2023-01-03,P,POV,1241.0,901,1208.0,1209.0,0.726027397260274,0.9734085414987913,340.0,33.0,1.0
POV005L04P,2023-01-10,P,POV,1051.0,1207,1234.0,1284.0,1.148430066603235,1.1741198858230257,-156.0,-183.0,50.0
POV005L04P,2023-01-17,P,POV,1278.0,1054,1137.0,1011.0,0.8247261345852895,0.8896713615023474,224.0,141.0,-126.0
POV005L04P,2023-01-24,P,POV,1022.0,1200,815.0,935.0,1.1741682974559686,0.7974559686888454,-178.0,207.0,120.0
POV005L04P,2023-01-31,P,POV,2477.0,1344,1779.0,1647.75,0.5425918449737586,0.7182075090835688,1133.0,698.0,-131.25
POV005L04P,2023-02-07,P,POV,2308.0,2808,2217.0,2556.0,1.216637781629116,0.9605719237435009,-500.0,91.0,339.0
POV005L04P,2023-02-14,P,POV,1206.0,2602,1910.0,1958.0,2.157545605306799,1.5837479270315091,-1396.0,-704.0,48.0
POV005L04P,2023-02-21,P,POV,1462.0,1001,1520.0,1405.0,0.6846785225718194,1.039671682626539,461.0,-58.0,-115.0
POV005L04P,2023-02-28,P,POV,3497.0,1952,2529.0,2370.0,0.5581927366313983,0.7231913068344296,1545.0,968.0,-159.0
POV005L04P,2023-03-07,P,POV,3664.0,3805,2495.0,2626.0,1.0384825327510918,0.6809497816593887,-141.0,1169.0,131.0
POV005L04P,2023-03-14,P,POV,4081.0,4941,4960.0,5087.0,1.2107326635628521,1.215388385199706,-860.0,-879.0,127.0
POV005L04P,2023-03-21,P,POV,5834.0,4200,5190.0,5299.0,0.7199177236887213,0.8896126157010628,1634.0,644.0,109.0
POV005L04P,2023-03-28,P,POV,3151.0,5613,4475.0,4848.0,1.78133925737861,1.4201840685496667,-2462.0,-1324.0,373.0
POV005L04P,2023-04-04,P,POV,3965.0,3730,4059.0,3978.0,0.9407313997477932,1.0237074401008828,235.0,-94.0,-81.0
POV005L04P,2023-04-11,P,POV,3268.0,3102,3298.0,3009.0,0.9492044063647491,1.0091799265605874,166.0,-30.0,-289.0
POV005L04P,2023-04-18,P,POV,575.0,2449,1337.0,1370.0,4.259130434782609,2.325217391304348,-1874.0,-762.0,33.0
POV005L04P,2023-04-25,P,POV,1480.0,0,1083.0,837.0,0.0,0.7317567567567568,1480.0,397.0,-246.0
POV005L04P,2023-05-02,P,POV,2877.0,2900,1256.0,1444.0,1.007994438651373,0.43656586722280155,-23.0,1621.0,188.0
POV005L04P,2023-05-09,P,POV,2568.0,3197,3709.0,4114.0,1.2449376947040498,1.4443146417445483,-629.0,-1141.0,405.0
POV005L04P,2023-05-16,P,POV,1403.0,1516,1979.0,1485.0,1.0805416963649324,1.4105488239486814,-113.0,-576.0,-494.0
POV005L04P,2023-05-23,P,POV,1027.0,905,1233.0,1002.0,0.881207400194742,1.2005842259006816,122.0,-206.0,-231.0
POV005L04P,2023-05-30,P,POV,949.0000000000001,409,796.0000000000001,830.0,0.43097997892518436,0.8387776606954689,540.0000000000001,153.0,33.999999999999886
POV005L04P,2023-06-06,P,POV,1393.0,1205,1023.0,439.0,0.8650394831299354,0.7343862167982771,188.0,370.0,-584.0
POV005L04P,2023-06-13,P,POV,2148.0,2200,1879.0,1856.0,1.0242085661080074,0.8747672253258846,-52.0,269.0,-23.0
POV005L04P,2023-06-20,P,POV,3064.0,2500,3601.0,2985.0,0.8159268929503917,1.1752610966057442,564.0,-537.0,-616.0
POV005L04P,2023-06-27,P,POV,440.0,1,306.0,229.0,0.0022727272727272726,0.6954545454545454,439.0,134.0,-77.0
POV005L04P,2023-07-04,P,POV,2505.0,3552,1989.0,2449.0,1.4179640718562874,0.7940119760479042,-1047.0,516.0,460.0
POV005L04P,2023-07-11,P,POV,1165.0,501,1771.0,1200.0,0.43004291845493564,1.5201716738197424,664.0,-606.0,-571.0
POV005L04P,2023-07-18,P,POV,1346.0,1520,1568.0,1709.0,1.1292719167904903,1.1649331352154533,-174.0,-222.0,141.0
POV005L04P,2023-07-25,P,POV,2529.0,2704,2547.0000000000005,2533.0,1.0691973111901938,1.0071174377224201,-175.0,-18.000000000000455,-14.000000000000455
POV005L04P,2023-08-01,P,POV,1875.0,1285,1544.0,1475.0,0.6853333333333333,0.8234666666666667,590.0,331.0,-69.0
POV005L04P,2023-08-08,P,POV,0.0,0,140.0,50.0,,,0.0,-140.0,-90.0
POV500M24P,2022-12-27,P,POV,1908.0,808,1525.0,1282.0,0.42348008385744235,0.799266247379455,1100.0,383.0,-243.0
POV500M24P,2023-01-03,P,POV,4408.0,3522,3744.0000000000005,3746.0,0.7990018148820327,0.8493647912885663,886.0,663.9999999999995,1.9999999999995453
POV500M24P,2023-01-10,P,POV,4226.0,4516,4007.0,4818.0,1.0686228111689542,0.9481779460482725,-290.0,219.0,811.0
POV500M24P,2023-01-17,P,POV,4070.0,4819,4597.0,4632.0,1.184029484029484,1.1294840294840296,-749.0,-527.0,35.0
POV500M24P,2023-01-24,P,POV,4212.0,3517,3447.0,2639.0,0.8349952516619183,0.8183760683760684,695.0,765.0,-808.0
POV500M24P,2023-01-31,P,POV,9601.0,8796,5521.0,5869.0,0.9161545672325799,0.5750442662222686,805.0,4080.0,348.0
POV500M24P,2023-02-07,P,POV,7900.000000000001,6556,9100.0,9939.0,0.8298734177215189,1.1518987341772151,1344.000000000001,-1199.999999999999,839.0
POV500M24P,2023-02-14,P,POV,5189.0,9032,7027.0,6827.0,1.7406051262285605,1.354210830603199,-3843.0,-1838.0,-200.0
POV500M24P,2023-02-21,P,POV,4558.0,5877,6268.0,5625.8240000000005,1.2893813075910487,1.3751645458534445,-1319.0,-1710.0,-642.1759999999995
POV500M24P,2023-02-28,P,POV,8847.0,5893,6506.0,6976.0,0.6661015033344636,0.7353905278625523,2954.0,2341.0,470.0
POV500M24P,2023-03-07,P,POV,11195.0,6254,7350.0,6926.0,0.5586422510049129,0.6565430995980348,4941.0,3845.0,-424.0
POV500M24P,2023-03-14,P,POV,8854.0,14464,11728.0,12162.0,1.63361192681274,1.3245990512762593,-5610.0,-2874.0,434.0
POV500M24P,2023-03-21,P,POV,8330.0,9890,9354.0,9861.0,1.1872749099639857,1.1229291716686676,-1560.0,-1024.0,507.0
POV500M24P,2023-03-28,P,POV,6128.999999999999,7722,7985.0,9915.0,1.259911894273128,1.3028226464349815,-1593.000000000001,-1856.000000000001,1930.0
POV500M24P,2023-04-04,P,POV,8170.000000000001,7321,7501.0,7688.0,0.8960832313341492,0.9181150550795593,849.0000000000009,669.0000000000009,187.0
POV500M24P,2023-04-11,P,POV,7792.0,7717,8487.0,7262.0,0.9903747433264887,1.0891940451745379,75.0,-695.0,-1225.0
POV500M24P,2023-04-18,P,POV,1070.0,3773,2328.0,2114.0,3.5261682242990653,2.175700934579439,-2703.0,-1258.0,-214.0
POV500M24P,2023-04-25,P,POV,5734.0,0,4609.0,3220.0,0.0,0.8038018835019184,5734.0,1125.0,-1389.0
POV500M24P,2023-05-02,P,POV,6671.0,5709,3124.0,2520.0,0.8557937340728526,0.4682956078548943,962.0,3547.0,-604.0
POV500M24P,2023-05-09,P,POV,5204.0,9135,7878.0,9024.0,1.755380476556495,1.5138355111452728,-3931.0,-2674.0,1146.0
POV500M24P,2023-05-16,P,POV,5088.0,3535,6543.0,5905.0,0.6947720125786163,1.2859669811320755,1553.0,-1455.0,-638.0
POV500M24P,2023-05-23,P,POV,5424.0,4083,5441.0,5214.0,0.7527654867256637,1.0031342182890854,1341.0,-17.0,-227.0
POV500M24P,2023-05-30,P,POV,4907.0,2033,3972.0,3342.0,0.41430609333605056,0.809455879356022,2874.0,935.0,-630.0
POV500M24P,2023-06-06,P,POV,6254.000000000001,4353,4723.0,2012.0,0.6960345378957467,0.7551966741285576,1901.000000000001,1531.000000000001,-2711.0
POV500M24P,2023-06-13,P,POV,7423.000000000001,10033,7159.0,7828.0,1.3516098612420853,0.9644348646099958,-2609.999999999999,264.0000000000009,669.0
POV500M24P,2023-06-20,P,POV,10256.0,12438,12292.0,11671.0,1.2127535101404057,1.1985179407176287,-2182.0,-2036.0,-621.0
POV500M24P,2023-06-27,P,POV,1772.0,0,1265.0,645.0,0.0,0.713882618510158,1772.0,507.0,-620.0
POV500M24P,2023-07-04,P,POV,8838.0,7670,7374.0,8711.0,0.8678434034849514,0.8343516632722335,1168.0,1464.0,1337.0
POV500M24P,2023-07-11,P,POV,4199.0,3919,7140.0,5127.0,0.9333174565372708,1.7004048582995952,280.0,-2941.0,-2013.0
POV500M24P,2023-07-18,P,POV,6595.0,7323,5603.0,6082.0,1.1103866565579985,0.8495830174374526,-728.0,992.0,479.0
POV500M24P,2023-07-25,P,POV,9715.0,10426,10258.0,10610.0,1.0731857951621204,1.0558929490478641,-711.0,-543.0,352.0
POV500M24P,2023-08-01,P,POV,5062.000000000001,5519,5253.0,4613.0,1.0902805215329907,1.0377321216910311,-456.9999999999991,-190.9999999999991,-640.0
POV500M24P,2023-08-08,P,POV,0.0,0,231.0,593.0,,,0.0,-231.0,362.0
SE200G24P,2022-12-27,S,SE,334.0,0,55.22895833333333,246.0,0.0,0.1653561626746507,334.0,278.7710416666667,190.77104166666666
SE200G24P,2023-01-03,S,SE,536.0,462,682.0,466.0,0.8619402985074627,1.2723880597014925,74.0,-146.0,-216.0
SE200G24P,2023-01-10,S,SE,306.0,598,525.7710416666666,599.0,1.9542483660130718,1.7182060185185184,-292.0,-219.77104166666663,73.22895833333337
SE200G24P,2023-01-17,S,SE,460.0,656,550.2079166666667,551.0,1.4260869565217391,1.1961041666666667,-196.0,-90.20791666666673,0.7920833333332666
SE200G24P,2023-01-24,S,SE,298.0,330,289.7920833333333,176.0,1.1073825503355705,0.9724566554809843,-32.0,8.207916666666677,-113.79208333333332
SE200G24P,2023-01-31,S,SE,549.4200000000001,416,623.0,660.0,0.7571620982126606,1.1339230461213643,133.42000000000007,-73.57999999999993,37.0
SE200G24P,2023-02-07,S,SE,737.0,804,543.0000000000001,820.0,1.0909090909090908,0.7367706919945728,-67.0,193.9999999999999,276.9999999999999
SE200G24P,2023-02-14,S,SE,1077.25,800,811.0,540.0,0.7426317010907403,0.752842886980738,277.25,266.25,-271.0
SE200G24P,2023-02-21,S,SE,912.0,1352,961.0,1012.0,1.4824561403508771,1.0537280701754386,-440.0,-49.0,51.0
SE200G24P,2023-02-28,S,SE,685.0,601,1000.0,1105.0,0.8773722627737226,1.4598540145985401,84.0,-315.0,105.0
SE200G24P,2023-03-07,S,SE,420.0,402,451.0,198.0,0.9571428571428572,1.0738095238095238,18.0,-31.0,-253.0
SE200G24P,2023-03-14,S,SE,438.0000000000001,500,328.0,420.0,1.1415525114155247,0.7488584474885843,-61.999999999999886,110.00000000000011,92.0
SE200G24P,2023-03-21,S,SE,658.0,250,625.0,570.0,0.3799392097264438,0.9498480243161094,408.0,33.0,-55.0
SE200G24P,2023-03-28,S,SE,200.38,554,534.0,524.0,2.7647469807366005,2.6649366204211997,-353.62,-333.62,-10.0
SE200G24P,2023-04-04,S,SE,374.0420833333334,377,319.9929166666667,385.0,1.0079079782689335,0.8554997710819081,-2.9579166666666197,54.04916666666668,65.0070833333333
SE200G24P,2023-04-11,S,SE,471.0,500,341.0,425.0,1.0615711252653928,0.7239915074309978,-29.0,130.0,84.0
SE200G24P,2023-04-18,S,SE,77.00000000000001,2,240.0,130.0,0.02597402597402597,3.116883116883116,75.00000000000001,-163.0,-110.0
SE200G24P,2023-04-25,S,SE,284.0,201,191.0,229.0,0.7077464788732394,0.6725352112676056,83.0,93.0,38.0
SE200G24P,2023-05-02,S,SE,524.2079166666667,694,459.0070833333333,460.0,1.3239021730404363,0.8756202810748596,-169.79208333333327,65.20083333333343,0.9929166666667015
SE200G24P,2023-05-09,S,SE,200.0,8,344.9929166666667,243.0,0.04,1.7249645833333336,192.0,-144.9929166666667,-101.9929166666667
SE200G24P,2023-05-16,S,SE,319.1670833333334,311,205.00708333333333,241.0,0.974411260559712,0.6423190048054767,8.16708333333338,114.16000000000005,35.99291666666667
SE200G24P,2023-05-23,S,SE,155.0,190,281.0,190.0,1.2258064516129032,1.8129032258064517,-35.0,-126.0,-91.0
SE200G24P,2023-05-30,S,SE,173.25,200,120.0,202.0,1.1544011544011543,0.6926406926406926,-26.75,53.25,82.0
SE200G24P,2023-06-06,S,SE,303.0,216,244.00000000000003,224.0,0.7128712871287128,0.8052805280528054,87.0,58.99999999999997,-20.00000000000003
SE200G24P,2023-06-13,S,SE,309.4579166666667,401,334.0,315.0,1.295814320471685,1.0793066908666902,-91.54208333333332,-24.542083333333323,-19.0
SE200G24P,2023-06-20,S,SE,278.0,303,304.0,201.0,1.089928057553957,1.0935251798561152,-25.0,-26.0,-103.0
SE200G24P,2023-06-27,S,SE,83.0,0,57.00000000000001,0.0,0.0,0.6867469879518073,83.0,25.999999999999993,-57.00000000000001
SE200G24P,2023-07-04,S,SE,582.2079166666667,623,466.0,440.0,1.0700644600761897,0.8004013457391724,-40.79208333333327,116.20791666666673,-26.0
SE200G24P,2023-07-11,S,SE,254.16708333333335,223,377.0,405.0,0.8773756108596542,1.4832762569241689,31.167083333333352,-122.83291666666665,28.0
SE200G24P,2023-07-18,S,SE,359.0,500,330.9170833333333,336.0,1.392757660167131,0.9217746053853296,-141.0,28.082916666666677,5.0829166666666765
SE200G24P,2023-07-25,S,SE,133.0,0,258.0,166.0,0.0,1.9398496240601504,133.0,-125.0,-92.0
SE200G24P,2023-08-01,S,SE,336.2920833333333,280,202.0,280.0,0.8326095494863717,0.6006683178437395,56.29208333333332,134.29208333333332,78.0
SE200G24P,2023-08-08,S,SE,0.0,0,0.0,0.0,,,0.0,0.0,0.0
SE500G24P,2022-12-27,S,SE,2109.0,1300,1140.0,1768.0,0.6164058795637744,0.5405405405405406,809.0,969.0,628.0
SE500G24P,2023-01-03,S,SE,6257.6669999999995,2850,3703.167,3190.0,0.45544130104717945,0.5917807706929755,3407.6669999999995,2554.4999999999995,-513.1669999999999
SE500G24P,2023-01-10,S,SE,4554.6669999999995,7653,5082.6669999999995,6926.0,1.6802545608713,1.1159250500640332,-3098.3330000000005,-528.0,1843.3330000000005
SE500G24P,2023-01-17,S,SE,4240.8330000000005,8100,7596.415,7001.0,1.9100021151504902,1.791255397229742,-3859.1669999999995,-3355.5819999999994,-595.415
SE500G24P,2023-01-24,S,SE,3943.0,3175,5687.1669999999995,4733.0,0.8052244483895511,1.4423451686533095,768.0,-1744.1669999999995,-954.1669999999995
SE500G24P,2023-01-31,S,SE,4583.4130000000005,4400,4183.413,4650.0,0.9599833137445828,0.9127287896595832,183.41300000000047,400.0000000000009,466.58700000000044
SE500G24P,2023-02-07,S,SE,5945.0,4412,4188.0740000000005,3813.0,0.7421362489486963,0.7044699747687133,1533.0,1756.9259999999995,-375.0740000000005
SE500G24P,2023-02-14,S,SE,10353.416000000001,9400,6002.679,7640.0,0.9079129052672084,0.5797776308804745,953.4160000000011,4350.737000000001,1637.321
SE500G24P,2023-02-21,S,SE,8534.5,16668,12748.5,12449.0,1.9530142363348761,1.4937606186654169,-8133.5,-4214.0,-299.5
SE500G24P,2023-02-28,S,SE,9414.42,5256,10996.42,11253.0,0.5582924917307704,1.1680400916891323,4158.42,-1582.0,256.5799999999999
SE500G24P,2023-03-07,S,SE,4130.0830000000005,2820,4285.583,2996.0,0.6827949946768623,1.037650575061082,1310.0830000000005,-155.4999999999991,-1289.5829999999996
SE500G24P,2023-03-14,S,SE,3245.999,3332,3419.666,2994.0,1.0264944628756818,1.053501864911234,-86.0010000000002,-173.66700000000037,-425.66600000000017
SE500G24P,2023-03-21,S,SE,2775.5,2200,2958.666,2740.0,0.7926499729778418,1.0659938749774815,575.5,-183.16600000000017,-218.66600000000017
SE500G24P,2023-03-28,S,SE,3885.6620000000003,3963,3669.329,3570.666,1.0199034295829128,0.9443253170244864,-77.33799999999974,216.33300000000008,-98.66300000000001
SE500G24P,2023-04-04,S,SE,6463.499,6510,5586.332,6759.0,1.0071944004323354,0.8642891412221152,-46.501000000000204,877.1669999999995,1172.6679999999997
SE500G24P,2023-04-11,S,SE,6052.66,5885,6029.1669999999995,5376.0,0.9722997822445008,0.9961185660519506,167.65999999999985,23.493000000000393,-653.1669999999995
SE500G24P,2023-04-18,S,SE,1518.0,3500,2289.16,2245.0,2.30566534914361,1.5080105401844532,-1982.0,-771.1599999999999,-44.159999999999854
SE500G24P,2023-04-25,S,SE,3532.25,2800,3527.75,3627.0,0.7926958737348715,0.9987260244886403,732.25,4.5,99.25
SE500G24P,2023-05-02,S,SE,8026.1669999999995,8000,5929.9169999999995,6181.0,0.9967397887434937,0.7388230272308064,26.16699999999946,2096.25,251.08300000000054
SE500G24P,2023-05-09,S,SE,3666.0,4845,6004.166,5855.0,1.3216039279869067,1.637797599563557,-1179.0,-2338.166,-149.16600000000017
SE500G24P,2023-05-16,S,SE,3811.5,2700,3899.5,3195.0,0.7083825265643447,1.023088023088023,1111.5,-88.0,-704.5
SE500G24P,2023-05-23,S,SE,3137.0,2483,3149.084,3491.0,0.791520561045585,1.0038520879821484,654.0,-12.083999999999833,341.91600000000017
SE500G24P,2023-05-30,S,SE,3514.9970000000003,2310,2408.5,2173.0,0.6571840601855421,0.6852068437042762,1204.9970000000003,1106.4970000000003,-235.5
SE500G24P,2023-06-06,S,SE,2947.0,4500,3953.913,2538.0,1.5269765863590092,1.3416739056667797,-1553.0,-1006.913,-1415.913
SE500G24P,2023-06-13,S,SE,4889.503000000001,3800,3718.67,3388.0,0.7771751034818876,0.7605415110697344,1089.5030000000006,1170.8330000000005,-330.6700000000001
SE500G24P,2023-06-20,S,SE,5047.0,5000,6058.0,5068.25,0.9906875371507826,1.2003170200118882,47.0,-1011.0,-989.75
SE500G24P,2023-06-27,S,SE,1704.2,1079,984.367,205.0,0.6331416500410749,0.5776123694402066,625.2,719.8330000000001,-779.367
SE500G24P,2023-07-04,S,SE,6035.8330000000005,6300,5999.8330000000005,6400.0,1.043766452782905,0.994035620269812,-264.16699999999946,36.0,400.16699999999946
SE500G24P,2023-07-11,S,SE,4759.253000000001,4100,4413.083,5029.0,0.8614797322184804,0.9272637953897385,659.2530000000006,346.170000000001,615.9170000000004
SE500G24P,2023-07-18,S,SE,4478.0,5200,5096.17,5425.0,1.1612326931665922,1.1380460026797679,-722.0,-618.1700000000001,328.8299999999999
SE500G24P,2023-07-25,S,SE,2537.0,4100,4039.0,3595.0,1.6160819865983445,1.5920378399684667,-1563.0,-1502.0,-444.0
SE500G24P,2023-08-01,S,SE,4595.917,1900,3294.75,3012.0,0.41341042494892744,0.7168863145265678,2695.9170000000004,1301.1670000000004,-282.75
SE500G24P,2023-08-08,S,SE,0.0,0,212.0,50.0,,,0.0,-212.0,-162.0
SO0001L12P,2022-12-27,S,SO,0.0,0,0.0,0.0,,,0.0,0.0,0.0
SO0001L12P,2023-01-03,S,SO,0.0,0,0.0,0.0,,,0.0,0.0,0.0
SO0001L12P,2023-01-10,S,SO,0.0,0,0.0,0.0,,,0.0,0.0,0.0
SO0001L12P,2023-01-17,S,SO,0.0,0,0.0,0.0,,,0.0,0.0,0.0
SO0001L12P,2023-01-24,S,SO,0.0,0,0.0,0.0,,,0.0,0.0,0.0
SO0001L12P,2023-01-31,S,SO,0.0,0,0.0,0.0,,,0.0,0.0,0.0
SO0001L12P,2023-02-07,S,SO,0.0,0,0.0,0.0,,,0.0,0.0,0.0
SO0001L12P,2023-02-14,S,SO,0.0,0,0.0,0.0,,,0.0,0.0,0.0
SO0001L12P,2023-02-21,S,SO,6.999999999999999,0,0.0,0.0,0.0,0.0,6.999999999999999,6.999999999999999,0.0
SO0001L12P,2023-02-28,S,SO,0.0,0,0.0,0.0,,,0.0,0.0,0.0
SO0001L12P,2023-03-07,S,SO,0.0,0,0.0,0.0,,,0.0,0.0,0.0
SO0001L12P,2023-03-14,S,SO,23.0,0,0.1309782608695652,0.0,0.0,0.005694706994328922,23.0,22.869021739130435,-0.1309782608695652
SO0001L12P,2023-03-21,S,SO,0.0,0,0.0,0.0,,,0.0,0.0,0.0
SO0001L12P,2023-03-28,S,SO,5.0,0,0.0,0.0,0.0,0.0,5.0,5.0,0.0
SO0001L12P,2023-04-04,S,SO,0.0,0,0.0,0.0,,,0.0,0.0,0.0
SO0001L12P,2023-04-11,S,SO,0.0,0,0.0,0.0,,,0.0,0.0,0.0
SO0001L12P,2023-04-18,S,SO,0.0,0,0.0,0.0,,,0.0,0.0,0.0
SO0001L12P,2023-04-25,S,SO,0.0,0,0.0,0.0,,,0.0,0.0,0.0
SO0001L12P,2023-05-02,S,SO,0.0,0,0.0,0.0,,,0.0,0.0,0.0
SO0001L12P,2023-05-09,S,SO,0.0,0,0.0,0.0,,,0.0,0.0,0.0
SO0001L12P,2023-05-16,S,SO,0.0,0,0.0,0.0,,,0.0,0.0,0.0
SO0001L12P,2023-05-23,S,SO,0.0,0,0.0,0.0,,,0.0,0.0,0.0
SO0001L12P,2023-05-30,S,SO,0.0,0,0.0,0.0,,,0.0,0.0,0.0
SO0001L12P,2023-06-06,S,SO,0.0,0,0.0,0.0,,,0.0,0.0,0.0
SO0001L12P,2023-06-13,S,SO,0.0,0,0.0,0.0,,,0.0,0.0,0.0
SO0001L12P,2023-06-20,S,SO,0.0,0,0.0,0.0,,,0.0,0.0,0.0
SO0001L12P,2023-06-27,S,SO,0.0,0,0.0,0.0,,,0.0,0.0,0.0
SO0001L12P,2023-07-04,S,SO,0.0,0,0.0,0.0,,,0.0,0.0,0.0
SO0001L12P,2023-07-11,S,SO,0.0,0,0.0,0.0,,,0.0,0.0,0.0
SO0001L12P,2023-07-18,S,SO,0.0,0,0.0,0.0,,,0.0,0.0,0.0
SO0001L12P,2023-07-25,S,SO,0.0,0,0.0,0.0,,,0.0,0.0,0.0
SO0001L12P,2023-08-01,S,SO,0.0,0,0.0,0.0,,,0.0,0.0,0.0
SO0001L12P,2023-08-08,S,SO,0.0,0,0.0,0.0,,,0.0,0.0,0.0
SO0002L09P,2022-12-27,S,SO,0.0,0,0.0,0.0,,,0.0,0.0,0.0
SO0002L09P,2023-01-03,S,SO,0.0,0,0.0,0.0,,,0.0,0.0,0.0
SO0002L09P,2023-01-10,S,SO,0.0,0,0.0,0.0,,,0.0,0.0,0.0
SO0002L09P,2023-01-17,S,SO,15.0,0,0.0,0.0,0.0,0.0,15.0,15.0,0.0
SO0002L09P,2023-01-24,S,SO,0.0,0,0.0,0.0,,,0.0,0.0,0.0
SO0002L09P,2023-01-31,S,SO,0.0,0,0.0,0.0,,,0.0,0.0,0.0
SO0002L09P,2023-02-07,S,SO,0.0,0,0.0,0.0,,,0.0,0.0,0.0
SO0002L09P,2023-02-14,S,SO,0.0,0,0.0,0.0,,,0.0,0.0,0.0
SO0002L09P,2023-02-21,S,SO,4.999999999999999,0,0.0,0.0,0.0,0.0,4.999999999999999,4.999999999999999,0.0
SO0002L09P,2023-02-28,S,SO,0.0,0,0.0,0.0,,,0.0,0.0,0.0
SO0002L09P,2023-03-07,S,SO,0.0,0,0.0,0.0,,,0.0,0.0,0.0
SO0002L09P,2023-03-14,S,SO,15.0,0,0.1379830917874396,0.0,0.0,0.009198872785829306,15.0,14.86201690821256,-0.1379830917874396
SO0002L09P,2023-03-21,S,SO,0.0,0,0.0,0.0,,,0.0,0.0,0.0
SO0002L09P,2023-03-28,S,SO,4.999999999999999,0,0.0,0.0,0.0,0.0,4.999999999999999,4.999999999999999,0.0
SO0002L09P,2023-04-04,S,SO,0.0,0,0.0,0.0,,,0.0,0.0,0.0
SO0002L09P,2023-04-11,S,SO,0.0,0,0.0,0.0,,,0.0,0.0,0.0
SO0002L09P,2023-04-18,S,SO,0.0,0,0.0,0.0,,,0.0,0.0,0.0
SO0002L09P,2023-04-25,S,SO,0.0,0,0.0,0.0,,,0.0,0.0,0.0
SO0002L09P,2023-05-02,S,SO,0.0,0,0.0,0.0,,,0.0,0.0,0.0
SO0002L09P,2023-05-09,S,SO,0.0,0,0.0,0.0,,,0.0,0.0,0.0
SO0002L09P,2023-05-16,S,SO,0.0,0,0.0,0.0,,,0.0,0.0,0.0
SO0002L09P,2023-05-23,S,SO,0.0,0,0.0,0.0,,,0.0,0.0,0.0
SO0002L09P,2023-05-30,S,SO,0.0,0,0.0,0.0,,,0.0,0.0,0.0
SO0002L09P,2023-06-06,S,SO,0.0,0,0.0,0.0,,,0.0,0.0,0.0
SO0002L09P,2023-06-13,S,SO,0.0,0,0.0,0.0,,,0.0,0.0,0.0
SO0002L09P,2023-06-20,S,SO,0.0,0,0.0,0.0,,,0.0,0.0,0.0
SO0002L09P,2023-06-27,S,SO,0.0,0,0.0,0.0,,,0.0,0.0,0.0
SO0002L09P,2023-07-04,S,SO,0.0,0,0.0,0.0,,,0.0,0.0,0.0
SO0002L09P,2023-07-11,S,SO,0.0,0,0.0,0.0,,,0.0,0.0,0.0
SO0002L09P,2023-07-18,S,SO,0.0,0,0.0,0.0,,,0.0,0.0,0.0
SO0002L09P,2023-07-25,S,SO,0.0,0,0.0,0.0,,,0.0,0.0,0.0
SO0002L09P,2023-08-01,S,SO,0.0,0,0.0,0.0,,,0.0,0.0,0.0
SO0002L09P,2023-08-08,S,SO,0.0,0,0.0,0.0,,,0.0,0.0,0.0
SO0005L04P,2022-12-27,S,SO,0.0,0,0.0,0.0,,,0.0,0.0,0.0
SO0005L04P,2023-01-03,S,SO,0.0,0,0.0,0.0,,,0.0,0.0,0.0
SO0005L04P,2023-01-10,S,SO,0.0,0,0.0,0.0,,,0.0,0.0,0.0
SO0005L04P,2023-01-17,S,SO,0.0,0,0.0,0.0,,,0.0,0.0,0.0
SO0005L04P,2023-01-24,S,SO,0.0,0,0.0,0.0,,,0.0,0.0,0.0
SO0005L04P,2023-01-31,S,SO,0.0,0,0.0,0.0,,,0.0,0.0,0.0
SO0005L04P,2023-02-07,S,SO,0.0,0,0.0,0.0,,,0.0,0.0,0.0
SO0005L04P,2023-02-14,S,SO,0.0,0,0.0,0.0,,,0.0,0.0,0.0
SO0005L04P,2023-02-21,S,SO,0.0,0,0.0,0.0,,,0.0,0.0,0.0
SO0005L04P,2023-02-28,S,SO,0.0,0,0.0,0.0,,,0.0,0.0,0.0
SO0005L04P,2023-03-07,S,SO,0.0,0,0.0,0.0,,,0.0,0.0,0.0
SO0005L04P,2023-03-14,S,SO,0.9999999999999998,0,0.4999999999999999,0.0,0.0,0.5,0.9999999999999998,0.4999999999999999,-0.4999999999999999
SO0005L04P,2023-03-21,S,SO,0.0,0,0.0,0.0,,,0.0,0.0,0.0
SO0005L04P,2023-03-28,S,SO,4.999999999999999,0,0.0,0.0,0.0,0.0,4.999999999999999,4.999999999999999,0.0
SO0005L04P,2023-04-04,S,SO,0.0,0,0.0,0.0,,,0.0,0.0,0.0
SO0005L04P,2023-04-11,S,SO,0.0,0,0.0,0.0,,,0.0,0.0,0.0
SO0005L04P,2023-04-18,S,SO,0.0,0,0.0,0.0,,,0.0,0.0,0.0
SO0005L04P,2023-04-25,S,SO,0.0,0,0.0,0.0,,,0.0,0.0,0.0
SO0005L04P,2023-05-02,S,SO,0.0,0,0.0,0.0,,,0.0,0.0,0.0
SO0005L04P,2023-05-09,S,SO,0.0,0,0.0,0.0,,,0.0,0.0,0.0
SO0005L04P,2023-05-16,S,SO,0.0,0,0.0,0.0,,,0.0,0.0,0.0
SO0005L04P,2023-05-23,S,SO,0.0,0,0.0,0.0,,,0.0,0.0,0.0
SO0005L04P,2023-05-30,S,SO,0.0,0,0.0,0.0,,,0.0,0.0,0.0
SO0005L04P,2023-06-06,S,SO,0.0,0,0.0,0.0,,,0.0,0.0,0.0
SO0005L04P,2023-06-13,S,SO,0.0,0,0.0,0.0,,,0.0,0.0,0.0
SO0005L04P,2023-06-20,S,SO,0.0,0,0.0,0.0,,,0.0,0.0,0.0
SO0005L04P,2023-06-27,S,SO,0.0,0,0.0,0.0,,,0.0,0.0,0.0
SO0005L04P,2023-07-04,S,SO,0.0,0,0.0,0.0,,,0.0,0.0,0.0
SO0005L04P,2023-07-11,S,SO,0.0,0,0.0,0.0,,,0.0,0.0,0.0
SO0005L04P,2023-07-18,S,SO,0.0,0,0.0,0.0,,,0.0,0.0,0.0
SO0005L04P,2023-07-25,S,SO,0.0,0,0.0,0.0,,,0.0,0.0,0.0
SO0005L04P,2023-08-01,S,SO,0.0,0,0.0,0.0,,,0.0,0.0,0.0
SO0005L04P,2023-08-08,S,SO,0.0,0,0.0,0.0,,,0.0,0.0,0.0
SO0500M24P,2022-12-27,S,SO,0.0,0,0.0,0.0,,,0.0,0.0,0.0
SO0500M24P,2023-01-03,S,SO,0.0,0,0.0,0.0,,,0.0,0.0,0.0
SO0500M24P,2023-01-10,S,SO,0.0,0,0.0,0.0,,,0.0,0.0,0.0
SO0500M24P,2023-01-17,S,SO,0.0,0,0.0,0.0,,,0.0,0.0,0.0
SO0500M24P,2023-01-24,S,SO,0.0,0,0.0,0.0,,,0.0,0.0,0.0
SO0500M24P,2023-01-31,S,SO,0.0,0,0.0,0.0,,,0.0,0.0,0.0
SO0500M24P,2023-02-07,S,SO,0.0,0,0.0,0.0,,,0.0,0.0,0.0
SO0500M24P,2023-02-14,S,SO,0.0,0,0.0,0.0,,,0.0,0.0,0.0
SO0500M24P,2023-02-21,S,SO,0.0,0,0.0,0.0,,,0.0,0.0,0.0
SO0500M24P,2023-02-28,S,SO,0.0,0,0.0,0.0,,,0.0,0.0,0.0
SO0500M24P,2023-03-07,S,SO,0.0,0,0.0,0.0,,,0.0,0.0,0.0
SO0500M24P,2023-03-14,S,SO,1.0,0,0.1220108695652174,0.0,0.0,0.1220108695652174,1.0,0.8779891304347827,-0.1220108695652174
SO0500M24P,2023-03-21,S,SO,0.0,0,0.0,0.0,,,0.0,0.0,0.0
SO0500M24P,2023-03-28,S,SO,0.0,0,0.0,0.0,,,0.0,0.0,0.0
SO0500M24P,2023-04-04,S,SO,0.0,0,0.0,0.0,,,0.0,0.0,0.0
SO0500M24P,2023-04-11,S,SO,0.0,0,0.0,0.0,,,0.0,0.0,0.0
SO0500M24P,2023-04-18,S,SO,0.0,0,0.0,0.0,,,0.0,0.0,0.0
SO0500M24P,2023-04-25,S,SO,0.0,0,0.0,0.0,,,0.0,0.0,0.0
SO0500M24P,2023-05-02,S,SO,0.0,0,0.0,0.0,,,0.0,0.0,0.0
SO0500M24P,2023-05-09,S,SO,0.0,0,0.0,0.0,,,0.0,0.0,0.0
SO0500M24P,2023-05-16,S,SO,0.0,0,0.0,0.0,,,0.0,0.0,0.0
SO0500M24P,2023-05-23,S,SO,0.0,0,0.0,0.0,,,0.0,0.0,0.0
SO0500M24P,2023-05-30,S,SO,0.0,0,0.0,0.0,,,0.0,0.0,0.0
SO0500M24P,2023-06-06,S,SO,0.0,0,0.0,0.0,,,0.0,0.0,0.0
SO0500M24P,2023-06-13,S,SO,0.0,0,0.0,0.0,,,0.0,0.0,0.0
SO0500M24P,2023-06-20,S,SO,0.0,0,0.0,0.0,,,0.0,0.0,0.0
SO0500M24P,2023-06-27,S,SO,0.0,0,0.0,0.0,,,0.0,0.0,0.0
SO0500M24P,2023-07-04,S,SO,0.0,0,0.0,0.0,,,0.0,0.0,0.0
SO0500M24P,2023-07-11,S,SO,0.0,0,0.0,0.0,,,0.0,0.0,0.0
SO0500M24P,2023-07-18,S,SO,0.0,0,0.0,0.0,,,0.0,0.0,0.0
SO0500M24P,2023-07-25,S,SO,0.0,0,0.0,0.0,,,0.0,0.0,0.0
SO0500M24P,2023-08-01,S,SO,0.0,0,0.0,0.0,,,0.0,0.0,0.0
SO0500M24P,2023-08-08,S,SO,0.0,0,0.0,0.0,,,0.0,0.0,0.0
SOP001L12P,2022-12-27,S,SOP,260.0,0,83.0,70.0,0.0,0.3192307692307692,260.0,177.0,-13.0
SOP001L12P,2023-01-03,S,SOP,591.4170289855072,510,616.2490942028984,524.0,0.8623356701020823,1.0419874031357994,81.41702898550716,-24.832065217391232,-92.24909420289839
SOP001L12P,2023-01-10,S,SOP,494.9160326086957,512,329.0,580.0,1.034518920919282,0.6647592284813355,-17.083967391304327,165.91603260869567,251.0
SOP001L12P,2023-01-17,S,SOP,1245.0,607,689.9170289855072,805.0,0.4875502008032129,0.5541502240847447,638.0,555.0829710144928,115.08297101449284
SOP001L12P,2023-01-24,S,SOP,1185.9999999999995,1678,1108.0,1108.0,1.4148397976391236,0.9342327150084321,-492.00000000000045,77.99999999999955,0.0
SOP001L12P,2023-01-31,S,SOP,1438.4990036231884,130,972.4990036231883,617.0,0.09037197778557045,0.6760512180917243,1308.4990036231884,466.0000000000001,-355.4990036231883
SOP001L12P,2023-02-07,S,SOP,1596.9999999999998,699,70.0,60.0,0.43769567939887294,0.04383218534752662,897.9999999999998,1526.9999999999998,-10.0
SOP001L12P,2023-02-14,S,SOP,823.4990036231884,1964,1007.4160326086956,1006.0,2.384945204983727,1.2233360674103047,-1140.5009963768116,-183.91702898550716,-1.4160326086955592
SOP001L12P,2023-02-21,S,SOP,323.0,415,1411.0829710144926,1756.318,1.284829721362229,4.368677928837438,-92.0,-1088.0829710144926,345.23502898550737
SOP001L12P,2023-02-28,S,SOP,299.5829710144927,472,681.9999999999999,475.0,1.5755234631716313,2.27649788534545,-172.41702898550727,-382.41702898550716,-206.9999999999999
SOP001L12P,2023-03-07,S,SOP,661.0,1242,199.0,205.0,1.8789712556732223,0.3010590015128593,-581.0,462.0,6.0
SOP001L12P,2023-03-14,S,SOP,979.3329710144925,976,1241.5839673913042,1627.0,0.9965966927356281,1.2677853234177805,3.3329710144925,-262.2509963768117,385.4160326086958
SOP001L12P,2023-03-21,S,SOP,458.0,944,813.9999999999999,513.0,2.061135371179039,1.7772925764192138,-486.0,-355.9999999999999,-300.9999999999999
SOP001L12P,2023-03-28,S,SOP,184.75,10,799.5829710144927,879.0,0.05412719891745602,4.327918652311192,174.75,-614.8329710144927,79.41702898550727
SOP001L12P,2023-04-04,S,SOP,1512.6660326086956,1537,1234.8330615942027,1390.0,1.0160868075746627,0.816328941732531,-24.33396739130444,277.83297101449284,155.16693840579728
SOP001L12P,2023-04-11,S,SOP,334.0,0,631.9999999999999,473.0,0.0,1.892215568862275,334.0,-297.9999999999999,-158.9999999999999
SOP001L12P,2023-04-18,S,SOP,130.0,506,79.99999999999999,0.0,3.8923076923076922,0.6153846153846153,-376.0,50.000000000000014,-79.99999999999999
SOP001L12P,2023-04-25,S,SOP,310.0,0,254.0,205.0,0.0,0.8193548387096774,310.0,56.0,-49.0
SOP001L12P,2023-05-02,S,SOP,450.25,0,435.0,270.0,0.0,0.966129927817879,450.25,15.25,-165.0
SOP001L12P,2023-05-09,S,SOP,500.0,810,350.0,400.0,1.62,0.7,-310.0,150.0,50.0
SOP001L12P,2023-05-16,S,SOP,802.9999999999999,252,748.9170289855074,515.0,0.31382316313823166,0.9326488530330106,550.9999999999999,54.0829710144925,-233.9170289855074
SOP001L12P,2023-05-23,S,SOP,498.9999999999999,726,423.9999999999999,480.0,1.454909819639279,0.8496993987975952,-227.0000000000001,75.0,56.000000000000114
SOP001L12P,2023-05-30,S,SOP,490.66702898550716,304,539.0,525.0,0.6195647598913341,1.098504623623122,186.66702898550716,-48.33297101449284,-14.0
SOP001L12P,2023-06-06,S,SOP,513.0,609,406.0,317.0,1.1871345029239766,0.7914230019493177,-96.0,107.0,-89.0
SOP001L12P,2023-06-13,S,SOP,544.2499999999999,810,627.25,644.0,1.488286632981167,1.152503445107947,-265.7500000000001,-83.00000000000011,16.75
SOP001L12P,2023-06-20,S,SOP,607.0,300,802.0,665.0,0.4942339373970346,1.3212520593080725,307.0,-195.0,-137.0
SOP001L12P,2023-06-27,S,SOP,165.0,0,22.0,70.0,0.0,0.13333333333333333,165.0,143.0,48.0
SOP001L12P,2023-07-04,S,SOP,972.170018115942,1179,584.1700181159421,535.0,1.212750833732656,0.600892855395869,-206.82998188405804,387.9999999999999,-49.17001811594207
SOP001L12P,2023-07-11,S,SOP,503.6700181159419,662,961.0,1143.0,1.314352604263237,1.907995245765817,-158.3299818840581,-457.3299818840581,182.0
SOP001L12P,2023-07-18,S,SOP,705.0,618,421.670018115942,344.0,0.8765957446808511,0.5981135008736767,87.0,283.329981884058,-77.67001811594201
SOP001L12P,2023-07-25,S,SOP,196.0,202,628.0,616.0,1.030612244897959,3.204081632653061,-6.0,-432.0,-12.0
SOP001L12P,2023-08-01,S,SOP,576.9129528985507,504,263.0829710144927,215.0,0.8736153304719225,0.45601848544516127,72.91295289855066,313.82998188405793,-48.08297101449273
SOP001L12P,2023-08-08,S,SOP,0.0,0,10.0,0.0,,,0.0,-10.0,-10.0
SOS001L12P,2022-12-27,S,SOS,38452.99999999998,11016,16499.0,10308.0,0.2864795984708607,0.42906925337424934,27436.999999999978,21953.999999999978,-6191.0
SOS001L12P,2023-01-03,S,SOS,74319.08297101448,68484,74583.24900362315,71471.0,0.9214860741313204,1.0035544845556248,5835.082971014475,-264.16603260867123,-3112.2490036231466
SOS001L12P,2023-01-10,S,SOS,64179.41503623184,82493,67425.33206521739,77330.0,1.2853498267852614,1.050575671765676,-18313.58496376816,-3245.9170289855465,9904.667934782614
SOS001L12P,2023-01-17,S,SOS,57134.999999999985,57632,60860.0,61969.0,1.00869869607071,1.065196464513871,-497.00000000001455,-3725.0000000000146,1109.0
SOS001L12P,2023-01-24,S,SOS,47882.33297101449,61718,51011.0,52160.0,1.288951397530294,1.0653407391590433,-13835.66702898551,-3128.66702898551,1149.0
SOS001L12P,2023-01-31,S,SOS,91156.58804347823,42475,64665.08306159418,63170.0,0.46595644825737703,0.7093846363660671,48681.58804347823,26491.50498188405,-1495.0830615941813
SOS001L12P,2023-02-07,S,SOS,70831.99999999999,83251,74063.0,75717.334,1.175330359159702,1.0456149762819067,-12419.000000000015,-3231.0000000000146,1654.3340000000026
SOS001L12P,2023-02-14,S,SOS,88293.91295289855,73215,82221.33695652174,79809.753,0.8292191109375504,0.9312231637121317,15078.91295289855,6072.575996376807,-2411.5839565217466
SOS001L12P,2023-02-21,S,SOS,45854.58297101448,83792,68249.33297101449,76387.0,1.8273418832086303,1.4883862974864723,-37937.41702898552,-22394.750000000007,8137.66702898551
SOS001L12P,2023-02-28,S,SOS,76077.40896739127,73240,63870.325996376814,75514.383,0.9627036592609581,0.83954391800795,2837.4089673912677,12207.082971014454,11644.057003623187
SOS001L12P,2023-03-07,S,SOS,84169.08197463767,80344,84983.74492753622,80248.0,0.9545547856184262,1.0096788860444508,3825.0819746376656,-814.6629528985504,-4735.744927536216
SOS001L12P,2023-03-14,S,SOS,79473.4350543478,84158,80440.2660326087,88988.0,1.0589450417293358,1.0121654610449358,-4684.564945652193,-966.8309782608994,8547.733967391294
SOS001L12P,2023-03-21,S,SOS,59642.99592391304,76185,71618.83197463768,79912.0,1.2773503211875825,1.2007919935142475,-16542.00407608696,-11975.83605072464,8293.16802536232
SOS001L12P,2023-03-28,S,SOS,58255.66521739129,79594,60501.249275362294,69151.833,1.3662877198806493,1.038547050309892,-21338.334782608712,-2245.5840579710057,8650.583724637705
SOS001L12P,2023-04-04,S,SOS,70124.4942028985,74539,66876.91014492753,80760.0,1.062952408388552,0.9536883068478984,-4414.505797101505,3247.584057970962,13883.089855072467
SOS001L12P,2023-04-11,S,SOS,70541.91413043479,52555,70660.99800724635,54981.743,0.7450180597995076,1.0016881293664839,17986.914130434787,-119.08387681156455,-15679.25500724635
SOS001L12P,2023-04-18,S,SOS,10428.997010869562,28450,21972.497010869563,17073.0,2.727970865304511,2.106865788528739,-18021.002989130437,-11543.500000000002,-4899.497010869563
SOS001L12P,2023-04-25,S,SOS,35272.999999999985,0,28613.08297101449,24245.083,0.0,0.8111893791572733,35272.999999999985,6659.917028985496,-4367.999971014491
SOS001L12P,2023-05-02,S,SOS,59365.2489130435,38679,36382.0,32747.667,0.6515427915859644,0.6128501213444132,20686.2489130435,22983.2489130435,-3634.3329999999987
SOS001L12P,2023-05-09,S,SOS,34943.66394927537,73718,57019.16295289856,76768.666,2.109624225639587,1.6317454012741264,-38774.33605072463,-22075.49900362319,19749.50304710144
SOS001L12P,2023-05-16,S,SOS,31186.25,33468,32517.25,37222.0,1.073165257124534,1.042679065293198,-2281.75,-1331.0,4704.75
SOS001L12P,2023-05-23,S,SOS,21836.000000000007,24034,24034.75,17544.0,1.1006594614398237,1.1006938083898146,-2197.9999999999927,-2198.7499999999927,-6490.75
SOS001L12P,2023-05-30,S,SOS,35640.41702898551,14514,28326.41702898551,19633.0,0.4072342921295255,0.7947835460496521,21126.41702898551,7314.0,-8693.41702898551
SOS001L12P,2023-06-06,S,SOS,39951.49900362319,39524,33212.16503623189,14982.0,0.9892995503476748,0.8313121125497667,427.4990036231902,6739.3339673913,-18230.16503623189
SOS001L12P,2023-06-13,S,SOS,49497.66702898551,71211,53857.000996376795,55845.0,1.4386738663521113,1.0880715037506412,-21713.33297101449,-4359.333967391285,1987.9990036232048
SOS001L12P,2023-06-20,S,SOS,53975.335960144905,68180,60187.00298913043,67977.333,1.263169534513759,1.1150834342851,-14204.664039855095,-6211.667028985525,7790.330010869569
SOS001L12P,2023-06-27,S,SOS,11195.0,0,9022.332971014497,2223.0,0.0,0.8059252318905312,11195.0,2172.667028985503,-6799.332971014497
SOS001L12P,2023-07-04,S,SOS,42278.40597826085,24538,37408.74601449276,26248.0,0.5803908504170475,0.884819215599755,17740.405978260853,4869.659963768092,-11160.74601449276
SOS001L12P,2023-07-11,S,SOS,32943.0,46549,38687.24393115942,39975.0,1.4130164223051938,1.1743691810448174,-13606.0,-5744.243931159421,1287.7560688405792
SOS001L12P,2023-07-18,S,SOS,34321.82998188406,25366,33326.24601449276,39548.0,0.7390631564047961,0.9709926898444287,8955.82998188406,995.5839673912997,6221.753985507239
SOS001L12P,2023-07-25,S,SOS,44541.999999999985,52974,46213.0,47712.0,1.1893044766737015,1.0375151542364514,-8432.000000000015,-1671.0000000000146,1499.0
SOS001L12P,2023-08-01,S,SOS,43160.663043478264,26073,32428.332971014486,30312.0,0.6040917391314202,0.7513400092660191,17087.663043478264,10732.330072463777,-2116.3329710144862
SOS001L12P,2023-08-08,S,SOS,0.0,1310,1010.0,1521.0,,,-1310.0,-1010.0,511.0
SOS002L09P,2022-12-27,S,SOS,27641.00000000002,8034,10938.000000000004,6720.0,0.2906551861365361,0.39571650808581443,19607.00000000002,16703.000000000015,-4218.000000000004
SOS002L09P,2023-01-03,S,SOS,48257.215036231864,44579,52850.65905797101,51135.0,0.9237789616854136,1.0951866786819413,3678.2150362318644,-4593.444021739146,-1715.65905797101
SOS002L09P,2023-01-10,S,SOS,35949.10990338165,46570,33575.99891304347,43121.0,1.295442366310696,0.9339869332866306,-10620.89009661835,2373.1109903381803,9545.00108695653
SOS002L09P,2023-01-17,S,SOS,37086.772946859914,38516,41708.992934782604,40700.66,1.038537379760379,1.124632574382939,-1429.2270531400864,-4622.21998792269,-1008.3329347826002
SOS002L09P,2023-01-24,S,SOS,31637.109903381643,49457,32575.998913043477,36840.0,1.5632591014488848,1.029676826123788,-17819.890096618357,-938.8890096618343,4264.001086956523
SOS002L09P,2023-01-31,S,SOS,55320.66298309178,25931,43714.99396135265,49446.0,0.46873986322119016,0.7902109556191276,29389.66298309178,11605.66902173913,5731.006038647349
SOS002L09P,2023-02-07,S,SOS,49201.32795893721,47564,50091.88798309179,48853.0,0.9667218746554218,1.0181003249525669,1637.3279589372105,-890.5600241545762,-1238.8879830917867
SOS002L09P,2023-02-14,S,SOS,52935.2230072464,55918,49505.776992753614,47441.111000000004,1.0563476797357647,0.9352142898496276,-2982.776992753599,3429.446014492787,-2064.6659927536093
SOS002L09P,2023-02-21,S,SOS,35510.665942028994,55073,46360.0029589372,53992.556,1.550886150372579,1.3055233330351985,-19562.334057971006,-10849.337016908205,7632.553041062798
SOS002L09P,2023-02-28,S,SOS,46860.54396135267,25534,40618.544021739115,36635.615,0.5448933759936435,0.8667962551872739,21326.54396135267,6241.999939613554,-3982.929021739117
SOS002L09P,2023-03-07,S,SOS,26502.887983091805,34225,40186.33297101449,35967.0,1.2913686999633667,1.5163001479933955,-7722.112016908195,-13683.444987922685,-4219.33297101449
SOS002L09P,2023-03-14,S,SOS,49852.335929951674,73681,30541.2179347826,58583.0,1.4779849053318257,0.6126336382250284,-23828.664070048326,19311.117995169076,28041.7820652174
SOS002L09P,2023-03-21,S,SOS,48758.88689613527,48231,59282.10791062801,61905.44,0.9891735244641708,1.2158216006224463,527.886896135271,-10523.221014492738,2623.332089371994
SOS002L09P,2023-03-28,S,SOS,38408.557971014496,24338,40868.23194444446,27799.0,0.6336608632473778,1.0640397375836443,14070.557971014496,-2459.6739734299626,-13069.231944444458
SOS002L09P,2023-04-04,S,SOS,40764.54486714977,22480,38104.767934782605,22728.0,0.5514596096500411,0.9347526891067891,18284.544867149772,2659.7769323671673,-15376.767934782605
SOS002L09P,2023-04-11,S,SOS,41726.65688405798,21914,27022.55193236714,24268.667,0.5251798642985086,0.6476088416920679,19812.65688405798,14704.104951690839,-2753.8849323671384
SOS002L09P,2023-04-18,S,SOS,4064.999999999999,34403,15216.001026570048,27992.0,8.463222632226325,3.743173684273075,-30338.0,-11151.001026570048,12775.998973429952
SOS002L09P,2023-04-25,S,SOS,23533.107004830912,10092,25185.330978260863,17817.665999999997,0.4288426512456812,1.070208492788087,13441.107004830912,-1652.223973429951,-7367.664978260866
SOS002L09P,2023-05-02,S,SOS,33145.11600241547,32331,21257.217934782602,23890.44,0.9754378291403132,0.6413378650789296,814.1160024154669,11887.898067632865,2633.2220652173964
SOS002L09P,2023-05-09,S,SOS,23633.77801932367,65756,40985.99999999999,64183.111000000004,2.7822889741215295,1.734212785043874,-42122.22198067633,-17352.221980676324,23197.11100000001
SOS002L09P,2023-05-16,S,SOS,21532.098973429944,36580,22135.328985507236,43580.0,1.6988589939670433,1.0280153835825139,-15047.901026570056,-603.2300120772925,21444.671014492764
SOS002L09P,2023-05-23,S,SOS,14304.88001207729,10523,16309.999999999996,6276.0,0.7356230874439817,1.1401703464992246,3781.8800120772903,-2005.119987922706,-10033.999999999996
SOS002L09P,2023-05-30,S,SOS,25170.309963768115,1023,19601.959963768113,6829.0,0.04064312284880786,0.7787730859089351,24147.309963768115,5568.350000000002,-12772.959963768113
SOS002L09P,2023-06-06,S,SOS,28604.666002415455,2007,26285.666002415455,6025.0,0.07016337823453431,0.9189293103508296,26597.666002415455,2319.0,-20260.666002415455
SOS002L09P,2023-06-13,S,SOS,32253.332971014494,20084,25686.221980676324,18773.888,0.6226953356432695,0.796389694167734,12169.332971014494,6567.110990338169,-6912.333980676325
SOS002L09P,2023-06-20,S,SOS,23554.12004830918,22223,19983.121014492754,21797.559999999998,0.943486742634449,0.8483917452024378,1331.1200483091816,3570.999033816428,1814.438985507244
SOS002L09P,2023-06-27,S,SOS,10557.399999999998,8669,5892.291002415458,5240.0,0.8211302025119823,0.5581195182919525,1888.3999999999978,4665.10899758454,-652.291002415458
SOS002L09P,2023-07-04,S,SOS,35543.32995169083,20013,34162.43997584541,30879.0,0.563059230162197,0.9611491107411074,15530.32995169083,1380.8899758454208,-3283.439975845409
SOS002L09P,2023-07-11,S,SOS,25206.44402173913,22499,22829.66702898551,22556.0,0.8925892117347408,0.9057075646725978,2707.444021739131,2376.776992753621,-273.6670289855101
SOS002L09P,2023-07-18,S,SOS,27135.000000000004,56857,37858.99897342995,50878.0,2.0953381241938454,1.3952091016557933,-29721.999999999996,-10723.998973429949,13019.001026570048
SOS002L09P,2023-07-25,S,SOS,27608.000000000004,46308,32279.669987922698,39985.0,1.6773399014778323,1.1692143577195993,-18699.999999999996,-4671.669987922694,7705.330012077302
SOS002L09P,2023-08-01,S,SOS,21809.553985507242,40245,20863.443961352652,47790.0,1.8452922066514232,0.9566194693947756,-18435.446014492758,946.1100241545901,26926.556038647348
SOS002L09P,2023-08-08,S,SOS,0.0,0,914.0,768.0,,,0.0,-914.0,-146.0
SOS003L04P,2022-12-27,S,SOS,3791.0000000000064,0,1800.0,1335.0,0.0,0.4748087575837502,3791.0000000000064,1991.0000000000064,-465.0
SOS003L04P,2023-01-03,S,SOS,8019.0,8055,7577.999999999998,6360.0,1.0044893378226711,0.9450056116722781,-36.0,441.0000000000018,-1217.9999999999982
SOS003L04P,2023-01-10,S,SOS,6438.75,7883,7252.749999999998,8767.0,1.2243059600077655,1.1264220539701026,-1444.25,-813.9999999999982,1514.2500000000018
SOS003L04P,2023-01-17,S,SOS,6390.920018115941,7550,6635.92001811594,7221.67,1.1813635562013742,1.03833563857872,-1159.0799818840587,-244.9999999999991,585.7499818840597
SOS003L04P,2023-01-24,S,SOS,6700.332971014493,7524,5601.999999999998,5115.0,1.1229292682242322,0.8360778522849743,-823.6670289855074,1098.3329710144944,-486.9999999999982
SOS003L04P,2023-01-31,S,SOS,8471.750000000002,4045,6712.75,7558.0,0.47746923599020263,0.7923687549797855,4426.750000000002,1759.0000000000018,845.25
SOS003L04P,2023-02-07,S,SOS,8975.500000000004,14178,9223.5,10775.5,1.5796334466046453,1.0276307726589045,-5202.499999999996,-247.99999999999636,1552.0
SOS003L04P,2023-02-14,S,SOS,8608.250000000004,6025,8292.249999999998,7976.0,0.699909970086835,0.9632910289547811,2583.2500000000036,316.00000000000546,-316.2499999999982
SOS003L04P,2023-02-21,S,SOS,7125.0,10016,7375.999999999998,9801.0,1.4057543859649122,1.0352280701754384,-2891.0,-250.99999999999818,2425.000000000002
SOS003L04P,2023-02-28,S,SOS,8105.750000000002,5513,6706.749999999996,7959.49,0.6801344724424019,0.8274064707152324,2592.750000000002,1399.0000000000055,1252.7400000000034
SOS003L04P,2023-03-07,S,SOS,12872.500000000011,8027,11407.0,8661.0,0.623577393668673,0.8861526510001935,4845.500000000011,1465.500000000011,-2746.0
SOS003L04P,2023-03-14,S,SOS,14393.250000000007,22189,16217.75,19146.0,1.5416254146909134,1.1267608080176466,-7795.749999999993,-1824.4999999999927,2928.25
SOS003L04P,2023-03-21,S,SOS,10251.000000000005,9254,11707.0,12434.0,0.9027411959808794,1.1420349234221046,997.0000000000055,-1455.9999999999945,727.0
SOS003L04P,2023-03-28,S,SOS,7097.000000000002,12055,7788.999999999998,9749.0,1.698605044384951,1.0975059884458216,-4957.999999999998,-691.9999999999964,1960.0000000000018
SOS003L04P,2023-04-04,S,SOS,10147.550000000003,9795,9947.549999999997,10632.0,0.9652576237614002,0.9802908091115584,352.5500000000029,200.00000000000546,684.4500000000025
SOS003L04P,2023-04-11,S,SOS,11995.83306159421,8031,10616.166032608695,7443.166,0.6694824743528653,0.8849878101919699,3964.8330615942104,1379.6670289855156,-3173.0000326086947
SOS003L04P,2023-04-18,S,SOS,1259.0,3806,3059.999999999999,2989.0,3.023034154090548,2.430500397140587,-2547.0,-1800.999999999999,-70.99999999999909
SOS003L04P,2023-04-25,S,SOS,4850.5,0,4123.499999999999,2405.0,0.0,0.8501185444799503,4850.5,727.0000000000009,-1718.499999999999
SOS003L04P,2023-05-02,S,SOS,9511.500000000002,7087,7003.5,4503.5,0.7450980392156862,0.736319192556379,2424.500000000002,2508.000000000002,-2500.0
SOS003L04P,2023-05-09,S,SOS,5556.999999999999,6727,8151.999999999998,9457.0,1.2105452582328597,1.4669785855677524,-1170.000000000001,-2594.999999999999,1305.0000000000018
SOS003L04P,2023-05-16,S,SOS,4401.749999999998,8534,5153.749999999998,7489.0,1.9387743511103546,1.1708411427273244,-4132.250000000002,-752.0,2335.250000000002
SOS003L04P,2023-05-23,S,SOS,2617.999999999999,2021,3174.9999999999995,2009.0,0.7719633307868604,1.2127578304048894,596.9999999999991,-557.0000000000005,-1165.9999999999995
SOS003L04P,2023-05-30,S,SOS,3908.7499999999986,1021,3071.25,1261.0,0.26120882635113535,0.785737128237928,2887.7499999999986,837.4999999999986,-1810.25
SOS003L04P,2023-06-06,S,SOS,6066.000000000001,0,4159.499999999999,1222.0,0.0,0.6857072205736892,6066.000000000001,1906.5000000000018,-2937.499999999999
SOS003L04P,2023-06-13,S,SOS,7394.000000000001,13545,6932.999999999998,7242.0,1.8318907222071947,0.9376521503922095,-6150.999999999999,461.00000000000273,309.0000000000018
SOS003L04P,2023-06-20,S,SOS,9269.0,13189,10531.0,9551.0,1.4229150933218255,1.136152767288812,-3920.0,-1262.0,-980.0
SOS003L04P,2023-06-27,S,SOS,1981.0999999999985,0,1526.0999999999997,481.0,0.0,0.7703296148604315,1981.0999999999985,454.99999999999886,-1045.0999999999997
SOS003L04P,2023-07-04,S,SOS,6772.500000000002,0,6831.499999999999,4827.0,0.0,1.0087117017349572,6772.500000000002,-58.99999999999727,-2004.499999999999
SOS003L04P,2023-07-11,S,SOS,6265.999999999998,4039,5573.999999999999,5341.0,0.644589849984041,0.8895627194382382,2226.999999999998,691.9999999999991,-232.9999999999991
SOS003L04P,2023-07-18,S,SOS,5177.999999999999,12235,6618.999999999998,7723.0,2.3628814213982237,1.2782927771340284,-7057.000000000001,-1440.999999999999,1104.0000000000018
SOS003L04P,2023-07-25,S,SOS,5226.0,7009,6362.999999999998,6677.0,1.3411787217757367,1.2175660160734785,-1783.0,-1136.9999999999982,314.0000000000018
SOS003L04P,2023-08-01,S,SOS,4524.749999999999,1000,4192.499999999998,4873.0,0.22100668545223498,0.9265705287584948,3524.749999999999,332.2500000000009,680.5000000000018
SOS003L04P,2023-08-08,S,SOS,0.0,1519,155.0,140.0,,,-1519.0,-155.0,-15.0
SOS005L04P,2022-12-27,S,SOS,24271.0,9008,10526.999999999998,7580.0,0.37114251575954843,0.43372749371678126,15263.0,13744.000000000002,-2946.999999999998
SOS005L04P,2023-01-03,S,SOS,61182.75,60150,61486.25,60383.0,0.9831202422251369,1.0049605485206206,1032.75,-303.5,-1103.25
SOS005L04P,2023-01-10,S,SOS,46659.5,51437,50558.0,58165.0,1.1023907242898017,1.083552116932243,-4777.5,-3898.5,7607.0
SOS005L04P,2023-01-17,S,SOS,42112.5,40378,41529.0,41752.0,0.9588127040664886,0.9861442564559216,1734.5,583.5,223.0
SOS005L04P,2023-01-24,S,SOS,43861.75,41545,39298.99999999999,40193.0,0.9471806300478207,0.8959742828318522,2316.75,4562.750000000007,894.0000000000073
SOS005L04P,2023-01-31,S,SOS,78861.49999999999,50963,61439.25,55057.75,0.646234220754107,0.7790778770375913,27898.499999999985,17422.249999999985,-6381.5
SOS005L04P,2023-02-07,S,SOS,71977.24999999999,73991,75313.0,74203.0,1.0279775901413295,1.046344504687245,-2013.7500000000146,-3335.7500000000146,-1110.0
SOS005L04P,2023-02-14,S,SOS,87256.24999999999,77107,79117.75,76783.25,0.8836845498173485,0.9067287443592867,10149.249999999985,8138.499999999985,-2334.5
SOS005L04P,2023-02-21,S,SOS,45377.0,84610,64340.74999999999,75706.0,1.8646010093219032,1.4179154637812106,-39233.0,-18963.749999999993,11365.250000000007
SOS005L04P,2023-02-28,S,SOS,80397.5,72655,68396.5,75792.3,0.9036972542678566,0.8507291893404646,7742.5,12001.0,7395.800000000003
SOS005L04P,2023-03-07,S,SOS,94329.74999999999,90138,92023.25,85857.0,0.9555627996469832,0.975548541154832,4191.749999999985,2306.4999999999854,-6166.25
SOS005L04P,2023-03-14,S,SOS,85388.75,90764,91892.49999999999,96602.0,1.0629503301078889,1.0761663568092985,-5375.25,-6503.749999999985,4709.500000000015
SOS005L04P,2023-03-21,S,SOS,63671.5,75921,73474.75,84192.0,1.1923859183465129,1.1539660601682071,-12249.5,-9803.25,10717.25
SOS005L04P,2023-03-28,S,SOS,48385.0,75993,53438.25,71884.0,1.5705900589025525,1.1044383589955564,-27608.0,-5053.25,18445.75
SOS005L04P,2023-04-04,S,SOS,54438.25,62658,51606.5,59056.0,1.1509921792122266,0.9479823469711095,-8219.75,2831.75,7449.5
SOS005L04P,2023-04-11,S,SOS,55952.749999999985,35239,54230.749999999985,36464.25,0.6297992502602644,0.9692240327776561,20713.749999999985,1722.0,-17766.499999999985
SOS005L04P,2023-04-18,S,SOS,7274.000000000001,17397,16356.5,10463.0,2.3916689579323616,2.2486252405828977,-10123.0,-9082.5,-5893.5
SOS005L04P,2023-04-25,S,SOS,26938.5,2108,22415.75,15423.25,0.07825231545928689,0.8321083208047961,24830.5,4522.75,-6992.5
SOS005L04P,2023-05-02,S,SOS,56794.25,37641,42597.24999999999,30769.5,0.6627607548299344,0.7500275115878807,19153.25,14197.000000000007,-11827.749999999993
SOS005L04P,2023-05-09,S,SOS,35625.99999999999,55702,46044.99999999999,58346.0,1.5635210239712574,1.2924549486330208,-20076.000000000007,-10419.0,12301.000000000007
SOS005L04P,2023-05-16,S,SOS,24781.249999999996,22390,29257.749999999996,28840.0,0.9035056746532157,1.180640605296343,2391.2499999999964,-4476.5,-417.74999999999636
SOS005L04P,2023-05-23,S,SOS,17883.0,14777,19021.5,13539.0,0.826315495163004,1.0636638147961752,3106.0,-1138.5,-5482.5
SOS005L04P,2023-05-30,S,SOS,32107.5,10525,21846.0,14310.0,0.3278050299774196,0.6804017752861481,21582.5,10261.5,-7536.0
SOS005L04P,2023-06-06,S,SOS,44477.99999999999,37088,37234.99999999999,19828.0,0.8338504429155988,0.837155447637034,7389.999999999993,7243.0,-17406.999999999993
SOS005L04P,2023-06-13,S,SOS,46887.999999999985,68230,46555.0,48865.0,1.4551697662514933,0.9928979696297563,-21342.000000000015,332.99999999998545,2310.0
SOS005L04P,2023-06-20,S,SOS,56810.74999999999,60349,61361.75,61553.0,1.0622813464001093,1.0801080781366204,-3538.2500000000073,-4551.000000000007,191.25
SOS005L04P,2023-06-27,S,SOS,11248.25,0,9889.0,3392.0,0.0,0.8791589802858223,11248.25,1359.25,-6497.0
SOS005L04P,2023-07-04,S,SOS,40555.25,33525,38516.49999999999,26093.0,0.8266500638018506,0.949729073301237,7030.25,2038.7500000000073,-12423.499999999993
SOS005L04P,2023-07-11,S,SOS,40600.25,45190,39007.74999999999,43458.0,1.1130473334523803,0.960776103595421,-4589.75,1592.5000000000073,4450.250000000007
SOS005L04P,2023-07-18,S,SOS,31285.75,27115,32525.0,39256.0,0.8666885083464516,1.03961068537593,4170.75,-1239.25,6731.0
SOS005L04P,2023-07-25,S,SOS,32684.249999999996,44508,35801.0,36165.0,1.3617568094724526,1.095359385636813,-11823.750000000004,-3116.7500000000036,364.0
SOS005L04P,2023-08-01,S,SOS,31775.499999999996,13682,29739.25,24964.0,0.43058331104152575,0.9359176094790013,18093.499999999996,2036.2499999999964,-4775.25
SOS005L04P,2023-08-08,S,SOS,0.0,0,1559.0,1240.0,,,0.0,-1559.0,-319.0
SOS008L02P,2022-12-27,S,SOS,1693.0,2022,781.9999999999999,705.0,1.1943295924394566,0.46190194920259886,-329.0,911.0000000000001,-76.99999999999989
SOS008L02P,2023-01-03,S,SOS,2360.499999999999,0,1927.0,2028.0,0.0,0.816352467697522,2360.499999999999,433.4999999999991,101.0
SOS008L02P,2023-01-10,S,SOS,2669.0,4818,2769.0,3727.0,1.8051704758336455,1.0374672161858374,-2149.0,-100.0,958.0
SOS008L02P,2023-01-17,S,SOS,4101.0,4035,4076.0,4326.5,0.9839063643013899,0.9939039258717386,66.0,25.0,250.5
SOS008L02P,2023-01-24,S,SOS,4849.0,2016,3545.0,3185.0,0.41575582594349353,0.7310785729016293,2833.0,1304.0,-360.0
SOS008L02P,2023-01-31,S,SOS,6040.5,6789,5902.5,5659.0,1.1239135833126397,0.9771542090886516,-748.5,138.0,-243.5
SOS008L02P,2023-02-07,S,SOS,1937.0,2000,2984.0,1237.0,1.0325245224574084,1.5405265875064533,-63.0,-1047.0,-1747.0
SOS008L02P,2023-02-14,S,SOS,4288.5,6074,3433.5,4712.0,1.416346041739536,0.8006295907660022,-1785.5,855.0,1278.5
SOS008L02P,2023-02-21,S,SOS,1811.9999999999998,0,2577.0,2611.413,0.0,1.4221854304635764,1811.9999999999998,-765.0000000000002,34.41300000000001
SOS008L02P,2023-02-28,S,SOS,4346.0,6778,3997.0,3933.0,1.5595950299125634,0.9196962724344224,-2432.0,349.0,-64.0
SOS008L02P,2023-03-07,S,SOS,4782.0,3130,3998.0,4793.0,0.6545378502718527,0.8360518611459641,1652.0,784.0,795.0
SOS008L02P,2023-03-14,S,SOS,2907.0,2026,2553.0,2705.0,0.696938424492604,0.8782249742002064,881.0,354.0,152.0
SOS008L02P,2023-03-21,S,SOS,1695.0,7014,3108.5,3617.0,4.138053097345133,1.8339233038348082,-5319.0,-1413.5,508.5
SOS008L02P,2023-03-28,S,SOS,3979.0,0,2481.5,2943.0,0.0,0.6236491580799196,3979.0,1497.5,461.5
SOS008L02P,2023-04-04,S,SOS,2161.0,3681,3790.5,3041.0,1.7033780657103192,1.7540490513651088,-1520.0,-1629.5,-749.5
SOS008L02P,2023-04-11,S,SOS,3235.5,4236,3355.4999999999995,2778.0,1.3092257765414927,1.0370885489105237,-1000.5,-119.99999999999955,-577.4999999999995
SOS008L02P,2023-04-18,S,SOS,315.0,0,983.0000000000001,932.0,0.0,3.120634920634921,315.0,-668.0000000000001,-51.000000000000114
SOS008L02P,2023-04-25,S,SOS,2095.0,0,1662.0,673.0,0.0,0.7933174224343675,2095.0,433.0,-989.0
SOS008L02P,2023-05-02,S,SOS,3990.5000000000005,0,2811.5,1958.0,0.0,0.7045483022177671,3990.5000000000005,1179.0000000000005,-853.5
SOS008L02P,2023-05-09,S,SOS,2900.0,8501,3336.499999999999,4154.0,2.931379310344828,1.15051724137931,-5601.0,-436.4999999999991,817.5000000000009
SOS008L02P,2023-05-16,S,SOS,1352.5,0,1233.5,1560.0,0.0,0.9120147874306839,1352.5,119.0,326.5
SOS008L02P,2023-05-23,S,SOS,520.0,0,1684.0,1005.0,0.0,3.2384615384615385,520.0,-1164.0,-679.0
SOS008L02P,2023-05-30,S,SOS,3061.5,0,1214.5,1845.0,0.0,0.3967009635799445,3061.5,1847.0,630.5
SOS008L02P,2023-06-06,S,SOS,1609.0000000000002,2576,2316.0,994.0,1.6009944064636419,1.4394033561218147,-966.9999999999998,-706.9999999999998,-1322.0
SOS008L02P,2023-06-13,S,SOS,2237.0,4054,1992.0,2700.0,1.812248547161377,0.8904783191774698,-1817.0,245.0,708.0
SOS008L02P,2023-06-20,S,SOS,4781.999999999999,0,3757.0,3510.0,0.0,0.785654537850272,4781.999999999999,1024.999999999999,-247.0
SOS008L02P,2023-06-27,S,SOS,585.0,1006,1364.0,950.0,1.7196581196581198,2.331623931623932,-421.0,-779.0,-414.0
SOS008L02P,2023-07-04,S,SOS,2101.5,3231,2581.5,2126.0,1.537473233404711,1.2284082798001428,-1129.5,-480.0,-455.5
SOS008L02P,2023-07-11,S,SOS,2836.0,4509,1906.4999999999998,1676.0,1.5899153737658673,0.672249647390691,-1673.0,929.5000000000002,-230.49999999999977
SOS008L02P,2023-07-18,S,SOS,2073.9999999999995,0,1561.4999999999998,2467.0,0.0,0.7528929604628737,2073.9999999999995,512.4999999999998,905.5000000000002
SOS008L02P,2023-07-25,S,SOS,2206.0,2001,2365.9999999999995,1830.0,0.9070716228467816,1.0725294650951946,205.0,-159.99999999999955,-535.9999999999995
SOS008L02P,2023-08-01,S,SOS,2748.0,4014,2430.0,2860.0,1.460698689956332,0.8842794759825328,-1266.0,318.0,430.0
SOS008L02P,2023-08-08,S,SOS,0.0,0,130.0,10.0,,,0.0,-130.0,-120.0
SOS250M48P,2022-12-27,S,SOS,1660.9999999999998,0,135.0,0.0,0.0,0.08127633955448527,1660.9999999999998,1525.9999999999998,-135.0
SOS250M48P,2023-01-03,S,SOS,2581.999999999999,4792,1272.9999999999998,2430.0,1.855925639039505,0.49302865995352446,-2210.000000000001,1308.9999999999993,1157.0000000000002
SOS250M48P,2023-01-10,S,SOS,2602.0,2,3456.999999999999,2364.0,0.0007686395080707148,1.3285933897002302,2600.0,-854.9999999999991,-1092.999999999999
SOS250M48P,2023-01-17,S,SOS,1850.9999999999998,4506,3059.9999999999995,3395.0,2.4343598055105353,1.6531604538087519,-2655.0,-1208.9999999999998,335.00000000000045
SOS250M48P,2023-01-24,S,SOS,1882.9999999999995,2504,1639.0009963768116,1383.0,1.3297928836962298,0.8704200724252852,-621.0000000000005,243.99900362318795,-256.0009963768116
SOS250M48P,2023-01-31,S,SOS,2612.9999999999995,32,2322.999003623188,3129.0,0.01224646000765404,0.889016074865361,2580.9999999999995,290.0009963768116,806.000996376812
SOS250M48P,2023-02-07,S,SOS,1763.9999999999995,0,85.0,0.0,0.0,0.048185941043083914,1763.9999999999995,1678.9999999999995,-85.0
SOS250M48P,2023-02-14,S,SOS,1812.9999999999995,7205,3959.0000000000005,4595.0,3.9740761169332606,2.183673469387756,-5392.0,-2146.000000000001,635.9999999999995
SOS250M48P,2023-02-21,S,SOS,1882.9999999999995,0,2327.0,2115.0,0.0,1.235793945831121,1882.9999999999995,-444.00000000000045,-212.0
SOS250M48P,2023-02-28,S,SOS,2197.999999999999,3,871.9789855072463,533.9590000000001,0.0013648771610555055,0.39671473407973007,2194.999999999999,1326.0210144927528,-338.01998550724625
SOS250M48P,2023-03-07,S,SOS,1205.9999999999995,0,75.0,0.0,0.0,0.06218905472636818,1205.9999999999995,1130.9999999999995,-75.0
SOS250M48P,2023-03-14,S,SOS,979.9999999999999,1174,30.0,30.0,1.1979591836734695,0.030612244897959186,-194.0000000000001,949.9999999999999,0.0
SOS250M48P,2023-03-21,S,SOS,975.9999999999999,7788,4410.021014492752,5426.0,7.979508196721312,4.518464154193394,-6812.0,-3434.0210144927523,1015.9789855072477
SOS250M48P,2023-03-28,S,SOS,1303.0,0,1410.9999999999998,1348.0,0.0,1.0828856485034535,1303.0,-107.99999999999977,-62.99999999999977
SOS250M48P,2023-04-04,S,SOS,2103.9999999999995,0,1805.9999999999995,2081.0,0.0,0.8583650190114068,2103.9999999999995,298.0,275.00000000000045
SOS250M48P,2023-04-11,S,SOS,786.0,3991,1219.9999999999998,970.0,5.077608142493639,1.5521628498727733,-3205.0,-433.9999999999998,-249.99999999999977
SOS250M48P,2023-04-18,S,SOS,274.9999999999999,0,509.9999999999999,335.0,0.0,1.854545454545455,274.9999999999999,-235.0,-174.9999999999999
SOS250M48P,2023-04-25,S,SOS,1505.0,0,722.0,307.0,0.0,0.479734219269103,1505.0,783.0,-415.0
SOS250M48P,2023-05-02,S,SOS,2048.9999999999995,0,1439.9999999999998,1243.0,0.0,0.7027818448023426,2048.9999999999995,608.9999999999998,-196.99999999999977
SOS250M48P,2023-05-09,S,SOS,1254.0,0,1052.9579710144928,898.0,0.0,0.8396794027228811,1254.0,201.04202898550716,-154.95797101449284
SOS250M48P,2023-05-16,S,SOS,870.0000000000001,4406,819.0009963768113,1592.0,5.064367816091953,0.9413804556055301,-3536.0,50.999003623188855,772.9990036231887
SOS250M48P,2023-05-23,S,SOS,824.9999999999999,0,2082.041032608695,1703.0,0.0,2.523686100131752,824.9999999999999,-1257.0410326086949,-379.0410326086949
SOS250M48P,2023-05-30,S,SOS,696.9999999999999,0,780.9999999999999,655.0,0.0,1.12051649928264,696.9999999999999,-84.0,-125.99999999999989
SOS250M48P,2023-06-06,S,SOS,1527.9999999999995,4303,1057.9579710144928,1252.0,2.8160994764397915,0.6923808710827835,-2775.0000000000005,470.0420289855067,194.04202898550716
SOS250M48P,2023-06-13,S,SOS,1167.0,0,1607.0420289855072,1738.0,0.0,1.377071147374042,1167.0,-440.04202898550716,130.95797101449284
SOS250M48P,2023-06-20,S,SOS,1225.9999999999998,0,1089.0,1213.0,0.0,0.8882544861337686,1225.9999999999998,136.99999999999977,124.0
SOS250M48P,2023-06-27,S,SOS,669.0,0,362.0,0.0,0.0,0.5411061285500748,669.0,307.0,-362.0
SOS250M48P,2023-07-04,S,SOS,1664.9999999999993,0,266.8970108695652,0.0,0.0,0.16029850502676593,1664.9999999999993,1398.1029891304343,-266.8970108695652
SOS250M48P,2023-07-11,S,SOS,922.9999999999998,5011,1170.9999999999998,2271.0,5.429035752979416,1.2686890574214518,-4088.0,-248.0,1100.0000000000002
SOS250M48P,2023-07-18,S,SOS,1663.9999999999998,0,2759.9999999999995,2070.0,0.0,1.658653846153846,1663.9999999999998,-1095.9999999999998,-689.9999999999995
SOS250M48P,2023-07-25,S,SOS,1530.9999999999995,2,1113.1039855072465,672.0,0.001306335728282169,0.7270437527806969,1528.9999999999995,417.896014492753,-441.10398550724653
SOS250M48P,2023-08-01,S,SOS,1754.999999999999,4724,2055.895018115942,2836.0,2.691737891737893,1.171450152772617,-2969.000000000001,-300.895018115943,780.1049818840579
SOS250M48P,2023-08-08,S,SOS,0.0,0,131.0,100.0,,,0.0,-131.0,-31.0
SOS500M24P,2022-12-27,S,SOS,15759.0,4503,6878.999999999997,5346.634,0.28574148105844277,0.43651246906529584,11256.0,8880.000000000004,-1532.3659999999973
SOS500M24P,2023-01-03,S,SOS,28941.999999999996,27760,28251.102807971016,25901.5,0.9591596987077605,0.9761282153262048,1181.9999999999964,690.8971920289805,-2349.602807971016
SOS500M24P,2023-01-10,S,SOS,23496.0,32180,26419.386956521746,32216.0,1.3695948246510044,1.1244206229367444,-8684.0,-2923.3869565217465,5796.6130434782535
SOS500M24P,2023-01-17,S,SOS,24526.65996376812,21120,23681.65896739131,23129.66,0.8611037960814644,0.9655476531404976,3406.659963768121,845.0009963768098,-551.9989673913115
SOS500M24P,2023-01-24,S,SOS,21100.3329710145,25417,23816.000000000007,22905.0,1.204578147411953,1.1287025675242195,-4316.667028985499,-2715.6670289855065,-911.0000000000073
SOS500M24P,2023-01-31,S,SOS,33731.33297101446,20572,25419.332971014497,28198.333000000002,0.6098780625621183,0.7535822255484977,13159.33297101446,8311.999999999964,2779.000028985505
SOS500M24P,2023-02-07,S,SOS,29404.999999999996,38250,28146.616032608697,29733.0,1.300799183812277,0.9572051022822208,-8845.000000000004,1258.383967391299,1586.3839673913026
SOS500M24P,2023-02-14,S,SOS,31241.99999999999,27074,33935.38396739131,33540.0,0.8665898470008325,1.0862103568078652,4167.999999999989,-2693.3839673913208,-395.38396739130985
SOS500M24P,2023-02-21,S,SOS,18437.000000000007,32295,25589.0,28484.0,1.7516407224602695,1.3879156044909686,-13857.999999999993,-7151.999999999993,2895.0
SOS500M24P,2023-02-28,S,SOS,26917.659963768117,25721,22872.65996376812,24044.769999999997,0.9555436852468285,0.8497269077087432,1196.6599637681174,4044.9999999999964,1172.1100362318757
SOS500M24P,2023-03-07,S,SOS,29488.99999999998,22648,28634.000000000004,27129.0,0.7680151921055314,0.9710061378819228,6840.999999999982,854.9999999999782,-1505.0000000000036
SOS500M24P,2023-03-14,S,SOS,26121.999999999993,26048,26496.000000000007,27500.0,0.9971671388101986,1.0143174335808902,73.99999999999272,-374.00000000001455,1003.9999999999927
SOS500M24P,2023-03-21,S,SOS,23276.16702898551,31883,25389.16702898551,30622.0,1.3697702014380853,1.0907795513483258,-8606.83297101449,-2113.0,5232.83297101449
SOS500M24P,2023-03-28,S,SOS,18075.542028985517,44805,20424.54202898551,33046.0,2.4787638416680258,1.129954609174828,-26729.457971014483,-2348.9999999999927,12621.45797101449
SOS500M24P,2023-04-04,S,SOS,23709.000000000004,22012,23137.000000000007,25498.0,0.9284238053060018,0.975874140621705,1697.0000000000036,571.9999999999964,2360.9999999999927
SOS500M24P,2023-04-11,S,SOS,22594.5401268116,8058,22565.165036231883,14357.331,0.3566348310155713,0.9986999031440849,14536.5401268116,29.375090579716925,-8207.834036231883
SOS500M24P,2023-04-18,S,SOS,4318.500000000001,5079,8298.500000000002,4442.0,1.1761028134769014,1.9216163019566979,-760.4999999999991,-3980.000000000001,-3856.500000000002
SOS500M24P,2023-04-25,S,SOS,13276.000000000007,0,11098.0,6692.0,0.0,0.8359445616149438,13276.000000000007,2178.0000000000073,-4406.0
SOS500M24P,2023-05-02,S,SOS,22848.999999999996,11739,16025.999999999996,10017.667,0.5137642785242243,0.7013873692502953,11109.999999999996,6823.0,-6008.332999999997
SOS500M24P,2023-05-09,S,SOS,13324.00000000001,21024,19198.333061594203,24006.666,1.5779045331732202,1.440883598138261,-7699.999999999991,-5874.333061594194,4808.332938405798
SOS500M24P,2023-05-16,S,SOS,11972.000000000004,11146,12426.0,11174.0,0.9310056799198126,1.0379218175743399,826.0000000000036,-453.99999999999636,-1252.0
SOS500M24P,2023-05-23,S,SOS,11033.0,10056,12285.999999999998,10495.0,0.9114474757545545,1.1135683857518353,977.0,-1252.9999999999982,-1790.9999999999982
SOS500M24P,2023-05-30,S,SOS,14954.000000000002,8911,11808.999999999998,7465.0,0.5958940751638357,0.7896883776915873,6043.000000000002,3145.0000000000036,-4343.999999999998
SOS500M24P,2023-06-06,S,SOS,18013.000000000007,8709,12782.539945652174,5765.0,0.48348415033586833,0.7096285985483911,9304.000000000007,5230.460054347834,-7017.539945652174
SOS500M24P,2023-06-13,S,SOS,20247.875000000007,40825,23527.46005434783,25568.0,2.016260965656889,1.1619718145409246,-20577.124999999993,-3279.5850543478227,2040.53994565217
SOS500M24P,2023-06-20,S,SOS,20329.3329710145,24537,24794.207971014504,26246.208000000002,1.206975164162286,1.2196272256628393,-4207.667028985499,-4464.875000000004,1452.000028985498
SOS500M24P,2023-06-27,S,SOS,5441.0829710144935,0,3979.082971014493,1479.0,0.0,0.7313034909064419,5441.0829710144935,1462.0000000000005,-2500.082971014493
SOS500M24P,2023-07-04,S,SOS,16741.000000000007,7510,15163.000000000004,10634.0,0.4485992473567885,0.9057403978256973,9231.000000000007,1578.0000000000036,-4529.000000000004
SOS500M24P,2023-07-11,S,SOS,13752.000000000004,14811,16227.000000000002,15826.0,1.077006980802792,1.1799738219895286,-1058.9999999999964,-2474.999999999998,-401.0000000000018
SOS500M24P,2023-07-18,S,SOS,13769.000000000004,13914,13718.0,14282.0,1.0105309027525597,0.9962960273077199,-144.99999999999636,51.00000000000364,564.0
SOS500M24P,2023-07-25,S,SOS,15278.000000000005,21178,17321.0,19869.0,1.3861762010734384,1.1337216913208532,-5899.9999999999945,-2042.9999999999945,2548.0
SOS500M24P,2023-08-01,S,SOS,13923.000000000007,10021,13226.0,12149.0,0.7197443079796018,0.9499389499389495,3902.0000000000073,697.0000000000073,-1077.0
SOS500M24P,2023-08-08,S,SOS,0.0,1024,499.9999999999999,445.0,,,-1024.0,-499.9999999999999,-54.999999999999886
