Date,product_id,Group,Sub-Group,sales_units,production_units,delivery_units,factory_units
2023-01-01,AT5X5K,A,AT,2642.0,1500,707.0,970.0
2023-01-01,ATN01K24P,A,ATN,5184.0,3500,470.0,2600.0
2023-01-01,ATN02K12P,A,ATN,1819.0,200,497.08,100.0
2023-01-01,ATPA1K24P,A,ATPA,0.0,0,0.0,0.0
2023-01-01,ATPPCH5X5K,A,ATPPCH,0.0,0,0.0,0.0
2023-01-01,ATWWP001K24P,A,ATWWP,42.0,0,0.0,0.0
2023-01-01,ATWWP002K12P,A,ATWWP,100.0,0,0.0,0.0
2023-01-01,EEA200G24P,E,EEA,0.0,0,0.0,0.0
2023-01-01,EEA500G12P,E,EEA,0.0,0,0.0,0.0
2023-01-01,MAC1K25P,M,MAC,0.0,0,0.0,0.0
2023-01-01,MAHS025K,M,MAHS,25.0,48,0.0,43.0
2023-01-01,MAP1K25P,M,MAP,0.0,0,0.0,0.0
2023-01-01,MAPA1K24P,M,MAPA,0.0,0,0.0,0.0
2023-01-01,MAR01K24P,M,MAR,1607.0,100,137.0,480.0
2023-01-01,MAR02K12P,M,MAR,464.0,100,99.0,0.0
2023-01-01,MASR025K,M,MASR,96.0,0,120.0,0.0
2023-01-01,POP001L12P,P,POP,3906.0,1012,1056.0,400.0
2023-01-01,POP002L09P,P,POP,228.0,0,89.0,0.0
2023-01-01,POP005L04P,P,POP,83.0,0,10.00098901098901,0.0
2023-01-01,POP015K,P,POP,0.0,0,0.0,0.0
2023-01-01,POP500M24P,P,POP,428.9999999999999,0,82.0,0.0
2023-01-01,POPF01L12P,P,POPF,779.9999999999999,200,10.0,152.0
2023-01-01,POV001L24P,P,POV,1829.0,201,634.0000000000001,390.0
2023-01-01,POV002L09P,P,POV,572.9999999999999,0,84.00000000000001,200.0
2023-01-01,POV005L04P,P,POV,348.0000000000001,0,72.00000000000001,100.0
2023-01-01,POV500M24P,P,POV,1349.0,205,414.0,245.0
2023-01-01,SE200G24P,S,SE,225.0,0,0.0,200.0
2023-01-01,SE500G24P,S,SE,1507.0,1000,160.0,1341.0
2023-01-01,SO0001L12P,S,SO,0.0,0,0.0,0.0
2023-01-01,SO0002L09P,S,SO,0.0,0,0.0,0.0
2023-01-01,SO0005L04P,S,SO,0.0,0,0.0,0.0
2023-01-01,SO0500M24P,S,SO,0.0,0,0.0,0.0
2023-01-01,SOP001L12P,S,SOP,100.0,0,23.0,10.0
2023-01-01,SOS001L12P,S,SOS,21393.99999999999,4016,3816.0,2748.0
2023-01-01,SOS002L09P,S,SOS,14556.00000000001,2034,1698.0,2080.0
2023-01-01,SOS003L04P,S,SOS,1949.000000000004,0,342.0000000000001,287.0
2023-01-01,SOS005L04P,S,SOS,12594.0,3008,2241.0,2598.0
2023-01-01,SOS008L02P,S,SOS,1355.0,1008,455.0,220.0
2023-01-01,SOS250M48P,S,SOS,1159.0,0,69.0,0.0
2023-01-01,SOS500M24P,S,SOS,8552.000000000002,1003,1554.999999999999,1670.634
2023-01-02,AT5X5K,A,AT,1070.0,1500,2317.0,1720.0
2023-01-02,ATN01K24P,A,ATN,4345.0,4000,4269.0,3140.0
2023-01-02,ATN02K12P,A,ATN,1281.0,500,823.0,705.0
2023-01-02,ATPA1K24P,A,ATPA,0.0,0,0.0,0.0
2023-01-02,ATPPCH5X5K,A,ATPPCH,0.0,0,0.0,0.0
2023-01-02,ATWWP001K24P,A,ATWWP,37.0,0,0.0,0.0
2023-01-02,ATWWP002K12P,A,ATWWP,15.0,0,0.0,0.0
2023-01-02,EEA200G24P,E,EEA,0.0,0,0.0,0.0
2023-01-02,EEA500G12P,E,EEA,0.0,0,0.0,0.0
2023-01-02,MAC1K25P,M,MAC,0.0,25,0.0,0.0
2023-01-02,MAHS025K,M,MAHS,0.0,0,0.0,0.0
2023-01-02,MAP1K25P,M,MAP,0.0,0,0.0,0.0
2023-01-02,MAPA1K24P,M,MAPA,0.0,0,0.0,0.0
2023-01-02,MAR01K24P,M,MAR,999.0,200,962.0,425.0
2023-01-02,MAR02K12P,M,MAR,310.0,100,236.0,100.0
2023-01-02,MASR025K,M,MASR,21.0,100,129.0,70.0
2023-01-02,POP001L12P,P,POP,3172.0,3616,1932.0,2026.0
2023-01-02,POP002L09P,P,POP,140.0,101,100.0,165.0
2023-01-02,POP005L04P,P,POP,70.0,150,7.000000000000001,25.0
2023-01-02,POP015K,P,POP,0.0,0,0.0,0.0
2023-01-02,POP500M24P,P,POP,209.0,401,129.0,390.0
2023-01-02,POPF01L12P,P,POPF,213.0,114,297.9999999999999,250.0
2023-01-02,POV001L24P,P,POV,1277.0,804,1045.0,1250.0
2023-01-02,POV002L09P,P,POV,379.9999999999999,305,345.0000000000001,318.0
2023-01-02,POV005L04P,P,POV,160.0,154,85.0,88.0
2023-01-02,POV500M24P,P,POV,558.9999999999999,603,1111.0,1037.0
2023-01-02,SE200G24P,S,SE,109.0,0,55.22895833333333,46.0
2023-01-02,SE500G24P,S,SE,602.0,300,980.0,427.0
2023-01-02,SO0001L12P,S,SO,0.0,0,0.0,0.0
2023-01-02,SO0002L09P,S,SO,0.0,0,0.0,0.0
2023-01-02,SO0005L04P,S,SO,0.0,0,0.0,0.0
2023-01-02,SO0500M24P,S,SO,0.0,0,0.0,0.0
2023-01-02,SOP001L12P,S,SOP,160.0,0,60.0,60.0
2023-01-02,SOS001L12P,S,SOS,17058.99999999999,7000,12683.0,7560.0
2023-01-02,SOS002L09P,S,SOS,13085.00000000001,6000,9240.000000000004,4640.0
2023-01-02,SOS003L04P,S,SOS,1842.000000000002,0,1458.0,1048.0
2023-01-02,SOS005L04P,S,SOS,11677.0,6000,8285.999999999998,4982.0
2023-01-02,SOS008L02P,S,SOS,338.0,1014,326.9999999999999,485.0
2023-01-02,SOS250M48P,S,SOS,501.9999999999997,0,66.0,0.0
2023-01-02,SOS500M24P,S,SOS,7206.999999999998,3500,5323.999999999998,3676.0
2023-01-03,AT5X5K,A,AT,2355.0,2000,2215.6,2964.0
2023-01-03,ATN01K24P,A,ATN,5891.333,0,4086.333,3875.0
2023-01-03,ATN02K12P,A,ATN,736.0,0,1166.25,1685.0
2023-01-03,ATPA1K24P,A,ATPA,0.0,0,0.0,0.0
2023-01-03,ATPPCH5X5K,A,ATPPCH,0.0,0,0.0,0.0
2023-01-03,ATWWP001K24P,A,ATWWP,51.0,0,1.0,0.0
2023-01-03,ATWWP002K12P,A,ATWWP,11.0,0,0.0,0.0
2023-01-03,EEA200G24P,E,EEA,0.0,0,0.0,0.0
2023-01-03,EEA500G12P,E,EEA,0.0,0,0.0,0.0
2023-01-03,MAC1K25P,M,MAC,12.0,0,0.0,0.0
2023-01-03,MAHS025K,M,MAHS,0.0,0,18.0,5.0
2023-01-03,MAP1K25P,M,MAP,0.0,0,0.0,0.0
2023-01-03,MAPA1K24P,M,MAPA,0.0,0,0.0,0.0
2023-01-03,MAR01K24P,M,MAR,2004.0,1200,1007.875,1110.0
2023-01-03,MAR02K12P,M,MAR,63.0,0,173.583,140.0
2023-01-03,MASR025K,M,MASR,35.0,0,26.0,160.0
2023-01-03,POP001L12P,P,POP,1990.0,612,1802.0,2234.0
2023-01-03,POP002L09P,P,POP,55.00000000000001,0,114.0,28.0
2023-01-03,POP005L04P,P,POP,25.0,0,35.0,36.0
2023-01-03,POP015K,P,POP,0.0,0,0.0,0.0
2023-01-03,POP500M24P,P,POP,201.0,300,281.0,50.0
2023-01-03,POPF01L12P,P,POPF,85.0,0,75.0,64.0
2023-01-03,POV001L24P,P,POV,999.0,701,1061.0,938.0
2023-01-03,POV002L09P,P,POV,275.0,1,342.0,401.0
2023-01-03,POV005L04P,P,POV,190.0,0,270.0,195.0
2023-01-03,POV500M24P,P,POV,668.9999999999999,900,442.0000000000001,530.0
2023-01-03,SE200G24P,S,SE,100.0,0,203.0,0.0
2023-01-03,SE500G24P,S,SE,1363.0,300,854.5,435.0
2023-01-03,SO0001L12P,S,SO,0.0,0,0.0,0.0
2023-01-03,SO0002L09P,S,SO,0.0,0,0.0,0.0
2023-01-03,SO0005L04P,S,SO,0.0,0,0.0,0.0
2023-01-03,SO0500M24P,S,SO,0.0,0,0.0,0.0
2023-01-03,SOP001L12P,S,SOP,277.9999999999999,0,42.8320652173913,0.0
2023-01-03,SOS001L12P,S,SOS,12178.0,10000,14731.16603260869,12661.0
2023-01-03,SOS002L09P,S,SOS,8573.107971014482,5053,10290.44504830918,10801.0
2023-01-03,SOS003L04P,S,SOS,1135.0,0,1207.0,719.0
2023-01-03,SOS005L04P,S,SOS,8550.999999999998,4012,11279.75,11175.0
2023-01-03,SOS008L02P,S,SOS,225.9999999999999,0,523.5,520.0
2023-01-03,SOS250M48P,S,SOS,289.9999999999999,0,24.0,0.0
2023-01-03,SOS500M24P,S,SOS,4234.000000000003,8500,5393.500000000002,6334.5
2023-01-04,AT5X5K,A,AT,909.8,2000,2439.0,2265.0
2023-01-04,ATN01K24P,A,ATN,4698.958,3000,5124.333,4318.0
2023-01-04,ATN02K12P,A,ATN,523.0,1700,923.0,945.0
2023-01-04,ATPA1K24P,A,ATPA,0.0,0,0.0,0.0
2023-01-04,ATPPCH5X5K,A,ATPPCH,0.0,0,0.0,0.0
2023-01-04,ATWWP001K24P,A,ATWWP,49.0,0,15.0,0.0
2023-01-04,ATWWP002K12P,A,ATWWP,50.0,0,0.0,0.0
2023-01-04,EEA200G24P,E,EEA,0.0,0,0.0,0.0
2023-01-04,EEA500G12P,E,EEA,0.0,0,0.0,0.0
2023-01-04,MAC1K25P,M,MAC,25.0,0,0.0,0.0
2023-01-04,MAHS025K,M,MAHS,2.0,0,17.0,0.0
2023-01-04,MAP1K25P,M,MAP,0.0,0,0.0,0.0
2023-01-04,MAPA1K24P,M,MAPA,0.0,0,0.0,0.0
2023-01-04,MAR01K24P,M,MAR,760.875,1400,1387.0,1014.0
2023-01-04,MAR02K12P,M,MAR,65.0,0,103.0,108.0
2023-01-04,MASR025K,M,MASR,46.0,5,24.0,0.0
2023-01-04,POP001L12P,P,POP,2388.0000000000005,4016,2506.0,2368.0
2023-01-04,POP002L09P,P,POP,149.0,201,109.0,91.0
2023-01-04,POP005L04P,P,POP,30.0,0,73.0,105.0
2023-01-04,POP015K,P,POP,0.0,0,0.0,0.0
2023-01-04,POP500M24P,P,POP,95.0,205,282.9999999999999,162.0
2023-01-04,POPF01L12P,P,POPF,55.0,260,110.0,200.0
2023-01-04,POV001L24P,P,POV,1250.0,2000,1071.0,800.0
2023-01-04,POV002L09P,P,POV,438.0000000000001,707,193.0000000000001,51.0
2023-01-04,POV005L04P,P,POV,236.0,0,155.0,160.0
2023-01-04,POV500M24P,P,POV,781.0,402,439.9999999999999,525.0
2023-01-04,SE200G24P,S,SE,130.0,0,66.77104166666666,1.0
2023-01-04,SE500G24P,S,SE,756.667,100,583.0,300.0
2023-01-04,SO0001L12P,S,SO,0.0,0,0.0,0.0
2023-01-04,SO0002L09P,S,SO,0.0,0,0.0,0.0
2023-01-04,SO0005L04P,S,SO,0.0,0,0.0,0.0
2023-01-04,SO0500M24P,S,SO,0.0,0,0.0,0.0
2023-01-04,SOP001L12P,S,SOP,58.41702898550724,10,264.9999999999999,297.0
2023-01-04,SOS001L12P,S,SOS,10920.08297101449,10618,13842.66603260868,12087.0
2023-01-04,SOS002L09P,S,SOS,8487.110990338162,15478,10267.88695652174,9004.0
2023-01-04,SOS003L04P,S,SOS,966.9999999999994,2014,1435.999999999999,1016.0
2023-01-04,SOS005L04P,S,SOS,10667.25,10497,9897.000000000002,8286.0
2023-01-04,SOS008L02P,S,SOS,223.4999999999999,0,158.0,305.0
2023-01-04,SOS250M48P,S,SOS,484.9999999999999,0,0.0,0.0
2023-01-04,SOS500M24P,S,SOS,4046.0,7281,5641.000000000001,5525.0
2023-01-05,AT5X5K,A,AT,3504.0,2000,735.8,1100.0
2023-01-05,ATN01K24P,A,ATN,3552.0,5000,3566.958,3869.0
2023-01-05,ATN02K12P,A,ATN,930.0,1000,875.0,665.0
2023-01-05,ATPA1K24P,A,ATPA,0.0,0,0.0,0.0
2023-01-05,ATPPCH5X5K,A,ATPPCH,0.0,0,0.0,0.0
2023-01-05,ATWWP001K24P,A,ATWWP,18.0,0,1.0,0.0
2023-01-05,ATWWP002K12P,A,ATWWP,0.0,0,0.0,0.0
2023-01-05,EEA200G24P,E,EEA,0.0,0,0.0,0.0
2023-01-05,EEA500G12P,E,EEA,0.0,0,0.0,0.0
2023-01-05,MAC1K25P,M,MAC,0.0,0,0.0,0.0
2023-01-05,MAHS025K,M,MAHS,37.0,0,15.0,0.0
2023-01-05,MAP1K25P,M,MAP,0.0,0,0.0,0.0
2023-01-05,MAPA1K24P,M,MAPA,0.0,0,0.0,0.0
2023-01-05,MAR01K24P,M,MAR,1129.0,2500,361.865,1155.0
2023-01-05,MAR02K12P,M,MAR,364.0,0,176.0,300.0
2023-01-05,MASR025K,M,MASR,244.0,0,62.0,30.0
2023-01-05,POP001L12P,P,POP,3962.0,3082,2622.0,2896.0
2023-01-05,POP002L09P,P,POP,123.0,102,5.000000000000001,30.0
2023-01-05,POP005L04P,P,POP,49.0,100,5.0,30.0
2023-01-05,POP015K,P,POP,0.0,0,0.0,0.0
2023-01-05,POP500M24P,P,POP,210.0,101,51.00000000000001,275.0
2023-01-05,POPF01L12P,P,POPF,195.0,54,24.0,160.0
2023-01-05,POV001L24P,P,POV,1112.0,1300,1143.0,1365.0
2023-01-05,POV002L09P,P,POV,374.0000000000001,404,339.9999999999999,470.0
2023-01-05,POV005L04P,P,POV,210.0,500,151.0,195.0
2023-01-05,POV500M24P,P,POV,851.0,902,904.0,860.0
2023-01-05,SE200G24P,S,SE,155.0,0,35.0,0.0
2023-01-05,SE500G24P,S,SE,1398.0,1000,347.667,645.0
2023-01-05,SO0001L12P,S,SO,0.0,0,0.0,0.0
2023-01-05,SO0002L09P,S,SO,0.0,0,0.0,0.0
2023-01-05,SO0005L04P,S,SO,0.0,0,0.0,0.0
2023-01-05,SO0500M24P,S,SO,0.0,0,0.0,0.0
2023-01-05,SOP001L12P,S,SOP,63.0,400,43.41702898550724,0.0
2023-01-05,SOS001L12P,S,SOS,16931.0,15156,9933.416938405791,12414.0
2023-01-05,SOS002L09P,S,SOS,11923.11002415458,16000,7193.276992753623,8875.0
2023-01-05,SOS003L04P,S,SOS,1783.0,2022,895.9999999999999,1120.0
2023-01-05,SOS005L04P,S,SOS,14864.0,16000,8843.249999999998,9787.0
2023-01-05,SOS008L02P,S,SOS,233.0,0,351.4999999999999,320.0
2023-01-05,SOS250M48P,S,SOS,554.9999999999999,0,0.0,0.0
2023-01-05,SOS500M24P,S,SOS,6357.000000000001,8000,4089.000000000001,4576.0
2023-01-06,AT5X5K,A,AT,0.0,1000,1147.0,1437.0
2023-01-06,ATN01K24P,A,ATN,0.0,5,2012.0,4322.0
2023-01-06,ATN02K12P,A,ATN,0.0,800,348.0,250.0
2023-01-06,ATPA1K24P,A,ATPA,0.0,0,0.0,0.0
2023-01-06,ATPPCH5X5K,A,ATPPCH,0.0,0,0.0,0.0
2023-01-06,ATWWP001K24P,A,ATWWP,0.0,1000,3.0,0.0
2023-01-06,ATWWP002K12P,A,ATWWP,0.0,540,0.0,0.0
2023-01-06,EEA200G24P,E,EEA,0.0,0,0.0,0.0
2023-01-06,EEA500G12P,E,EEA,0.0,0,0.0,0.0
2023-01-06,MAC1K25P,M,MAC,0.0,0,0.0,0.0
2023-01-06,MAHS025K,M,MAHS,0.0,0,0.0,0.0
2023-01-06,MAP1K25P,M,MAP,0.0,0,0.0,0.0
2023-01-06,MAPA1K24P,M,MAPA,0.0,0,0.0,0.0
2023-01-06,MAR01K24P,M,MAR,0.0,300,265.0,1380.0
2023-01-06,MAR02K12P,M,MAR,0.0,300,5.0,0.0
2023-01-06,MASR025K,M,MASR,0.0,100,0.0,59.0
2023-01-06,POP001L12P,P,POP,0.0,478,1268.0000000000002,910.0
2023-01-06,POP002L09P,P,POP,0.0,0,50.0,160.0
2023-01-06,POP005L04P,P,POP,0.0,0,25.0,30.0
2023-01-06,POP015K,P,POP,0.0,0,0.0,0.0
2023-01-06,POP500M24P,P,POP,0.0,0,115.0,70.0
2023-01-06,POPF01L12P,P,POPF,0.0,0,78.0,0.0
2023-01-06,POV001L24P,P,POV,0.0,1,580.0,955.0
2023-01-06,POV002L09P,P,POV,0.0,0,330.0,235.0
2023-01-06,POV005L04P,P,POV,0.0,0,175.0,135.0
2023-01-06,POV500M24P,P,POV,0.0,311,430.0000000000001,778.0
2023-01-06,SE200G24P,S,SE,0.0,0,0.0,0.0
2023-01-06,SE500G24P,S,SE,0.0,400,230.0,555.0
2023-01-06,SO0001L12P,S,SO,0.0,0,0.0,0.0
2023-01-06,SO0002L09P,S,SO,0.0,0,0.0,0.0
2023-01-06,SO0005L04P,S,SO,0.0,0,0.0,0.0
2023-01-06,SO0500M24P,S,SO,0.0,0,0.0,0.0
2023-01-06,SOP001L12P,S,SOP,0.0,0,130.0,140.0
2023-01-06,SOS001L12P,S,SOS,0.0,5006,5391.999999999998,8453.0
2023-01-06,SOS002L09P,S,SOS,0.110024154589372,5015,4396.999999999998,9742.0
2023-01-06,SOS003L04P,S,SOS,0.0,0,769.9999999999999,865.0
2023-01-06,SOS005L04P,S,SOS,0.0,5623,5192.999999999999,8954.0
2023-01-06,SOS008L02P,S,SOS,0.0,0,55.0,390.0
2023-01-06,SOS250M48P,S,SOS,0.0,0,0.0,0.0
2023-01-06,SOS500M24P,S,SOS,0.0,1603,1960.0,3090.0
2023-01-07,AT5X5K,A,AT,10.0,1500,1667.0,1672.0
2023-01-07,ATN01K24P,A,ATN,324.0,3000,2064.0,995.0
2023-01-07,ATN02K12P,A,ATN,608.0,400,755.0,690.0
2023-01-07,ATPA1K24P,A,ATPA,0.0,0,0.0,0.0
2023-01-07,ATPPCH5X5K,A,ATPPCH,0.0,0,0.0,0.0
2023-01-07,ATWWP001K24P,A,ATWWP,0.0,883,5.0,123.0
2023-01-07,ATWWP002K12P,A,ATWWP,0.0,0,0.0,100.0
2023-01-07,EEA200G24P,E,EEA,0.0,0,0.0,0.0
2023-01-07,EEA500G12P,E,EEA,0.0,0,0.0,0.0
2023-01-07,MAC1K25P,M,MAC,0.0,0,0.0,0.0
2023-01-07,MAHS025K,M,MAHS,0.0,56,0.0,0.0
2023-01-07,MAP1K25P,M,MAP,0.0,0,0.0,0.0
2023-01-07,MAPA1K24P,M,MAPA,0.0,0,0.0,0.0
2023-01-07,MAR01K24P,M,MAR,81.0,300,1405.0,120.0
2023-01-07,MAR02K12P,M,MAR,147.0,7,247.0,230.0
2023-01-07,MASR025K,M,MASR,477.0,45,60.0,100.0
2023-01-07,POP001L12P,P,POP,1350.0,1600,2242.0,2960.0
2023-01-07,POP002L09P,P,POP,10.0,151,30.99700854700855,90.0
2023-01-07,POP005L04P,P,POP,0.0,0,43.0,0.0
2023-01-07,POP015K,P,POP,0.0,0,0.0,0.0
2023-01-07,POP500M24P,P,POP,5.0,306,96.0,130.0
2023-01-07,POPF01L12P,P,POPF,0.0,0,660.0000000000001,540.0
2023-01-07,POV001L24P,P,POV,530.0,0,586.0000000000001,230.0
2023-01-07,POV002L09P,P,POV,170.0,398,179.0,314.0
2023-01-07,POV005L04P,P,POV,135.0,0,169.0,100.0
2023-01-07,POV500M24P,P,POV,730.0,1007,480.0000000000001,190.0
2023-01-07,SE200G24P,S,SE,0.0,295,12.22895833333333,0.0
2023-01-07,SE500G24P,S,SE,24.0,400,863.0,100.0
2023-01-07,SO0001L12P,S,SO,0.0,0,0.0,0.0
2023-01-07,SO0002L09P,S,SO,0.0,0,0.0,0.0
2023-01-07,SO0005L04P,S,SO,0.0,0,0.0,0.0
2023-01-07,SO0500M24P,S,SO,0.0,0,0.0,0.0
2023-01-07,SOP001L12P,S,SOP,34.99999999999999,0,44.99999999999999,40.0
2023-01-07,SOS001L12P,S,SOS,1419.0,9314,12888.0,5537.0
2023-01-07,SOS002L09P,S,SOS,1581.999999999999,3033,8929.164009661832,3564.0
2023-01-07,SOS003L04P,S,SOS,305.0,0,1099.0,630.0
2023-01-07,SOS005L04P,S,SOS,3215.999999999999,8001,10303.0,5247.0
2023-01-07,SOS008L02P,S,SOS,15.0,0,434.0000000000001,300.0
2023-01-07,SOS250M48P,S,SOS,114.0,0,10.0,0.0
2023-01-07,SOS500M24P,S,SOS,795.9999999999998,2376,4485.0,2169.0
2023-01-08,AT5X5K,A,AT,3322.0,1500,1225.0,1009.0
2023-01-08,ATN01K24P,A,ATN,9714.0,3000,1508.0,1460.0
2023-01-08,ATN02K12P,A,ATN,1782.0,0,897.0,720.0
2023-01-08,ATPA1K24P,A,ATPA,0.0,0,0.0,0.0
2023-01-08,ATPPCH5X5K,A,ATPPCH,0.0,0,0.0,0.0
2023-01-08,ATWWP001K24P,A,ATWWP,101.0,0,36.0,595.0
2023-01-08,ATWWP002K12P,A,ATWWP,28.0,0,30.0,60.0
2023-01-08,EEA200G24P,E,EEA,0.0,0,0.0,0.0
2023-01-08,EEA500G12P,E,EEA,0.0,0,0.0,0.0
2023-01-08,MAC1K25P,M,MAC,0.0,4,0.0,29.0
2023-01-08,MAHS025K,M,MAHS,240.0,0,0.0,34.0
2023-01-08,MAP1K25P,M,MAP,0.0,0,0.0,0.0
2023-01-08,MAPA1K24P,M,MAPA,0.0,0,0.0,0.0
2023-01-08,MAR01K24P,M,MAR,2100.0,350,562.0,925.0
2023-01-08,MAR02K12P,M,MAR,137.0,0,211.0,100.0
2023-01-08,MASR025K,M,MASR,231.0,0,79.0,25.0
2023-01-08,POP001L12P,P,POP,4668.0,3666,1132.0000000000002,710.0
2023-01-08,POP002L09P,P,POP,115.0,0,40.0,108.0
2023-01-08,POP005L04P,P,POP,35.0,100,25.0,29.0
2023-01-08,POP015K,P,POP,0.0,0,0.0,0.0
2023-01-08,POP500M24P,P,POP,320.0,0,119.0,25.0
2023-01-08,POPF01L12P,P,POPF,613.9999999999999,0,115.0,50.0
2023-01-08,POV001L24P,P,POV,1082.0,1202,725.0000000000001,801.0
2023-01-08,POV002L09P,P,POV,390.0000000000001,0,150.0,438.0
2023-01-08,POV005L04P,P,POV,260.0,401,110.0,99.0
2023-01-08,POV500M24P,P,POV,547.0,0,548.0000000000001,643.0
2023-01-08,SE200G24P,S,SE,97.0,102,220.0,365.0
2023-01-08,SE500G24P,S,SE,1553.0,500,284.0,910.0
2023-01-08,SO0001L12P,S,SO,0.0,0,0.0,0.0
2023-01-08,SO0002L09P,S,SO,0.0,0,0.0,0.0
2023-01-08,SO0005L04P,S,SO,0.0,0,0.0,0.0
2023-01-08,SO0500M24P,S,SO,0.0,0,0.0,0.0
2023-01-08,SOP001L12P,S,SOP,72.0,100,49.99999999999999,20.0
2023-01-08,SOS001L12P,S,SOS,17242.99999999999,8386,6249.000000000002,8480.0
2023-01-08,SOS002L09P,S,SOS,11858.11002415459,0,5750.110024154586,8324.0
2023-01-08,SOS003L04P,S,SOS,1927.0,2005,626.9999999999999,795.0
2023-01-08,SOS005L04P,S,SOS,13298.0,10000,6682.999999999999,9138.0
2023-01-08,SOS008L02P,S,SOS,1520.999999999999,0,243.0,78.0
2023-01-08,SOS250M48P,S,SOS,495.0,1818,449.9999999999999,1055.0
2023-01-08,SOS500M24P,S,SOS,7198.999999999996,0,3124.999999999998,1840.0
2023-01-09,AT5X5K,A,AT,2254.0,1500,3501.94,3129.0
2023-01-09,ATN01K24P,A,ATN,6696.0,6000,7875.0,5775.0
2023-01-09,ATN02K12P,A,ATN,925.0,1000,1527.0,1240.0
2023-01-09,ATPA1K24P,A,ATPA,0.0,0,0.0,0.0
2023-01-09,ATPPCH5X5K,A,ATPPCH,0.0,0,0.0,0.0
2023-01-09,ATWWP001K24P,A,ATWWP,80.0,433,147.0,846.0
2023-01-09,ATWWP002K12P,A,ATWWP,6.0,0,111.166,50.0
2023-01-09,EEA200G24P,E,EEA,0.0,0,0.0,0.0
2023-01-09,EEA500G12P,E,EEA,0.0,0,0.0,0.0
2023-01-09,MAC1K25P,M,MAC,0.0,0,25.0,0.0
2023-01-09,MAHS025K,M,MAHS,0.0,0,47.0,22.0
2023-01-09,MAP1K25P,M,MAP,0.0,0,0.0,0.0
2023-01-09,MAPA1K24P,M,MAPA,0.0,0,0.0,0.0
2023-01-09,MAR01K24P,M,MAR,1099.0,800,1617.01,1360.0
2023-01-09,MAR02K12P,M,MAR,63.0,500,162.0,241.0
2023-01-09,MASR025K,M,MASR,34.0,114,124.0,50.0
2023-01-09,POP001L12P,P,POP,8072.000000000002,1290,2032.0,1200.0
2023-01-09,POP002L09P,P,POP,65.0,0,69.0,10.0
2023-01-09,POP005L04P,P,POP,90.0,0,0.0,0.0
2023-01-09,POP015K,P,POP,0.0,0,0.0,0.0
2023-01-09,POP500M24P,P,POP,384.0000000000001,0,90.0,65.0
2023-01-09,POPF01L12P,P,POPF,915.0,0,66.99999999999999,0.0
2023-01-09,POV001L24P,P,POV,1390.0,1403,1013.0,547.0
2023-01-09,POV002L09P,P,POV,360.0000000000001,0,245.0000000000001,0.0
2023-01-09,POV005L04P,P,POV,210.0,0,178.0,325.0
2023-01-09,POV500M24P,P,POV,830.0,0,500.0,220.0
2023-01-09,SE200G24P,S,SE,54.0,65,145.0,100.0
2023-01-09,SE500G24P,S,SE,1163.0,150,541.0,245.0
2023-01-09,SO0001L12P,S,SO,0.0,0,0.0,0.0
2023-01-09,SO0002L09P,S,SO,0.0,0,0.0,0.0
2023-01-09,SO0005L04P,S,SO,0.0,0,0.0,0.0
2023-01-09,SO0500M24P,S,SO,0.0,0,0.0,0.0
2023-01-09,SOP001L12P,S,SOP,84.99999999999999,0,40.0,27.0
2023-01-09,SOS001L12P,S,SOS,15627.99999999999,10004,11546.99999999999,11839.0
2023-01-09,SOS002L09P,S,SOS,5833.666002415459,0,6022.776026570051,825.0
2023-01-09,SOS003L04P,S,SOS,1902.000000000001,2014,1543.0,1215.0
2023-01-09,SOS005L04P,S,SOS,10586.5,6017,9287.25,7796.0
2023-01-09,SOS008L02P,S,SOS,142.0,0,162.0,115.0
2023-01-09,SOS250M48P,S,SOS,642.9999999999997,2974,788.9999999999999,1375.0
2023-01-09,SOS500M24P,S,SOS,6309.999999999996,0,3557.602807971015,2367.0
2023-01-10,AT5X5K,A,AT,2414.0,2000,1559.0,1200.0
2023-01-10,ATN01K24P,A,ATN,7413.0,5050,5823.0,5990.0
2023-01-10,ATN02K12P,A,ATN,1791.0,1200,759.0,920.0
2023-01-10,ATPA1K24P,A,ATPA,0.0,0,0.0,0.0
2023-01-10,ATPPCH5X5K,A,ATPPCH,0.0,0,0.0,0.0
2023-01-10,ATWWP001K24P,A,ATWWP,95.0,0,256.625,15.0
2023-01-10,ATWWP002K12P,A,ATWWP,150.0,0,15.0,50.0
2023-01-10,EEA200G24P,E,EEA,0.0,0,0.0,0.0
2023-01-10,EEA500G12P,E,EEA,0.0,0,0.0,0.0
2023-01-10,MAC1K25P,M,MAC,0.0,0,4.0,0.0
2023-01-10,MAHS025K,M,MAHS,30.0,200,130.0,130.0
2023-01-10,MAP1K25P,M,MAP,0.0,0,0.0,0.0
2023-01-10,MAPA1K24P,M,MAPA,0.0,0,0.0,0.0
2023-01-10,MAR01K24P,M,MAR,1236.0,2500,882.9900000000001,453.0
2023-01-10,MAR02K12P,M,MAR,532.0,300,88.0,160.0
2023-01-10,MASR025K,M,MASR,95.0,510,172.0,230.0
2023-01-10,POP001L12P,P,POP,1189.9999999999998,3000,2844.0,3824.0
2023-01-10,POP002L09P,P,POP,54.0,0,108.0,61.0
2023-01-10,POP005L04P,P,POP,41.00000000000001,0,30.0,25.0
2023-01-10,POP015K,P,POP,0.0,0,0.0,0.0
2023-01-10,POP500M24P,P,POP,233.0000000000001,0,125.0,213.0
2023-01-10,POPF01L12P,P,POPF,46.00000000000001,0,50.0,50.0
2023-01-10,POV001L24P,P,POV,812.0000000000001,0,437.0,1170.0
2023-01-10,POV002L09P,P,POV,95.0,0,305.0,0.0
2023-01-10,POV005L04P,P,POV,257.0,301,125.0,80.0
2023-01-10,POV500M24P,P,POV,590.0,1500,343.9999999999999,249.0
2023-01-10,SE200G24P,S,SE,48.0,0,100.0,0.0
2023-01-10,SE500G24P,S,SE,1002.0,635,770.0,537.0
2023-01-10,SO0001L12P,S,SO,0.0,0,0.0,0.0
2023-01-10,SO0002L09P,S,SO,0.0,0,0.0,0.0
2023-01-10,SO0005L04P,S,SO,0.0,0,0.0,0.0
2023-01-10,SO0500M24P,S,SO,0.0,0,0.0,0.0
2023-01-10,SOP001L12P,S,SOP,152.0,202,13.0,20.0
2023-01-10,SOS001L12P,S,SOS,13522.99999999999,11726,12117.0,11368.0
2023-01-10,SOS002L09P,S,SOS,3948.110990338164,0,3301.110990338163,0.0
2023-01-10,SOS003L04P,S,SOS,1240.999999999999,1818,1228.0,2360.0
2023-01-10,SOS005L04P,S,SOS,7137.0,5057,8821.249999999998,12280.0
2023-01-10,SOS008L02P,S,SOS,292.0,0,455.9999999999999,398.0
2023-01-10,SOS250M48P,S,SOS,456.9999999999998,0,759.9999999999998,937.0
2023-01-10,SOS500M24P,S,SOS,3580.000000000002,3552,3643.999999999999,4366.0
2023-01-11,AT5X5K,A,AT,1453.0,2000,2590.0,2905.0
2023-01-11,ATN01K24P,A,ATN,4371.0,5500,6757.0,6280.0
2023-01-11,ATN02K12P,A,ATN,1771.166,1000,1041.0,1875.0
2023-01-11,ATPA1K24P,A,ATPA,0.0,0,0.0,0.0
2023-01-11,ATPPCH5X5K,A,ATPPCH,0.0,0,0.0,0.0
2023-01-11,ATWWP001K24P,A,ATWWP,152.0,0,190.0,10.0
2023-01-11,ATWWP002K12P,A,ATWWP,20.0,0,85.0,50.0
2023-01-11,EEA200G24P,E,EEA,0.0,0,0.0,0.0
2023-01-11,EEA500G12P,E,EEA,0.0,0,0.0,0.0
2023-01-11,MAC1K25P,M,MAC,0.0,0,0.0,0.0
2023-01-11,MAHS025K,M,MAHS,25.0,0,7.0,3.0
2023-01-11,MAP1K25P,M,MAP,0.0,0,0.0,0.0
2023-01-11,MAPA1K24P,M,MAPA,0.0,0,0.0,0.0
2023-01-11,MAR01K24P,M,MAR,749.0,550,1121.0,1855.0
2023-01-11,MAR02K12P,M,MAR,300.0,300,263.0,170.0
2023-01-11,MASR025K,M,MASR,80.0,300,256.0,175.0
2023-01-11,POP001L12P,P,POP,1076.0,2882,2952.0,2782.0
2023-01-11,POP002L09P,P,POP,55.0,0,111.0,0.0
2023-01-11,POP005L04P,P,POP,15.0,100,21.0,70.0
2023-01-11,POP015K,P,POP,0.0,0,0.0,0.0
2023-01-11,POP500M24P,P,POP,68.0,955,272.0,672.0
2023-01-11,POPF01L12P,P,POPF,80.0,493,21.0,0.0
2023-01-11,POV001L24P,P,POV,879.0,1502,1237.0,1055.0
2023-01-11,POV002L09P,P,POV,241.0,0,47.00000000000001,0.0
2023-01-11,POV005L04P,P,POV,188.0,604,317.0,310.0
2023-01-11,POV500M24P,P,POV,527.0,1505,686.0,960.0
2023-01-11,SE200G24P,S,SE,105.0,598,0.0,0.0
2023-01-11,SE500G24P,S,SE,631.0,518,471.0,690.0
2023-01-11,SO0001L12P,S,SO,0.0,0,0.0,0.0
2023-01-11,SO0002L09P,S,SO,0.0,0,0.0,0.0
2023-01-11,SO0005L04P,S,SO,0.0,0,0.0,0.0
2023-01-11,SO0500M24P,S,SO,0.0,0,0.0,0.0
2023-01-11,SOP001L12P,S,SOP,70.0,100,0.0,100.0
2023-01-11,SOS001L12P,S,SOS,9036.666032608691,15000,13574.0,16066.0
2023-01-11,SOS002L09P,S,SOS,4874.555978260869,0,1452.555978260869,0.0
2023-01-11,SOS003L04P,S,SOS,979.0,2556,1781.0,2296.0
2023-01-11,SOS005L04P,S,SOS,7377.349999999999,10502,9323.250000000004,10569.0
2023-01-11,SOS008L02P,S,SOS,633.0,2000,181.0,516.0
2023-01-11,SOS250M48P,S,SOS,199.0,0,930.9999999999998,715.0
2023-01-11,SOS500M24P,S,SOS,3487.0,4001,4492.000996376813,6498.0
2023-01-12,AT5X5K,A,AT,2020.0,2000,1824.0,2026.0
2023-01-12,ATN01K24P,A,ATN,6371.0,5500,4685.0,6243.0
2023-01-12,ATN02K12P,A,ATN,1224.0,1700,1272.0,1460.0
2023-01-12,ATPA1K24P,A,ATPA,0.0,0,0.0,0.0
2023-01-12,ATPPCH5X5K,A,ATPPCH,0.0,0,0.0,0.0
2023-01-12,ATWWP001K24P,A,ATWWP,104.0,0,185.0,104.0
2023-01-12,ATWWP002K12P,A,ATWWP,0.0,0,35.0,40.0
2023-01-12,EEA200G24P,E,EEA,0.0,0,0.0,0.0
2023-01-12,EEA500G12P,E,EEA,0.0,0,0.0,0.0
2023-01-12,MAC1K25P,M,MAC,0.0,33,0.0,0.0
2023-01-12,MAHS025K,M,MAHS,24.0,68,0.0,124.0
2023-01-12,MAP1K25P,M,MAP,0.0,0,0.0,0.0
2023-01-12,MAPA1K24P,M,MAPA,0.0,0,0.0,0.0
2023-01-12,MAR01K24P,M,MAR,785.0,400,1186.0,940.0
2023-01-12,MAR02K12P,M,MAR,161.0,300,145.0,250.0
2023-01-12,MASR025K,M,MASR,50.0,6,94.0,391.0
2023-01-12,POP001L12P,P,POP,3006.0,5512,3808.0,4272.0
2023-01-12,POP002L09P,P,POP,55.00000000000001,0,20.0,0.0
2023-01-12,POP005L04P,P,POP,67.00000000000001,0,34.0,93.0
2023-01-12,POP015K,P,POP,0.0,0,0.0,0.0
2023-01-12,POP500M24P,P,POP,189.0,0,260.0,153.0
2023-01-12,POPF01L12P,P,POPF,385.0,0,0.0,0.0
2023-01-12,POV001L24P,P,POV,1200.0,2007,645.0,665.0
2023-01-12,POV002L09P,P,POV,313.0000000000001,0,0.0,0.0
2023-01-12,POV005L04P,P,POV,155.0,0,202.0,289.0
2023-01-12,POV500M24P,P,POV,969.0000000000005,0,912.0,1150.0
2023-01-12,SE200G24P,S,SE,30.0,0,20.0,288.0
2023-01-12,SE500G24P,S,SE,1094.0,800,667.0,524.0
2023-01-12,SO0001L12P,S,SO,0.0,0,0.0,0.0
2023-01-12,SO0002L09P,S,SO,0.0,0,0.0,0.0
2023-01-12,SO0005L04P,S,SO,0.0,0,0.0,0.0
2023-01-12,SO0500M24P,S,SO,0.0,0,0.0,0.0
2023-01-12,SOP001L12P,S,SOP,63.99999999999999,0,126.0,130.0
2023-01-12,SOS001L12P,S,SOS,16827.08297101447,15012,9718.666032608691,11037.0
2023-01-12,SOS002L09P,S,SOS,6838.666002415457,14800,3465.442995169081,5469.0
2023-01-12,SOS003L04P,S,SOS,1567.0,0,810.9999999999994,1134.0
2023-01-12,SOS005L04P,S,SOS,12338.5,12351,7213.249999999998,8584.0
2023-01-12,SOS008L02P,S,SOS,239.9999999999999,1514,477.9999999999999,898.0
2023-01-12,SOS250M48P,S,SOS,344.0,0,592.9999999999995,566.0
2023-01-12,SOS500M24P,S,SOS,4635.000000000002,8500,4413.000996376813,6094.0
2023-01-13,AT5X5K,A,AT,0.0,2000,538.0,880.0
2023-01-13,ATN01K24P,A,ATN,0.0,5500,3114.0,4210.0
2023-01-13,ATN02K12P,A,ATN,0.0,1500,86.0,30.0
2023-01-13,ATPA1K24P,A,ATPA,0.0,0,0.0,0.0
2023-01-13,ATPPCH5X5K,A,ATPPCH,0.0,0,0.0,0.0
2023-01-13,ATWWP001K24P,A,ATWWP,0.0,0,32.0,0.0
2023-01-13,ATWWP002K12P,A,ATWWP,0.0,0,2.0,0.0
2023-01-13,EEA200G24P,E,EEA,0.0,0,0.0,0.0
2023-01-13,EEA500G12P,E,EEA,0.0,0,0.0,0.0
2023-01-13,MAC1K25P,M,MAC,0.0,0,0.0,0.0
2023-01-13,MAHS025K,M,MAHS,0.0,0,0.0,0.0
2023-01-13,MAP1K25P,M,MAP,0.0,0,0.0,0.0
2023-01-13,MAPA1K24P,M,MAPA,0.0,0,0.0,0.0
2023-01-13,MAR01K24P,M,MAR,0.0,1100,142.0,1202.0
2023-01-13,MAR02K12P,M,MAR,0.0,300,30.0,0.0
2023-01-13,MASR025K,M,MASR,0.0,0,55.0,10.0
2023-01-13,POP001L12P,P,POP,0.0,0,826.0,1030.0
2023-01-13,POP002L09P,P,POP,0.0,514,37.00000000000001,115.0
2023-01-13,POP005L04P,P,POP,0.0,0,35.0,0.0
2023-01-13,POP015K,P,POP,0.0,0,0.0,0.0
2023-01-13,POP500M24P,P,POP,0.0,0,14.0,0.0
2023-01-13,POPF01L12P,P,POPF,0.0,0,400.0,410.0
2023-01-13,POV001L24P,P,POV,0.0,805,720.0,510.0
2023-01-13,POV002L09P,P,POV,0.0,1504,225.0,235.0
2023-01-13,POV005L04P,P,POV,0.0,0,90.0,190.0
2023-01-13,POV500M24P,P,POV,0.0,0,476.0,524.0
2023-01-13,SE200G24P,S,SE,0.0,0,60.0,160.0
2023-01-13,SE500G24P,S,SE,0.0,1200,396.0,510.0
2023-01-13,SO0001L12P,S,SO,0.0,0,0.0,0.0
2023-01-13,SO0002L09P,S,SO,0.0,0,0.0,0.0
2023-01-13,SO0005L04P,S,SO,0.0,0,0.0,0.0
2023-01-13,SO0500M24P,S,SO,0.0,0,0.0,0.0
2023-01-13,SOP001L12P,S,SOP,0.0,0,71.08396739130434,60.0
2023-01-13,SOS001L12P,S,SOS,0.0,5358,5948.999999999999,7544.0
2023-01-13,SOS002L09P,S,SOS,0.1109903381642512,4760,3903.999999999999,11424.0
2023-01-13,SOS003L04P,S,SOS,0.0,0,788.9999999999998,865.0
2023-01-13,SOS005L04P,S,SOS,0.4999999999999999,7022,4347.999999999999,6634.0
2023-01-13,SOS008L02P,S,SOS,0.0,0,260.0,400.0
2023-01-13,SOS250M48P,S,SOS,0.0,0,284.0,104.0
2023-01-13,SOS500M24P,S,SOS,0.0,3683,1639.0,2758.0
2023-01-14,AT5X5K,A,AT,338.6,1500,1218.0,1040.0
2023-01-14,ATN01K24P,A,ATN,456.875,5000,3596.0,2745.0
2023-01-14,ATN02K12P,A,ATN,378.25,1000,850.0,235.0
2023-01-14,ATPA1K24P,A,ATPA,0.0,0,0.0,0.0
2023-01-14,ATPPCH5X5K,A,ATPPCH,0.0,0,0.0,0.0
2023-01-14,ATWWP001K24P,A,ATWWP,12.792,0,106.0,20.0
2023-01-14,ATWWP002K12P,A,ATWWP,1.083,0,0.0,0.0
2023-01-14,EEA200G24P,E,EEA,0.0,0,0.0,0.0
2023-01-14,EEA500G12P,E,EEA,0.0,0,0.0,0.0
2023-01-14,MAC1K25P,M,MAC,0.0,0,20.0,20.0
2023-01-14,MAHS025K,M,MAHS,0.0,0,104.0,0.0
2023-01-14,MAP1K25P,M,MAP,0.0,0,0.0,0.0
2023-01-14,MAPA1K24P,M,MAPA,0.0,0,0.0,0.0
2023-01-14,MAR01K24P,M,MAR,112.5,1000,871.0099999999999,510.0
2023-01-14,MAR02K12P,M,MAR,13.25,0,130.0,150.0
2023-01-14,MASR025K,M,MASR,1050.0,52,84.0,160.0
2023-01-14,POP001L12P,P,POP,240.0,1600,3390.0,2360.0
2023-01-14,POP002L09P,P,POP,15.0,0,23.0,65.0
2023-01-14,POP005L04P,P,POP,0.0,100,15.0,20.0
2023-01-14,POP015K,P,POP,0.0,0,0.0,0.0
2023-01-14,POP500M24P,P,POP,25.0,104,230.0,30.0
2023-01-14,POPF01L12P,P,POPF,15.0,2,222.0,222.0
2023-01-14,POV001L24P,P,POV,179.0,0,390.0,440.0
2023-01-14,POV002L09P,P,POV,10.0,0,17.0,30.0
2023-01-14,POV005L04P,P,POV,25.0,302,103.0,40.0
2023-01-14,POV500M24P,P,POV,79.0,1205,329.0000000000001,80.0
2023-01-14,SE200G24P,S,SE,0.0,0,119.0,20.0
2023-01-14,SE500G24P,S,SE,26.667,1500,376.0,600.0
2023-01-14,SO0001L12P,S,SO,0.0,0,0.0,0.0
2023-01-14,SO0002L09P,S,SO,0.0,0,0.0,0.0
2023-01-14,SO0005L04P,S,SO,0.0,0,0.0,0.0
2023-01-14,SO0500M24P,S,SO,0.0,0,0.0,0.0
2023-01-14,SOP001L12P,S,SOP,3.916032608695652,0,30.0,115.0
2023-01-14,SOS001L12P,S,SOS,1507.666032608695,12000,7987.999999999995,6748.0
2023-01-14,SOS002L09P,S,SOS,532.9999999999998,8000,7204.889009661837,4528.0
2023-01-14,SOS003L04P,S,SOS,110.75,0,691.9999999999997,135.0
2023-01-14,SOS005L04P,S,SOS,1281.25,6500,6483.999999999999,2593.0
2023-01-14,SOS008L02P,S,SOS,79.99999999999999,0,628.9999999999999,365.0
2023-01-14,SOS250M48P,S,SOS,52.0,0,355.0,33.0
2023-01-14,SOS500M24P,S,SOS,746.0,2927,3378.010960144928,2807.0
2023-01-15,AT5X5K,A,AT,2632.0,1000,901.0,1110.0
2023-01-15,ATN01K24P,A,ATN,7164.167,4000,2749.0,2165.0
2023-01-15,ATN02K12P,A,ATN,840.0,500,830.0,831.0
2023-01-15,ATPA1K24P,A,ATPA,0.0,0,0.0,0.0
2023-01-15,ATPPCH5X5K,A,ATPPCH,0.0,0,0.0,0.0
2023-01-15,ATWWP001K24P,A,ATWWP,26.0,0,80.0,100.0
2023-01-15,ATWWP002K12P,A,ATWWP,0.0,0,0.0,30.0
2023-01-15,EEA200G24P,E,EEA,0.0,0,0.0,0.0
2023-01-15,EEA500G12P,E,EEA,0.0,0,0.0,0.0
2023-01-15,MAC1K25P,M,MAC,0.0,0,0.0,0.0
2023-01-15,MAHS025K,M,MAHS,175.0,0,25.0,0.0
2023-01-15,MAP1K25P,M,MAP,100.0,0,0.0,0.0
2023-01-15,MAPA1K24P,M,MAPA,0.0,0,0.0,0.0
2023-01-15,MAR01K24P,M,MAR,1585.417,525,512.999,210.0
2023-01-15,MAR02K12P,M,MAR,47.0,0,64.0,0.0
2023-01-15,MASR025K,M,MASR,185.0,145,185.0,66.0
2023-01-15,POP001L12P,P,POP,5866.0,1952,2286.0,2784.0
2023-01-15,POP002L09P,P,POP,231.0000000000001,0,72.00299145299145,70.0
2023-01-15,POP005L04P,P,POP,81.0,0,111.999010989011,44.0
2023-01-15,POP015K,P,POP,0.0,0,0.0,0.0
2023-01-15,POP500M24P,P,POP,287.9999999999999,0,125.0,50.0
2023-01-15,POPF01L12P,P,POPF,579.0,500,10.0,0.0
2023-01-15,POV001L24P,P,POV,2175.0,0,636.9999999999999,1235.0
2023-01-15,POV002L09P,P,POV,581.0000000000001,0,170.0,860.0
2023-01-15,POV005L04P,P,POV,301.0,0,118.0,105.0
2023-01-15,POV500M24P,P,POV,1558.0,0,245.0,620.0
2023-01-15,SE200G24P,S,SE,78.0,0,132.7710416666667,95.0
2023-01-15,SE500G24P,S,SE,1170.0,1500,1140.0,1525.0
2023-01-15,SO0001L12P,S,SO,0.0,0,0.0,0.0
2023-01-15,SO0002L09P,S,SO,0.0,0,0.0,0.0
2023-01-15,SO0005L04P,S,SO,0.0,0,0.0,0.0
2023-01-15,SO0500M24P,S,SO,0.0,0,0.0,0.0
2023-01-15,SOP001L12P,S,SOP,195.0,210,3.0,150.0
2023-01-15,SOS001L12P,S,SOS,16143.99999999999,11897,6506.999999999999,11420.0
2023-01-15,SOS002L09P,S,SOS,11980.3329710145,12000,4786.332971014493,10245.0
2023-01-15,SOS003L04P,S,SOS,1837.000000000001,1449,725.9999999999999,403.0
2023-01-15,SOS005L04P,S,SOS,12566.5,4000,3963.75,6765.0
2023-01-15,SOS008L02P,S,SOS,1180.0,1304,347.0000000000001,210.0
2023-01-15,SOS250M48P,S,SOS,1338.0,2,378.9999999999999,9.0
2023-01-15,SOS500M24P,S,SOS,7904.999999999993,4072,2760.375,3127.0
2023-01-16,AT5X5K,A,AT,2303.0,700,2454.0,2600.0
2023-01-16,ATN01K24P,A,ATN,4531.0,2500,5748.167,4784.0
2023-01-16,ATN02K12P,A,ATN,2034.0,500,1149.25,1540.0
2023-01-16,ATPA1K24P,A,ATPA,0.0,0,0.0,0.0
2023-01-16,ATPPCH5X5K,A,ATPPCH,0.0,0,0.0,0.0
2023-01-16,ATWWP001K24P,A,ATWWP,108.0,0,62.792,10.0
2023-01-16,ATWWP002K12P,A,ATWWP,0.0,0,56.083,40.0
2023-01-16,EEA200G24P,E,EEA,0.0,0,0.0,0.0
2023-01-16,EEA500G12P,E,EEA,0.0,0,0.0,0.0
2023-01-16,MAC1K25P,M,MAC,0.0,0,0.0,0.0
2023-01-16,MAHS025K,M,MAHS,10.0,150,0.0,10.0
2023-01-16,MAP1K25P,M,MAP,0.0,0,0.0,0.0
2023-01-16,MAPA1K24P,M,MAPA,0.0,0,0.0,0.0
2023-01-16,MAR01K24P,M,MAR,795.0,120,1256.917,425.0
2023-01-16,MAR02K12P,M,MAR,133.0,0,150.25,100.0
2023-01-16,MASR025K,M,MASR,315.0,300,15.0,86.0
2023-01-16,POP001L12P,P,POP,1786.0,3002,2178.0,1236.0
2023-01-16,POP002L09P,P,POP,149.0,0,120.0,130.0
2023-01-16,POP005L04P,P,POP,26.0,0,40.0,50.0
2023-01-16,POP015K,P,POP,0.0,0,0.0,0.0
2023-01-16,POP500M24P,P,POP,279.9999999999999,100,114.0,110.0
2023-01-16,POPF01L12P,P,POPF,245.0,413,75.0,75.0
2023-01-16,POV001L24P,P,POV,789.9999999999999,653,1802.0,1263.0
2023-01-16,POV002L09P,P,POV,200.0,212,633.9999999999999,520.0
2023-01-16,POV005L04P,P,POV,125.0,0,279.0,270.0
2023-01-16,POV500M24P,P,POV,503.0,306,1015.0,1235.0
2023-01-16,SE200G24P,S,SE,45.0,0,94.0,36.0
2023-01-16,SE500G24P,S,SE,631.0,1500,1262.667,2540.0
2023-01-16,SO0001L12P,S,SO,0.0,0,0.0,0.0
2023-01-16,SO0002L09P,S,SO,0.0,0,0.0,0.0
2023-01-16,SO0005L04P,S,SO,0.0,0,0.0,0.0
2023-01-16,SO0500M24P,S,SO,0.0,0,0.0,0.0
2023-01-16,SOP001L12P,S,SOP,10.0,0,85.91603260869564,5.0
2023-01-16,SOS001L12P,S,SOS,7141.000000000001,11500,11571.6660326087,13147.0
2023-01-16,SOS002L09P,S,SOS,7774.332971014495,7010,9461.66696859903,11455.0
2023-01-16,SOS003L04P,S,SOS,703.9999999999997,2060,1225.75,1574.0
2023-01-16,SOS005L04P,S,SOS,5958.399999999999,6005,10404.5,10740.0
2023-01-16,SOS008L02P,S,SOS,244.0,0,418.0000000000001,940.0
2023-01-16,SOS250M48P,S,SOS,212.0,0,155.0,0.0
2023-01-16,SOS500M24P,S,SOS,3143.000000000002,5445,6092.999003623193,6566.0
2023-01-17,AT5X5K,A,AT,1746.0,1000,1990.0,1786.0
2023-01-17,ATN01K24P,A,ATN,3231.042,2000,5458.875,3969.0
2023-01-17,ATN02K12P,A,ATN,1842.0,0,2221.166,1286.0
2023-01-17,ATPA1K24P,A,ATPA,0.0,0,0.0,0.0
2023-01-17,ATPPCH5X5K,A,ATPPCH,0.0,0,0.0,0.0
2023-01-17,ATWWP001K24P,A,ATWWP,73.042,0,113.0,5.0
2023-01-17,ATWWP002K12P,A,ATWWP,5.0,0,50.0,0.0
2023-01-17,EEA200G24P,E,EEA,0.0,0,0.0,0.0
2023-01-17,EEA500G12P,E,EEA,0.0,0,0.0,0.0
2023-01-17,MAC1K25P,M,MAC,0.0,0,0.0,0.0
2023-01-17,MAHS025K,M,MAHS,17.0,0,150.0,150.0
2023-01-17,MAP1K25P,M,MAP,0.0,100,0.0,100.0
2023-01-17,MAPA1K24P,M,MAPA,0.0,0,0.0,0.0
2023-01-17,MAR01K24P,M,MAR,551.042,850,853.0,1248.0
2023-01-17,MAR02K12P,M,MAR,536.0,0,202.0,400.0
2023-01-17,MASR025K,M,MASR,156.0,500,401.0,210.0
2023-01-17,POP001L12P,P,POP,1296.0000000000002,4020,2790.0,2446.0
2023-01-17,POP002L09P,P,POP,135.0,304,103.0,94.0
2023-01-17,POP005L04P,P,POP,115.0,100,32.0,14.0
2023-01-17,POP015K,P,POP,0.0,0,0.0,0.0
2023-01-17,POP500M24P,P,POP,295.0,301,370.0,248.0
2023-01-17,POPF01L12P,P,POPF,50.0,377,200.0,200.0
2023-01-17,POV001L24P,P,POV,533.0,3001,961.0,610.0
2023-01-17,POV002L09P,P,POV,230.0,1009,336.0000000000001,245.0
2023-01-17,POV005L04P,P,POV,250.0,303,133.0,100.0
2023-01-17,POV500M24P,P,POV,300.0,1508,821.0,430.0
2023-01-17,SE200G24P,S,SE,120.0,0,84.0,0.0
2023-01-17,SE500G24P,S,SE,452.0,1400,1754.0,779.0
2023-01-17,SO0001L12P,S,SO,0.0,0,0.0,0.0
2023-01-17,SO0002L09P,S,SO,15.0,0,0.0,0.0
2023-01-17,SO0005L04P,S,SO,0.0,0,0.0,0.0
2023-01-17,SO0500M24P,S,SO,0.0,0,0.0,0.0
2023-01-17,SOP001L12P,S,SOP,5.0,205,96.0,42.0
2023-01-17,SOS001L12P,S,SOS,7805.999999999998,8000,12099.0,11925.0
2023-01-17,SOS002L09P,S,SOS,6453.332971014494,6956,9604.332971014492,9661.0
2023-01-17,SOS003L04P,S,SOS,1112.0,2501,1077.0,1111.0
2023-01-17,SOS005L04P,S,SOS,9072.499999999998,5343,7288.0,7761.0
2023-01-17,SOS008L02P,S,SOS,1513.5,0,808.0,734.0
2023-01-17,SOS250M48P,S,SOS,266.9999999999999,800,190.0,150.0
2023-01-17,SOS500M24P,S,SOS,2797.000000000001,2502,4664.99900362319,5276.0
2023-01-18,AT5X5K,A,AT,1697.0,2000,2063.6,1775.0
2023-01-18,ATN01K24P,A,ATN,4901.0,4000,3887.042,3905.0
2023-01-18,ATN02K12P,A,ATN,417.0,1500,969.0,1149.0
2023-01-18,ATPA1K24P,A,ATPA,0.0,0,0.0,0.0
2023-01-18,ATPPCH5X5K,A,ATPPCH,0.0,0,0.0,0.0
2023-01-18,ATWWP001K24P,A,ATWWP,71.0,0,31.042,0.0
2023-01-18,ATWWP002K12P,A,ATWWP,27.0,0,0.0,50.0
2023-01-18,EEA200G24P,E,EEA,0.0,0,0.0,0.0
2023-01-18,EEA500G12P,E,EEA,0.0,0,0.0,0.0
2023-01-18,MAC1K25P,M,MAC,5.0,0,0.0,12.0
2023-01-18,MAHS025K,M,MAHS,20.0,0,0.0,0.0
2023-01-18,MAP1K25P,M,MAP,0.0,0,0.0,0.0
2023-01-18,MAPA1K24P,M,MAPA,0.0,0,0.0,0.0
2023-01-18,MAR01K24P,M,MAR,630.5,920,331.542,620.0
2023-01-18,MAR02K12P,M,MAR,68.0,302,278.0,0.0
2023-01-18,MASR025K,M,MASR,125.0,43,111.0,270.0
2023-01-18,POP001L12P,P,POP,3708.0,3442,1456.0020146520146,1488.0
2023-01-18,POP002L09P,P,POP,54.0,202,6.0,65.0
2023-01-18,POP005L04P,P,POP,76.0,150,10.0,30.0
2023-01-18,POP015K,P,POP,0.0,0,0.0,0.0
2023-01-18,POP500M24P,P,POP,135.0,0,115.0,120.0
2023-01-18,POPF01L12P,P,POPF,385.0,670,600.0,650.0
2023-01-18,POV001L24P,P,POV,1212.0,1501,1413.0,1734.0
2023-01-18,POV002L09P,P,POV,185.0000000000001,512,335.0,155.0
2023-01-18,POV005L04P,P,POV,300.0,401,273.0000000000001,225.0
2023-01-18,POV500M24P,P,POV,670.0,0,787.9999999999999,805.0
2023-01-18,SE200G24P,S,SE,40.0,6,45.0,7.0
2023-01-18,SE500G24P,S,SE,384.0,1200,804.0,1067.0
2023-01-18,SO0001L12P,S,SO,0.0,0,0.0,0.0
2023-01-18,SO0002L09P,S,SO,0.0,0,0.0,0.0
2023-01-18,SO0005L04P,S,SO,0.0,0,0.0,0.0
2023-01-18,SO0500M24P,S,SO,0.0,0,0.0,0.0
2023-01-18,SOP001L12P,S,SOP,430.0000000000001,0,37.0,20.0
2023-01-18,SOS001L12P,S,SOS,7142.999999999999,10000,9191.000000000004,8362.0
2023-01-18,SOS002L09P,S,SOS,3724.999999999999,8166,6932.999999999999,7740.0
2023-01-18,SOS003L04P,S,SOS,929.9999999999998,3046,1248.999999999999,835.0
2023-01-18,SOS005L04P,S,SOS,5612.749999999999,11021,6696.749999999999,6242.0
2023-01-18,SOS008L02P,S,SOS,263.9999999999999,0,611.5,650.0
2023-01-18,SOS250M48P,S,SOS,105.0,3701,901.0,1926.0
2023-01-18,SOS500M24P,S,SOS,3499.0,5,2821.000000000002,587.0
2023-01-19,AT5X5K,A,AT,1457.0,2500,1751.0,1900.0
2023-01-19,ATN01K24P,A,ATN,5147.0,5000,3563.0,4640.0
2023-01-19,ATN02K12P,A,ATN,830.5,1500,494.0,1030.0
2023-01-19,ATPA1K24P,A,ATPA,0.0,0,0.0,0.0
2023-01-19,ATPPCH5X5K,A,ATPPCH,0.0,0,0.0,0.0
2023-01-19,ATWWP001K24P,A,ATWWP,107.0,0,50.0,5.0
2023-01-19,ATWWP002K12P,A,ATWWP,5.0,0,15.0,0.0
2023-01-19,EEA200G24P,E,EEA,0.0,0,0.0,0.0
2023-01-19,EEA500G12P,E,EEA,0.0,0,0.0,0.0
2023-01-19,MAC1K25P,M,MAC,25.0,0,0.0,0.0
2023-01-19,MAHS025K,M,MAHS,50.0,99,45.0,47.0
2023-01-19,MAP1K25P,M,MAP,0.0,0,100.0,0.0
2023-01-19,MAPA1K24P,M,MAPA,0.0,0,0.0,0.0
2023-01-19,MAR01K24P,M,MAR,837.0,800,738.0,425.0
2023-01-19,MAR02K12P,M,MAR,153.0,500,92.0,130.0
2023-01-19,MASR025K,M,MASR,65.0,0,55.0,186.0
2023-01-19,POP001L12P,P,POP,1963.9999999999998,1768,1724.0,4958.0
2023-01-19,POP002L09P,P,POP,153.0,0,130.0,325.0
2023-01-19,POP005L04P,P,POP,54.0,0,69.0,130.0
2023-01-19,POP015K,P,POP,0.0,0,0.0,0.0
2023-01-19,POP500M24P,P,POP,228.0,0,100.0,139.0
2023-01-19,POPF01L12P,P,POPF,315.0,280,250.0,250.0
2023-01-19,POV001L24P,P,POV,1879.0,0,890.9999999999998,1365.0
2023-01-19,POV002L09P,P,POV,524.0000000000001,0,220.0,375.0
2023-01-19,POV005L04P,P,POV,206.0,0,285.0,335.0
2023-01-19,POV500M24P,P,POV,1078.0,3,465.9999999999999,361.0
2023-01-19,SE200G24P,S,SE,130.0,0,41.20791666666667,0.0
2023-01-19,SE500G24P,S,SE,1218.0,1200,1446.998,1230.0
2023-01-19,SO0001L12P,S,SO,0.0,0,0.0,0.0
2023-01-19,SO0002L09P,S,SO,0.0,0,0.0,0.0
2023-01-19,SO0005L04P,S,SO,0.0,0,0.0,0.0
2023-01-19,SO0500M24P,S,SO,0.0,0,0.0,0.0
2023-01-19,SOP001L12P,S,SOP,161.0,202,271.0,210.0
2023-01-19,SOS001L12P,S,SOS,15254.0,13002,8171.000000000003,9509.0
2023-01-19,SOS002L09P,S,SOS,9836.221980676331,8877,4531.221980676326,6027.0
2023-01-19,SOS003L04P,S,SOS,1265.0,0,863.9999999999998,1215.0
2023-01-19,SOS005L04P,S,SOS,11373.75,12913,5372.249999999999,6535.0
2023-01-19,SOS008L02P,S,SOS,836.0000000000001,0,435.0000000000001,85.0
2023-01-19,SOS250M48P,S,SOS,527.0,5,601.9999999999997,241.0
2023-01-19,SOS500M24P,S,SOS,6121.000000000002,3840,3468.0,1056.0
2023-01-20,AT5X5K,A,AT,0.0,3000,715.0,990.0
2023-01-20,ATN01K24P,A,ATN,0.0,5000,1778.0,2878.0
2023-01-20,ATN02K12P,A,ATN,0.0,2000,306.0,550.0
2023-01-20,ATPA1K24P,A,ATPA,0.0,0,0.0,0.0
2023-01-20,ATPPCH5X5K,A,ATPPCH,0.0,0,0.0,0.0
2023-01-20,ATWWP001K24P,A,ATWWP,0.0,0,44.0,10.0
2023-01-20,ATWWP002K12P,A,ATWWP,0.0,0,0.0,0.0
2023-01-20,EEA200G24P,E,EEA,0.0,0,0.0,0.0
2023-01-20,EEA500G12P,E,EEA,0.0,0,0.0,0.0
2023-01-20,MAC1K25P,M,MAC,0.0,0,0.0,0.0
2023-01-20,MAHS025K,M,MAHS,0.0,0,0.0,0.0
2023-01-20,MAP1K25P,M,MAP,0.0,0,0.0,0.0
2023-01-20,MAPA1K24P,M,MAPA,0.0,0,0.0,0.0
2023-01-20,MAR01K24P,M,MAR,0.0,200,183.0,802.0
2023-01-20,MAR02K12P,M,MAR,0.0,0,31.0,0.0
2023-01-20,MASR025K,M,MASR,0.0,0,0.0,0.0
2023-01-20,POP001L12P,P,POP,0.0,600,1632.0,2120.0
2023-01-20,POP002L09P,P,POP,0.0,0,33.0,30.0
2023-01-20,POP005L04P,P,POP,0.0,100,0.0,20.0
2023-01-20,POP015K,P,POP,0.0,0,0.0,0.0
2023-01-20,POP500M24P,P,POP,0.0,714,55.0,100.0
2023-01-20,POPF01L12P,P,POPF,0.0,360,0.0,180.0
2023-01-20,POV001L24P,P,POV,0.0,802,1652.0,1597.0
2023-01-20,POV002L09P,P,POV,0.0,0,603.0000000000001,610.0
2023-01-20,POV005L04P,P,POV,0.0,350,185.0,135.0
2023-01-20,POV500M24P,P,POV,0.0,1203,864.9999999999999,691.0
2023-01-20,SE200G24P,S,SE,0.0,450,70.0,320.0
2023-01-20,SE500G24P,S,SE,0.0,800,877.0,660.0
2023-01-20,SO0001L12P,S,SO,0.0,0,0.0,0.0
2023-01-20,SO0002L09P,S,SO,0.0,0,0.0,0.0
2023-01-20,SO0005L04P,S,SO,0.0,0,0.0,0.0
2023-01-20,SO0500M24P,S,SO,0.0,0,0.0,0.0
2023-01-20,SOP001L12P,S,SOP,0.0,0,163.9170289855072,138.0
2023-01-20,SOS001L12P,S,SOS,0.0,3611,8166.999999999999,8783.0
2023-01-20,SOS002L09P,S,SOS,0.0,3012,5765.999999999998,5248.0
2023-01-20,SOS003L04P,S,SOS,0.0,2003,573.9999999999998,535.0
2023-01-20,SOS005L04P,S,SOS,0.0,1957,6583.999999999999,6312.0
2023-01-20,SOS008L02P,S,SOS,0.0,3,98.0,58.0
2023-01-20,SOS250M48P,S,SOS,0.0,0,255.0,260.0
2023-01-20,SOS500M24P,S,SOS,0.0,2263,3231.0,2291.0
2023-01-21,AT5X5K,A,AT,507.0,500,1231.0,1239.0
2023-01-21,ATN01K24P,A,ATN,229.0,3000,3815.0,3685.0
2023-01-21,ATN02K12P,A,ATN,250.0,1000,1094.5,780.0
2023-01-21,ATPA1K24P,A,ATPA,0.0,0,0.0,0.0
2023-01-21,ATPPCH5X5K,A,ATPPCH,0.0,0,0.0,0.0
2023-01-21,ATWWP001K24P,A,ATWWP,0.0,0,86.0,66.0
2023-01-21,ATWWP002K12P,A,ATWWP,0.0,0,8.0,0.0
2023-01-21,EEA200G24P,E,EEA,0.0,0,0.0,0.0
2023-01-21,EEA500G12P,E,EEA,0.0,0,0.0,0.0
2023-01-21,MAC1K25P,M,MAC,0.0,25,12.0,26.0
2023-01-21,MAHS025K,M,MAHS,0.0,86,12.0,58.0
2023-01-21,MAP1K25P,M,MAP,0.0,0,0.0,0.0
2023-01-21,MAPA1K24P,M,MAPA,0.0,0,0.0,0.0
2023-01-21,MAR01K24P,M,MAR,53.0,500,636.0,530.0
2023-01-21,MAR02K12P,M,MAR,46.0,0,87.0,120.0
2023-01-21,MASR025K,M,MASR,1.0,0,72.0,90.0
2023-01-21,POP001L12P,P,POP,146.0,832,3922.0,2606.0
2023-01-21,POP002L09P,P,POP,0.0,0,293.0,105.0
2023-01-21,POP005L04P,P,POP,0.0,0,105.0,74.0
2023-01-21,POP015K,P,POP,0.0,0,0.0,0.0
2023-01-21,POP500M24P,P,POP,0.0,202,165.0,190.0
2023-01-21,POPF01L12P,P,POPF,0.0,419,105.0,430.0
2023-01-21,POV001L24P,P,POV,15.0,1501,780.0,249.0
2023-01-21,POV002L09P,P,POV,10.0,0,257.0,200.0
2023-01-21,POV005L04P,P,POV,10.0,0,94.0,26.0
2023-01-21,POV500M24P,P,POV,0.0,800,610.0000000000001,350.0
2023-01-21,SE200G24P,S,SE,0.0,200,170.0,110.0
2023-01-21,SE500G24P,S,SE,52.833,1000,1127.0,1800.0
2023-01-21,SO0001L12P,S,SO,0.0,0,0.0,0.0
2023-01-21,SO0002L09P,S,SO,0.0,0,0.0,0.0
2023-01-21,SO0005L04P,S,SO,0.0,0,0.0,0.0
2023-01-21,SO0500M24P,S,SO,0.0,0,0.0,0.0
2023-01-21,SOP001L12P,S,SOP,0.0,200,10.0,0.0
2023-01-21,SOS001L12P,S,SOS,2517.0,7003,5833.999999999998,3205.0
2023-01-21,SOS002L09P,S,SOS,1442.328985507246,3003,4157.889009661835,2260.0
2023-01-21,SOS003L04P,S,SOS,1216.920018115942,0,654.9999999999999,589.0
2023-01-21,SOS005L04P,S,SOS,991.25,3002,6058.5,3285.0
2023-01-21,SOS008L02P,S,SOS,942.5,2002,480.0,895.0
2023-01-21,SOS250M48P,S,SOS,5.999999999999999,0,510.9999999999999,385.0
2023-01-21,SOS500M24P,S,SOS,766.6599637681159,4001,2523.0,3765.0
2023-01-22,AT5X5K,A,AT,1161.0,500,770.0,705.0
2023-01-22,ATN01K24P,A,ATN,6093.167,2500,1555.0,1790.0
2023-01-22,ATN02K12P,A,ATN,1007.25,500,460.0,822.0
2023-01-22,ATPA1K24P,A,ATPA,0.0,0,0.0,0.0
2023-01-22,ATPPCH5X5K,A,ATPPCH,0.0,0,0.0,0.0
2023-01-22,ATWWP001K24P,A,ATWWP,96.0,0,46.0,105.0
2023-01-22,ATWWP002K12P,A,ATWWP,4.0,0,4.0,0.0
2023-01-22,EEA200G24P,E,EEA,0.0,0,0.0,0.0
2023-01-22,EEA500G12P,E,EEA,0.0,0,0.0,0.0
2023-01-22,MAC1K25P,M,MAC,50.0,0,0.0,0.0
2023-01-22,MAHS025K,M,MAHS,18.0,0,0.0,44.0
2023-01-22,MAP1K25P,M,MAP,0.0,0,0.0,0.0
2023-01-22,MAPA1K24P,M,MAPA,0.0,0,0.0,0.0
2023-01-22,MAR01K24P,M,MAR,1343.167,496,498.0,390.0
2023-01-22,MAR02K12P,M,MAR,62.25,0,116.0,285.0
2023-01-22,MASR025K,M,MASR,10.0,0,21.0,25.0
2023-01-22,POP001L12P,P,POP,2806.0,2408,1248.0000000000002,2680.0
2023-01-22,POP002L09P,P,POP,75.0,0,89.0,21.0
2023-01-22,POP005L04P,P,POP,190.0,0,81.0,50.0
2023-01-22,POP015K,P,POP,0.0,0,0.0,0.0
2023-01-22,POP500M24P,P,POP,70.00000000000001,110,74.0,65.0
2023-01-22,POPF01L12P,P,POPF,115.0,112,467.9999999999999,528.0
2023-01-22,POV001L24P,P,POV,2604.0,1000,210.0,640.0
2023-01-22,POV002L09P,P,POV,648.0,2,51.0,10.0
2023-01-22,POV005L04P,P,POV,272.0,0,60.0,100.0
2023-01-22,POV500M24P,P,POV,1269.0,500,218.0,1095.0
2023-01-22,SE200G24P,S,SE,54.0,0,64.0,114.0
2023-01-22,SE500G24P,S,SE,924.0,1000,529.0,1050.0
2023-01-22,SO0001L12P,S,SO,0.0,0,0.0,0.0
2023-01-22,SO0002L09P,S,SO,0.0,0,0.0,0.0
2023-01-22,SO0005L04P,S,SO,0.0,0,0.0,0.0
2023-01-22,SO0500M24P,S,SO,0.0,0,0.0,0.0
2023-01-22,SOP001L12P,S,SOP,484.9999999999998,0,52.0,180.0
2023-01-22,SOS001L12P,S,SOS,15981.99999999999,9000,5543.999999999998,9452.0
2023-01-22,SOS002L09P,S,SOS,9510.66702898551,3000,4075.326992753623,5246.66
2023-01-22,SOS003L04P,S,SOS,1188.0,0,1341.670018115942,2216.67
2023-01-22,SOS005L04P,S,SOS,8596.5,3090,3308.0,5621.0
2023-01-22,SOS008L02P,S,SOS,310.0,1030,1317.5,1447.5
2023-01-22,SOS250M48P,S,SOS,452.9999999999999,0,347.0000000000001,180.0
2023-01-22,SOS500M24P,S,SOS,7056.999999999998,5501,2106.659963768116,5201.66
2023-01-23,AT5X5K,A,AT,1120.0,500,847.4,530.0
2023-01-23,ATN01K24P,A,ATN,3118.0,2500,3407.667,1580.0
2023-01-23,ATN02K12P,A,ATN,650.0,500,827.0,790.0
2023-01-23,ATPA1K24P,A,ATPA,0.0,0,0.0,0.0
2023-01-23,ATPPCH5X5K,A,ATPPCH,0.0,0,0.0,0.0
2023-01-23,ATWWP001K24P,A,ATWWP,85.0,0,53.0,66.0
2023-01-23,ATWWP002K12P,A,ATWWP,12.0,0,17.0,0.0
2023-01-23,EEA200G24P,E,EEA,0.0,0,0.0,0.0
2023-01-23,EEA500G12P,E,EEA,0.0,0,0.0,0.0
2023-01-23,MAC1K25P,M,MAC,10.0,0,26.0,0.0
2023-01-23,MAHS025K,M,MAHS,80.0,0,30.0,0.0
2023-01-23,MAP1K25P,M,MAP,0.0,0,0.0,0.0
2023-01-23,MAPA1K24P,M,MAPA,0.0,0,0.0,0.0
2023-01-23,MAR01K24P,M,MAR,812.0,500,759.667,605.0
2023-01-23,MAR02K12P,M,MAR,131.0,0,182.0,200.0
2023-01-23,MASR025K,M,MASR,230.0,0,60.0,0.0
2023-01-23,POP001L12P,P,POP,3840.0,2208,2722.0,260.0
2023-01-23,POP002L09P,P,POP,90.00000000000001,107,77.0,20.0
2023-01-23,POP005L04P,P,POP,75.0,0,131.0,52.0
2023-01-23,POP015K,P,POP,0.0,0,0.0,0.0
2023-01-23,POP500M24P,P,POP,127.0,0,134.0,0.0
2023-01-23,POPF01L12P,P,POPF,270.0,600,354.0000000000001,50.0
2023-01-23,POV001L24P,P,POV,1433.0,604,1831.0,1859.0
2023-01-23,POV002L09P,P,POV,269.0000000000001,116,260.0,116.0
2023-01-23,POV005L04P,P,POV,240.0,0,107.0,90.0
2023-01-23,POV500M24P,P,POV,752.9999999999999,805,829.0000000000002,900.0
2023-01-23,SE200G24P,S,SE,116.0,0,76.0,0.0
2023-01-23,SE500G24P,S,SE,1210.0,1500,1058.417,415.0
2023-01-23,SO0001L12P,S,SO,0.0,0,0.0,0.0
2023-01-23,SO0002L09P,S,SO,0.0,0,0.0,0.0
2023-01-23,SO0005L04P,S,SO,0.0,0,0.0,0.0
2023-01-23,SO0500M24P,S,SO,0.0,0,0.0,0.0
2023-01-23,SOP001L12P,S,SOP,164.0,0,59.99999999999999,215.0
2023-01-23,SOS001L12P,S,SOS,8432.999999999996,7016,11854.0,10733.0
2023-01-23,SOS002L09P,S,SOS,6119.221980676331,5502,6641.221980676328,4518.0
2023-01-23,SOS003L04P,S,SOS,678.9999999999995,0,875.2499999999998,720.0
2023-01-23,SOS005L04P,S,SOS,6465.75,3052,6221.5,5996.0
2023-01-23,SOS008L02P,S,SOS,234.9999999999999,1000,325.9999999999999,457.0
2023-01-23,SOS250M48P,S,SOS,493.0,0,254.0,253.0
2023-01-23,SOS500M24P,S,SOS,4286.000000000005,3008,4867.000000000002,4953.0
2023-01-24,AT5X5K,A,AT,864.0,500,965.0,820.0
2023-01-24,ATN01K24P,A,ATN,2373.0,2000,3326.0,3642.0
2023-01-24,ATN02K12P,A,ATN,726.0,0,856.0,885.0
2023-01-24,ATPA1K24P,A,ATPA,0.0,0,0.0,0.0
2023-01-24,ATPPCH5X5K,A,ATPPCH,0.0,0,0.0,0.0
2023-01-24,ATWWP001K24P,A,ATWWP,38.0,0,61.0,2.0
2023-01-24,ATWWP002K12P,A,ATWWP,37.0,0,7.0,20.0
2023-01-24,EEA200G24P,E,EEA,0.0,0,0.0,0.0
2023-01-24,EEA500G12P,E,EEA,0.0,0,0.0,0.0
2023-01-24,MAC1K25P,M,MAC,0.0,0,0.0,0.0
2023-01-24,MAHS025K,M,MAHS,2.0,0,77.0,35.0
2023-01-24,MAP1K25P,M,MAP,0.0,0,0.0,0.0
2023-01-24,MAPA1K24P,M,MAPA,0.0,0,0.0,0.0
2023-01-24,MAR01K24P,M,MAR,568.0,500,655.0,875.0
2023-01-24,MAR02K12P,M,MAR,69.0,300,289.0,105.0
2023-01-24,MASR025K,M,MASR,40.0,0,250.0,46.0
2023-01-24,POP001L12P,P,POP,3866.0,560,2772.0,2420.0
2023-01-24,POP002L09P,P,POP,98.0,69,9.000000000000002,56.0
2023-01-24,POP005L04P,P,POP,50.0,200,8.0,60.0
2023-01-24,POP015K,P,POP,0.0,0,0.0,0.0
2023-01-24,POP500M24P,P,POP,121.0,0,87.0,95.0
2023-01-24,POPF01L12P,P,POPF,405.0000000000001,427,360.0,301.0
2023-01-24,POV001L24P,P,POV,309.0,505,1091.0,687.0
2023-01-24,POV002L09P,P,POV,15.0,1004,343.0000000000001,340.0
2023-01-24,POV005L04P,P,POV,55.0,700,50.0,120.0
2023-01-24,POV500M24P,P,POV,103.0,1106,246.0,105.0
2023-01-24,SE200G24P,S,SE,45.0,0,100.0,80.0
2023-01-24,SE500G24P,S,SE,365.0,1000,1104.0,730.0
2023-01-24,SO0001L12P,S,SO,0.0,0,0.0,0.0
2023-01-24,SO0002L09P,S,SO,0.0,0,0.0,0.0
2023-01-24,SO0005L04P,S,SO,0.0,0,0.0,0.0
2023-01-24,SO0500M24P,S,SO,0.0,0,0.0,0.0
2023-01-24,SOP001L12P,S,SOP,199.9999999999999,804,259.0,0.0
2023-01-24,SOS001L12P,S,SOS,6602.0,7018,10093.0,9030.0
2023-01-24,SOS002L09P,S,SOS,4749.110990338164,6008,6276.110990338164,5405.0
2023-01-24,SOS003L04P,S,SOS,560.9999999999995,0,705.9999999999995,776.0
2023-01-24,SOS005L04P,S,SOS,5096.0,5052,6427.999999999999,6349.0
2023-01-24,SOS008L02P,S,SOS,645.0,1005,746.0,105.0
2023-01-24,SOS250M48P,S,SOS,338.0,0,345.0009963768115,508.0
2023-01-24,SOS500M24P,S,SOS,2905.000000000001,3701,5025.000000000001,4920.0
2023-01-25,AT5X5K,A,AT,247.0,2000,839.0,1210.0
2023-01-25,ATN01K24P,A,ATN,3316.0,4000,3299.0,4950.0
2023-01-25,ATN02K12P,A,ATN,602.0,1000,907.0,1120.0
2023-01-25,ATPA1K24P,A,ATPA,0.0,0,0.0,0.0
2023-01-25,ATPPCH5X5K,A,ATPPCH,0.0,0,0.0,0.0
2023-01-25,ATWWP001K24P,A,ATWWP,55.0,0,52.0,3.0
2023-01-25,ATWWP002K12P,A,ATWWP,0.0,0,6.0,0.0
2023-01-25,EEA200G24P,E,EEA,0.0,0,0.0,0.0
2023-01-25,EEA500G12P,E,EEA,0.0,0,0.0,0.0
2023-01-25,MAC1K25P,M,MAC,0.0,0,0.0,0.0
2023-01-25,MAHS025K,M,MAHS,0.0,59,10.0,48.0
2023-01-25,MAP1K25P,M,MAP,0.0,0,0.0,0.0
2023-01-25,MAPA1K24P,M,MAPA,0.0,0,0.0,0.0
2023-01-25,MAR01K24P,M,MAR,672.0,1500,592.0,920.0
2023-01-25,MAR02K12P,M,MAR,55.0,700,109.0,400.0
2023-01-25,MASR025K,M,MASR,21.0,440,206.0,270.0
2023-01-25,POP001L12P,P,POP,1812.0,2456,2678.0,1796.0
2023-01-25,POP002L09P,P,POP,80.0,0,50.99999999999999,100.0
2023-01-25,POP005L04P,P,POP,15.0,300,15.0,120.0
2023-01-25,POP015K,P,POP,0.0,0,0.0,0.0
2023-01-25,POP500M24P,P,POP,143.0,0,30.0,90.0
2023-01-25,POPF01L12P,P,POPF,15.0,125,75.0,80.0
2023-01-25,POV001L24P,P,POV,1161.0,2501,1034.0,788.0
2023-01-25,POV002L09P,P,POV,290.0000000000001,0,284.0,350.0
2023-01-25,POV005L04P,P,POV,120.0,200,223.0,370.0
2023-01-25,POV500M24P,P,POV,640.0,0,591.0,600.0
2023-01-25,SE200G24P,S,SE,8.0,0,70.79208333333334,18.0
2023-01-25,SE500G24P,S,SE,303.0,500,883.0,1328.0
2023-01-25,SO0001L12P,S,SO,0.0,0,0.0,0.0
2023-01-25,SO0002L09P,S,SO,0.0,0,0.0,0.0
2023-01-25,SO0005L04P,S,SO,0.0,0,0.0,0.0
2023-01-25,SO0500M24P,S,SO,0.0,0,0.0,0.0
2023-01-25,SOP001L12P,S,SOP,40.0,0,244.0,138.0
2023-01-25,SOS001L12P,S,SOS,6309.000000000002,10003,8048.000000000002,9138.0
2023-01-25,SOS002L09P,S,SOS,4048.332971014492,9006,5498.332971014497,5820.0
2023-01-25,SOS003L04P,S,SOS,560.9999999999998,0,778.9999999999995,625.0
2023-01-25,SOS005L04P,S,SOS,7574.499999999998,8006,5415.499999999998,6298.0
2023-01-25,SOS008L02P,S,SOS,254.0,1011,605.0,670.0
2023-01-25,SOS250M48P,S,SOS,286.9999999999999,0,302.0,480.0
2023-01-25,SOS500M24P,S,SOS,3037.000000000002,5004,4075.000000000003,3907.0
2023-01-26,AT5X5K,A,AT,1211.0,0,334.0,595.0
2023-01-26,ATN01K24P,A,ATN,3754.0,0,2726.0,1555.0
2023-01-26,ATN02K12P,A,ATN,1982.0,0,771.0,612.0
2023-01-26,ATPA1K24P,A,ATPA,0.0,0,0.0,0.0
2023-01-26,ATPPCH5X5K,A,ATPPCH,0.0,0,0.0,0.0
2023-01-26,ATWWP001K24P,A,ATWWP,108.0,0,78.0,12.0
2023-01-26,ATWWP002K12P,A,ATWWP,10.0,0,6.0,0.0
2023-01-26,EEA200G24P,E,EEA,0.0,0,0.0,0.0
2023-01-26,EEA500G12P,E,EEA,0.0,0,0.0,0.0
2023-01-26,MAC1K25P,M,MAC,0.0,0,0.0,0.0
2023-01-26,MAHS025K,M,MAHS,0.0,11,20.0,10.0
2023-01-26,MAP1K25P,M,MAP,0.0,0,0.0,0.0
2023-01-26,MAPA1K24P,M,MAPA,0.0,0,0.0,0.0
2023-01-26,MAR01K24P,M,MAR,709.0,500,980.001,995.0
2023-01-26,MAR02K12P,M,MAR,511.0,0,41.0,100.0
2023-01-26,MASR025K,M,MASR,0.0,6,0.0,0.0
2023-01-26,POP001L12P,P,POP,4084.0,2904,1431.4999999999998,1536.0
2023-01-26,POP002L09P,P,POP,79.0,304,169.0,90.0
2023-01-26,POP005L04P,P,POP,125.0,0,170.0,103.0
2023-01-26,POP015K,P,POP,0.0,0,0.0,0.0
2023-01-26,POP500M24P,P,POP,223.9999999999999,301,201.0,140.0
2023-01-26,POPF01L12P,P,POPF,1420.0,67,540.0,440.0
2023-01-26,POV001L24P,P,POV,1868.0,506,714.0000000000001,1140.0
2023-01-26,POV002L09P,P,POV,499.0000000000001,203,233.0,350.0
2023-01-26,POV005L04P,P,POV,165.0,0,104.0,100.0
2023-01-26,POV500M24P,P,POV,1145.0,809,627.0000000000001,560.0
2023-01-26,SE200G24P,S,SE,115.0,0,39.00000000000001,8.0
2023-01-26,SE500G24P,S,SE,815.0,0,341.0,580.0
2023-01-26,SO0001L12P,S,SO,0.0,0,0.0,0.0
2023-01-26,SO0002L09P,S,SO,0.0,0,0.0,0.0
2023-01-26,SO0005L04P,S,SO,0.0,0,0.0,0.0
2023-01-26,SO0500M24P,S,SO,0.0,0,0.0,0.0
2023-01-26,SOP001L12P,S,SOP,140.0,874,43.99999999999999,200.0
2023-01-26,SOS001L12P,S,SOS,12848.0,11004,7426.000000000004,8742.0
2023-01-26,SOS002L09P,S,SOS,7409.000000000001,9001,4129.999999999998,6763.0
2023-01-26,SOS003L04P,S,SOS,1366.0,2531,630.9999999999998,595.0
2023-01-26,SOS005L04P,S,SOS,7931.000000000002,15027,5839.999999999999,6313.0
2023-01-26,SOS008L02P,S,SOS,1715.0,0,614.0,530.0
2023-01-26,SOS250M48P,S,SOS,269.9999999999999,4,367.0,127.0
2023-01-26,SOS500M24P,S,SOS,5009.000000000003,4511,3439.0,4500.0
2023-01-27,AT5X5K,A,AT,0.0,0,837.0,1080.0
2023-01-27,ATN01K24P,A,ATN,0.0,2500,2047.0,1767.0
2023-01-27,ATN02K12P,A,ATN,0.0,388,575.0,585.0
2023-01-27,ATPA1K24P,A,ATPA,0.0,0,0.0,0.0
2023-01-27,ATPPCH5X5K,A,ATPPCH,0.0,0,0.0,0.0
2023-01-27,ATWWP001K24P,A,ATWWP,0.0,0,38.0,5.0
2023-01-27,ATWWP002K12P,A,ATWWP,0.0,0,0.0,10.0
2023-01-27,EEA200G24P,E,EEA,0.0,0,0.0,0.0
2023-01-27,EEA500G12P,E,EEA,0.0,0,0.0,0.0
2023-01-27,MAC1K25P,M,MAC,0.0,0,0.0,0.0
2023-01-27,MAHS025K,M,MAHS,0.0,150,0.0,0.0
2023-01-27,MAP1K25P,M,MAP,0.0,0,0.0,0.0
2023-01-27,MAPA1K24P,M,MAPA,0.0,0,0.0,0.0
2023-01-27,MAR01K24P,M,MAR,0.0,545,465.0,530.0
2023-01-27,MAR02K12P,M,MAR,0.0,0,10.0,5.0
2023-01-27,MASR025K,M,MASR,0.0,0,0.0,50.0
2023-01-27,POP001L12P,P,POP,0.0,402,178.5,378.0
2023-01-27,POP002L09P,P,POP,0.0,0,14.0,10.0
2023-01-27,POP005L04P,P,POP,0.0,0,0.0,0.0
2023-01-27,POP015K,P,POP,0.0,0,0.0,0.0
2023-01-27,POP500M24P,P,POP,0.0,0,100.0,121.0
2023-01-27,POPF01L12P,P,POPF,0.0,0,502.0,480.0
2023-01-27,POV001L24P,P,POV,0.0,803,1001.0,1205.0
2023-01-27,POV002L09P,P,POV,0.0,0,81.0,65.0
2023-01-27,POV005L04P,P,POV,0.0,0,65.0,50.0
2023-01-27,POV500M24P,P,POV,0.0,0,144.0,65.0
2023-01-27,SE200G24P,S,SE,0.0,0,32.0,0.0
2023-01-27,SE500G24P,S,SE,0.0,600,584.167,540.0
2023-01-27,SO0001L12P,S,SO,0.0,0,0.0,0.0
2023-01-27,SO0002L09P,S,SO,0.0,0,0.0,0.0
2023-01-27,SO0005L04P,S,SO,0.0,0,0.0,0.0
2023-01-27,SO0500M24P,S,SO,0.0,0,0.0,0.0
2023-01-27,SOP001L12P,S,SOP,0.0,0,90.0,240.0
2023-01-27,SOS001L12P,S,SOS,0.0,4693,5149.000000000002,5738.0
2023-01-27,SOS002L09P,S,SOS,1.221980676328502,2417,3637.999999999999,4990.0
2023-01-27,SOS003L04P,S,SOS,0.0,0,707.0,663.0
2023-01-27,SOS005L04P,S,SOS,0.4999999999999999,0,3645.0,4690.0
2023-01-27,SOS008L02P,S,SOS,0.0,0,63.0,350.0
2023-01-27,SOS250M48P,S,SOS,0.0,0,175.0,0.0
2023-01-27,SOS500M24P,S,SOS,0.0,2697,2797.0,2005.0
2023-01-28,AT5X5K,A,AT,15.0,0,424.0,455.0
2023-01-28,ATN01K24P,A,ATN,257.0,2400,2278.0,2616.0
2023-01-28,ATN02K12P,A,ATN,277.0,1200,663.0,385.0
2023-01-28,ATPA1K24P,A,ATPA,0.0,0,0.0,0.0
2023-01-28,ATPPCH5X5K,A,ATPPCH,0.0,0,0.0,0.0
2023-01-28,ATWWP001K24P,A,ATWWP,17.0,0,41.0,0.0
2023-01-28,ATWWP002K12P,A,ATWWP,20.0,0,10.0,0.0
2023-01-28,EEA200G24P,E,EEA,0.0,0,0.0,0.0
2023-01-28,EEA500G12P,E,EEA,0.0,0,0.0,0.0
2023-01-28,MAC1K25P,M,MAC,0.0,0,0.0,0.0
2023-01-28,MAHS025K,M,MAHS,0.0,0,50.0,0.0
2023-01-28,MAP1K25P,M,MAP,0.0,0,0.0,0.0
2023-01-28,MAPA1K24P,M,MAPA,0.0,0,0.0,0.0
2023-01-28,MAR01K24P,M,MAR,80.0,1740,286.0,280.0
2023-01-28,MAR02K12P,M,MAR,260.0,0,140.0,0.0
2023-01-28,MASR025K,M,MASR,150.0,0,46.0,150.0
2023-01-28,POP001L12P,P,POP,400.0,1000,621.5,808.0
2023-01-28,POP002L09P,P,POP,0.0,103,81.00000000000001,193.0
2023-01-28,POP005L04P,P,POP,0.0,0,124.0,113.0
2023-01-28,POP015K,P,POP,0.0,0,0.0,0.0
2023-01-28,POP500M24P,P,POP,0.0,0,37.0,180.0
2023-01-28,POPF01L12P,P,POPF,15.0,514,205.0,100.0
2023-01-28,POV001L24P,P,POV,180.0,0,1323.0,811.0
2023-01-28,POV002L09P,P,POV,20.0,604,279.0000000000001,159.0
2023-01-28,POV005L04P,P,POV,85.0,0,165.0,50.0
2023-01-28,POV500M24P,P,POV,210.0,0,1313.0,835.0
2023-01-28,SE200G24P,S,SE,0.0,0,38.0,0.0
2023-01-28,SE500G24P,S,SE,51.0,75,1106.0,455.0
2023-01-28,SO0001L12P,S,SO,0.0,0,0.0,0.0
2023-01-28,SO0002L09P,S,SO,0.0,0,0.0,0.0
2023-01-28,SO0005L04P,S,SO,0.0,0,0.0,0.0
2023-01-28,SO0500M24P,S,SO,0.0,0,0.0,0.0
2023-01-28,SOP001L12P,S,SOP,25.0,0,187.0,50.0
2023-01-28,SOS001L12P,S,SOS,2314.332971014493,8000,6438.999999999998,5270.0
2023-01-28,SOS002L09P,S,SOS,2421.778019323671,6000,4095.999999999999,3435.0
2023-01-28,SOS003L04P,S,SOS,1986.332971014493,0,525.9999999999999,475.0
2023-01-28,SOS005L04P,S,SOS,3864.999999999999,0,5391.499999999999,3620.0
2023-01-28,SOS008L02P,S,SOS,23.0,0,861.9999999999999,625.0
2023-01-28,SOS250M48P,S,SOS,25.0,0,167.0,0.0
2023-01-28,SOS500M24P,S,SOS,697.3329710144926,4500,2700.000000000001,2375.0
2023-01-29,AT5X5K,A,AT,2444.0,1500,1132.0,710.0
2023-01-29,ATN01K24P,A,ATN,5019.0,3000,1177.0,715.0
2023-01-29,ATN02K12P,A,ATN,1010.0,1200,270.0,350.0
2023-01-29,ATPA1K24P,A,ATPA,0.0,0,0.0,0.0
2023-01-29,ATPPCH5X5K,A,ATPPCH,0.0,0,0.0,0.0
2023-01-29,ATWWP001K24P,A,ATWWP,81.0,0,34.0,17.0
2023-01-29,ATWWP002K12P,A,ATWWP,6.0,2,33.0,30.0
2023-01-29,EEA200G24P,E,EEA,0.0,0,0.0,0.0
2023-01-29,EEA500G12P,E,EEA,0.0,0,0.0,0.0
2023-01-29,MAC1K25P,M,MAC,58.0,0,0.0,0.0
2023-01-29,MAHS025K,M,MAHS,31.0,18,8.0,0.0
2023-01-29,MAP1K25P,M,MAP,0.0,0,0.0,0.0
2023-01-29,MAPA1K24P,M,MAPA,0.0,0,0.0,0.0
2023-01-29,MAR01K24P,M,MAR,953.0,0,281.0,250.0
2023-01-29,MAR02K12P,M,MAR,92.0,0,112.0,50.0
2023-01-29,MASR025K,M,MASR,30.0,0,75.0,40.0
2023-01-29,POP001L12P,P,POP,5572.0,2464,2744.5,3840.0
2023-01-29,POP002L09P,P,POP,187.0,0,50.0,10.0
2023-01-29,POP005L04P,P,POP,55.0,0,28.0,10.0
2023-01-29,POP015K,P,POP,0.0,0,0.0,0.0
2023-01-29,POP500M24P,P,POP,240.0,404,68.0,4.0
2023-01-29,POPF01L12P,P,POPF,335.0,501,234.0,280.0
2023-01-29,POV001L24P,P,POV,1662.0,2005,454.0000000000001,0.0
2023-01-29,POV002L09P,P,POV,632.0000000000001,0,115.0,84.0
2023-01-29,POV005L04P,P,POV,282.0,0,118.0,160.0
2023-01-29,POV500M24P,P,POV,1017.0,1602,288.0000000000001,0.0
2023-01-29,SE200G24P,S,SE,60.0,330,10.0,60.0
2023-01-29,SE500G24P,S,SE,1540.0,500,510.833,180.0
2023-01-29,SO0001L12P,S,SO,0.0,0,0.0,0.0
2023-01-29,SO0002L09P,S,SO,0.0,0,0.0,0.0
2023-01-29,SO0005L04P,S,SO,0.0,0,0.0,0.0
2023-01-29,SO0500M24P,S,SO,0.0,0,0.0,0.0
2023-01-29,SOP001L12P,S,SOP,480.9999999999998,0,225.0,220.0
2023-01-29,SOS001L12P,S,SOS,11075.0,10000,5238.999999999999,8046.0
2023-01-29,SOS002L09P,S,SOS,7007.55495169082,7000,3357.332971014492,6575.0
2023-01-29,SOS003L04P,S,SOS,1157.0,993,1268.0,1646.0
2023-01-29,SOS005L04P,S,SOS,10318.0,8038,4789.999999999999,6819.0
2023-01-29,SOS008L02P,S,SOS,1681.0,0,375.0,365.0
2023-01-29,SOS250M48P,S,SOS,441.0000000000001,0,82.99999999999999,0.0
2023-01-29,SOS500M24P,S,SOS,5655.000000000004,5004,1639.999999999999,2961.0
2023-01-30,AT5X5K,A,AT,569.0,1200,1406.0,1420.0
2023-01-30,ATN01K24P,A,ATN,3899.0,3000,4516.0,3840.0
2023-01-30,ATN02K12P,A,ATN,1386.5,1000,1596.0,1460.0
2023-01-30,ATPA1K24P,A,ATPA,0.0,0,0.0,0.0
2023-01-30,ATPPCH5X5K,A,ATPPCH,0.0,0,0.0,0.0
2023-01-30,ATWWP001K24P,A,ATWWP,137.0,0,43.0,16.0
2023-01-30,ATWWP002K12P,A,ATWWP,35.0,0,7.0,12.0
2023-01-30,EEA200G24P,E,EEA,0.0,0,0.0,0.0
2023-01-30,EEA500G12P,E,EEA,0.0,0,0.0,0.0
2023-01-30,MAC1K25P,M,MAC,0.0,150,0.0,150.0
2023-01-30,MAHS025K,M,MAHS,10.0,32,0.0,50.0
2023-01-30,MAP1K25P,M,MAP,0.0,0,0.0,0.0
2023-01-30,MAPA1K24P,M,MAPA,10.0,0,0.0,0.0
2023-01-30,MAR01K24P,M,MAR,745.0,200,720.0,423.0
2023-01-30,MAR02K12P,M,MAR,227.0,0,258.0,385.0
2023-01-30,MASR025K,M,MASR,54.0,13,60.0,50.0
2023-01-30,POP001L12P,P,POP,6190.0,2514,1484.0,904.0
2023-01-30,POP002L09P,P,POP,121.0,100,27.0,75.0
2023-01-30,POP005L04P,P,POP,28.0,100,19.0,45.0
2023-01-30,POP015K,P,POP,0.0,0,0.0,0.0
2023-01-30,POP500M24P,P,POP,234.0,0,22.0,0.0
2023-01-30,POPF01L12P,P,POPF,239.0,500,720.0,790.0
2023-01-30,POV001L24P,P,POV,2488.0,1009,824.0,1620.0
2023-01-30,POV002L09P,P,POV,509.0000000000001,508,239.0,261.0
2023-01-30,POV005L04P,P,POV,315.0,300,90.0,85.0
2023-01-30,POV500M24P,P,POV,1097.0,0,238.0,474.0
2023-01-30,SE200G24P,S,SE,70.0,0,0.0,10.0
2023-01-30,SE500G24P,S,SE,869.0,500,1158.167,920.0
2023-01-30,SO0001L12P,S,SO,0.0,0,0.0,0.0
2023-01-30,SO0002L09P,S,SO,0.0,0,0.0,0.0
2023-01-30,SO0005L04P,S,SO,0.0,0,0.0,0.0
2023-01-30,SO0500M24P,S,SO,0.0,0,0.0,0.0
2023-01-30,SOP001L12P,S,SOP,300.0,0,59.00000000000001,260.0
2023-01-30,SOS001L12P,S,SOS,8733.999999999995,11000,8616.999999999996,6196.0
2023-01-30,SOS002L09P,S,SOS,6000.110990338167,10025,5580.221980676329,3852.0
2023-01-30,SOS003L04P,S,SOS,1069.0,4000,984.9999999999995,335.0
2023-01-30,SOS005L04P,S,SOS,9076.75,5422,7788.999999999998,6104.0
2023-01-30,SOS008L02P,S,SOS,531.0,0,279.9999999999999,540.0
2023-01-30,SOS250M48P,S,SOS,521.9999999999998,2500,200.0,268.0
2023-01-30,SOS500M24P,S,SOS,3797.0,0,4140.000000000001,2237.0
2023-01-31,AT5X5K,A,AT,2101.0,1200,767.0,990.0
2023-01-31,ATN01K24P,A,ATN,3735.25,3000,5276.417,4620.0
2023-01-31,ATN02K12P,A,ATN,1599.583,800,870.916,1050.0
2023-01-31,ATPA1K24P,A,ATPA,31.0,0,0.0,0.0
2023-01-31,ATPPCH5X5K,A,ATPPCH,10.0,0,0.0,0.0
2023-01-31,ATWWP001K24P,A,ATWWP,73.0,0,68.137,92.0
2023-01-31,ATWWP002K12P,A,ATWWP,10.0,0,14.73,0.0
2023-01-31,EEA200G24P,E,EEA,0.0,0,0.0,0.0
2023-01-31,EEA500G12P,E,EEA,0.0,0,0.0,0.0
2023-01-31,MAC1K25P,M,MAC,0.0,0,28.0,0.0
2023-01-31,MAHS025K,M,MAHS,0.0,6,15.0,20.0
2023-01-31,MAP1K25P,M,MAP,0.0,0,0.0,0.0
2023-01-31,MAPA1K24P,M,MAPA,0.0,0,0.0,0.0
2023-01-31,MAR01K24P,M,MAR,803.583,500,1140.75,850.0
2023-01-31,MAR02K12P,M,MAR,370.583,0,165.916,100.0
2023-01-31,MASR025K,M,MASR,124.0,200,90.0,100.0
2023-01-31,POP001L12P,P,POP,2578.0,3130,3351.9979853479854,1876.0
2023-01-31,POP002L09P,P,POP,15.0,103,93.0,5.0
2023-01-31,POP005L04P,P,POP,15.0,100,22.0,0.0
2023-01-31,POP015K,P,POP,5.0,0,0.0,0.0
2023-01-31,POP500M24P,P,POP,80.0,0,24.0,25.0
2023-01-31,POPF01L12P,P,POPF,20.0,265,100.0,0.0
2023-01-31,POV001L24P,P,POV,1309.0,1203,2528.0,1736.0
2023-01-31,POV002L09P,P,POV,393.0,509,800.0,650.0
2023-01-31,POV005L04P,P,POV,212.0,300,545.0,400.0
2023-01-31,POV500M24P,P,POV,713.9999999999999,337,1485.0,1195.0
2023-01-31,SE200G24P,S,SE,90.0,0,49.00000000000001,232.0
2023-01-31,SE500G24P,S,SE,750.0,900,811.0,1069.0
2023-01-31,SO0001L12P,S,SO,0.0,0,0.0,0.0
2023-01-31,SO0002L09P,S,SO,0.0,0,0.0,0.0
2023-01-31,SO0005L04P,S,SO,0.0,0,0.0,0.0
2023-01-31,SO0500M24P,S,SO,0.0,0,0.0,0.0
2023-01-31,SOP001L12P,S,SOP,59.99999999999999,0,647.0,400.0
2023-01-31,SOS001L12P,S,SOS,7233.166032608694,8497,13380.16603260869,5495.0
2023-01-31,SOS002L09P,S,SOS,3845.33297101449,6701,8391.443961352657,3692.0
2023-01-31,SOS003L04P,S,SOS,423.9999999999999,30,1575.0,680.0
2023-01-31,SOS005L04P,S,SOS,4345.25,12281,11903.0,5969.0
2023-01-31,SOS008L02P,S,SOS,213.0,503,792.0000000000003,95.0
2023-01-31,SOS250M48P,S,SOS,130.0,1,415.9999999999999,751.0
2023-01-31,SOS500M24P,S,SOS,2368.0,4008,4929.000000000002,1566.0
2023-02-01,AT5X5K,A,AT,180.4,700,1593.0,1450.0
2023-02-01,ATN01K24P,A,ATN,2695.13,3000,2606.0,3813.0
2023-02-01,ATN02K12P,A,ATN,311.75,1000,1070.0,630.0
2023-02-01,ATPA1K24P,A,ATPA,0.0,0,0.0,0.0
2023-02-01,ATPPCH5X5K,A,ATPPCH,0.0,0,0.0,0.0
2023-02-01,ATWWP001K24P,A,ATWWP,59.58000000000001,0,97.0,47.0
2023-02-01,ATWWP002K12P,A,ATWWP,2.92,0,21.021,0.0
2023-02-01,EEA200G24P,E,EEA,0.0,0,0.0,0.0
2023-02-01,EEA500G12P,E,EEA,0.0,0,0.0,0.0
2023-02-01,MAC1K25P,M,MAC,50.0,0,0.0,0.0
2023-02-01,MAHS025K,M,MAHS,0.0,0,11.0,0.0
2023-02-01,MAP1K25P,M,MAP,0.0,0,0.0,0.0
2023-02-01,MAPA1K24P,M,MAPA,0.0,0,0.0,0.0
2023-02-01,MAR01K24P,M,MAR,1365.33,380,647.0,850.0
2023-02-01,MAR02K12P,M,MAR,209.33,400,347.0,120.0
2023-02-01,MASR025K,M,MASR,105.0,0,80.0,30.0
2023-02-01,POP001L12P,P,POP,26278.0,0,302.0,60.0
2023-02-01,POP002L09P,P,POP,458.0000000000001,0,61.0,0.0
2023-02-01,POP005L04P,P,POP,105.0,0,53.0,10.0
2023-02-01,POP015K,P,POP,0.0,0,0.0,0.0
2023-02-01,POP500M24P,P,POP,633.0,0,67.0,20.0
2023-02-01,POPF01L12P,P,POPF,795.0000000000001,0,35.00000000000001,0.0
2023-02-01,POV001L24P,P,POV,5628.000000000002,0,492.0000000000001,340.0
2023-02-01,POV002L09P,P,POV,1509.0,0,383.0,300.0
2023-02-01,POV005L04P,P,POV,893.0,0,149.0,125.0
2023-02-01,POV500M24P,P,POV,3399.0,0,270.0,185.0
2023-02-01,SE200G24P,S,SE,125.42,17,0.0,45.0
2023-02-01,SE500G24P,S,SE,601.33,1000,755.0,687.0
2023-02-01,SO0001L12P,S,SO,0.0,0,0.0,0.0
2023-02-01,SO0002L09P,S,SO,0.0,0,0.0,0.0
2023-02-01,SO0005L04P,S,SO,0.0,0,0.0,0.0
2023-02-01,SO0500M24P,S,SO,0.0,0,0.0,0.0
2023-02-01,SOP001L12P,S,SOP,484.9160326086955,0,0.0,0.0
2023-02-01,SOS001L12P,S,SOS,21606.75398550723,0,3644.0,1026.0
2023-02-01,SOS002L09P,S,SOS,13244.43900966184,0,2520.889009661836,750.0
2023-02-01,SOS003L04P,S,SOS,1775.5,0,262.0,49.0
2023-02-01,SOS005L04P,S,SOS,18027.25,0,3513.5,1184.0
2023-02-01,SOS008L02P,S,SOS,1251.5,0,1221.0,350.0
2023-02-01,SOS250M48P,S,SOS,790.9999999999999,0,434.9999999999999,355.0
2023-02-01,SOS500M24P,S,SOS,8189.999999999994,0,1655.0,520.0
2023-02-02,AT5X5K,A,AT,307.0,2000,197.0,60.0
2023-02-02,ATN01K24P,A,ATN,3132.625,6000,2467.0,2125.0
2023-02-02,ATN02K12P,A,ATN,531.0,1500,152.0,740.0
2023-02-02,ATPA1K24P,A,ATPA,0.0,0,0.0,0.0
2023-02-02,ATPPCH5X5K,A,ATPPCH,0.0,0,0.0,0.0
2023-02-02,ATWWP001K24P,A,ATWWP,23.0,0,59.0,19.0
2023-02-02,ATWWP002K12P,A,ATWWP,0.0,0,0.0,0.0
2023-02-02,EEA200G24P,E,EEA,0.0,0,0.0,0.0
2023-02-02,EEA500G12P,E,EEA,0.0,0,0.0,0.0
2023-02-02,MAC1K25P,M,MAC,0.0,0,20.0,0.0
2023-02-02,MAHS025K,M,MAHS,5.0,0,0.0,0.0
2023-02-02,MAP1K25P,M,MAP,0.0,0,0.0,0.0
2023-02-02,MAPA1K24P,M,MAPA,0.0,0,0.0,0.0
2023-02-02,MAR01K24P,M,MAR,1035.583,445,819.0,710.0
2023-02-02,MAR02K12P,M,MAR,72.0,0,57.0,250.0
2023-02-02,MASR025K,M,MASR,60.0,100,128.0,200.0
2023-02-02,POP001L12P,P,POP,8124.0,7672,1352.0,2952.0
2023-02-02,POP002L09P,P,POP,503.0000000000001,100,116.0,224.0
2023-02-02,POP005L04P,P,POP,500.0,0,29.0,239.999
2023-02-02,POP015K,P,POP,0.0,0,0.0,0.0
2023-02-02,POP500M24P,P,POP,1081.0,510,170.0,874.686
2023-02-02,POPF01L12P,P,POPF,1119.0,505,16.0,1311.5
2023-02-02,POV001L24P,P,POV,3691.999999999998,3505,677.0,740.0
2023-02-02,POV002L09P,P,POV,735.9999999999999,500,306.0,292.0
2023-02-02,POV005L04P,P,POV,241.0,400,204.0,143.75
2023-02-02,POV500M24P,P,POV,1919.0,2401,600.0,553.0
2023-02-02,SE200G24P,S,SE,144.0,200,131.0,115.0
2023-02-02,SE500G24P,S,SE,1144.083,500,326.0,566.0
2023-02-02,SO0001L12P,S,SO,0.0,0,0.0,0.0
2023-02-02,SO0002L09P,S,SO,0.0,0,0.0,0.0
2023-02-02,SO0005L04P,S,SO,0.0,0,0.0,0.0
2023-02-02,SO0500M24P,S,SO,0.0,0,0.0,0.0
2023-02-02,SOP001L12P,S,SOP,145.5829710144928,0,113.0,34.0
2023-02-02,SOS001L12P,S,SOS,17659.1670289855,11063,10486.0,15117.0
2023-02-02,SOS002L09P,S,SOS,10433.11099033817,2597,7400.999999999998,17625.0
2023-02-02,SOS003L04P,S,SOS,2006.25,0,1009.0,2701.0
2023-02-02,SOS005L04P,S,SOS,12920.0,11439,8916.999999999998,9365.0
2023-02-02,SOS008L02P,S,SOS,935.0,1219,386.0,105.0
2023-02-02,SOS250M48P,S,SOS,453.9999999999999,0,501.9990036231884,1249.0
2023-02-02,SOS500M24P,S,SOS,7359.999999999997,4046,3725.000000000001,7043.0
2023-02-03,AT5X5K,A,AT,0.0,2000,221.0,330.0
2023-02-03,ATN01K24P,A,ATN,0.0,4500,1738.0,2759.0
2023-02-03,ATN02K12P,A,ATN,0.0,1000,261.0,50.0
2023-02-03,ATPA1K24P,A,ATPA,0.0,0,0.0,0.0
2023-02-03,ATPPCH5X5K,A,ATPPCH,0.0,0,0.0,0.0
2023-02-03,ATWWP001K24P,A,ATWWP,0.0,0,0.0,0.0
2023-02-03,ATWWP002K12P,A,ATWWP,0.0,0,0.0,0.0
2023-02-03,EEA200G24P,E,EEA,0.0,0,0.0,0.0
2023-02-03,EEA500G12P,E,EEA,0.0,0,0.0,0.0
2023-02-03,MAC1K25P,M,MAC,0.0,0,0.0,0.0
2023-02-03,MAHS025K,M,MAHS,0.0,50,5.0,0.0
2023-02-03,MAP1K25P,M,MAP,0.0,0,0.0,0.0
2023-02-03,MAPA1K24P,M,MAPA,0.0,0,0.0,0.0
2023-02-03,MAR01K24P,M,MAR,0.0,1015,368.0,950.0
2023-02-03,MAR02K12P,M,MAR,0.0,10,8.0,101.0
2023-02-03,MASR025K,M,MASR,0.0,70,0.0,38.0
2023-02-03,POP001L12P,P,POP,0.0,1778,1238.0,1498.0
2023-02-03,POP002L09P,P,POP,0.0,501,225.0,250.0
2023-02-03,POP005L04P,P,POP,0.0,0,20.0,30.0
2023-02-03,POP015K,P,POP,0.0,0,0.0,0.0
2023-02-03,POP500M24P,P,POP,0.0,303,305.0,325.0
2023-02-03,POPF01L12P,P,POPF,0.0,0,205.0,205.0
2023-02-03,POV001L24P,P,POV,0.0,1501,1791.0,1641.0
2023-02-03,POV002L09P,P,POV,0.0,1502,269.0000000000001,266.0
2023-02-03,POV005L04P,P,POV,0.0,602,288.0000000000001,278.0
2023-02-03,POV500M24P,P,POV,0.0,1002,1010.0,1000.0
2023-02-03,SE200G24P,S,SE,0.0,0,0.0,84.0
2023-02-03,SE500G24P,S,SE,0.0,500,169.0,400.0
2023-02-03,SO0001L12P,S,SO,0.0,0,0.0,0.0
2023-02-03,SO0002L09P,S,SO,0.0,0,0.0,0.0
2023-02-03,SO0005L04P,S,SO,0.0,0,0.0,0.0
2023-02-03,SO0500M24P,S,SO,0.0,0,0.0,0.0
2023-02-03,SOP001L12P,S,SOP,0.0,0,10.0,10.0
2023-02-03,SOS001L12P,S,SOS,0.0,868,9984.999999999998,9084.0
2023-02-03,SOS002L09P,S,SOS,0.0,1392,6327.999999999999,7656.0
2023-02-03,SOS003L04P,S,SOS,0.0,0,1107.0,1016.0
2023-02-03,SOS005L04P,S,SOS,0.0,2317,8453.25,6511.25
2023-02-03,SOS008L02P,S,SOS,0.0,0,376.9999999999999,302.0
2023-02-03,SOS250M48P,S,SOS,0.0,0,311.0,612.0
2023-02-03,SOS500M24P,S,SOS,0.0,2057,3439.000000000001,4151.0
2023-02-04,AT5X5K,A,AT,220.0,500,195.4,230.0
2023-02-04,ATN01K24P,A,ATN,979.0,500,1227.13,1738.0
2023-02-04,ATN02K12P,A,ATN,231.0,500,590.75,505.0
2023-02-04,ATPA1K24P,A,ATPA,0.0,0,0.0,0.0
2023-02-04,ATPPCH5X5K,A,ATPPCH,0.0,0,0.0,0.0
2023-02-04,ATWWP001K24P,A,ATWWP,0.0,0,45.0,0.0
2023-02-04,ATWWP002K12P,A,ATWWP,2.0,0,0.0,0.0
2023-02-04,EEA200G24P,E,EEA,0.0,0,0.0,0.0
2023-02-04,EEA500G12P,E,EEA,0.0,0,0.0,0.0
2023-02-04,MAC1K25P,M,MAC,0.0,43,0.0,43.0
2023-02-04,MAHS025K,M,MAHS,0.0,0,0.0,3.0
2023-02-04,MAP1K25P,M,MAP,0.0,0,0.0,0.0
2023-02-04,MAPA1K24P,M,MAPA,0.0,0,0.0,0.0
2023-02-04,MAR01K24P,M,MAR,151.0,1215,568.33,870.0
2023-02-04,MAR02K12P,M,MAR,110.0,0,210.33,200.0
2023-02-04,MASR025K,M,MASR,240.0,100,249.0,52.0
2023-02-04,POP001L12P,P,POP,1040.0,2004,4147.683882783882,4564.0
2023-02-04,POP002L09P,P,POP,15.0,0,95.0,176.0
2023-02-04,POP005L04P,P,POP,0.0,0,70.0,80.0
2023-02-04,POP015K,P,POP,0.0,0,0.0,0.0
2023-02-04,POP500M24P,P,POP,51.0,0,222.0,470.0
2023-02-04,POPF01L12P,P,POPF,5.0,400,100.0,100.0
2023-02-04,POV001L24P,P,POV,525.0,0,964.0,1399.0
2023-02-04,POV002L09P,P,POV,110.0,0,96.0,350.0
2023-02-04,POV005L04P,P,POV,337.0,0,55.0,120.0
2023-02-04,POV500M24P,P,POV,360.0,500,675.0,815.0
2023-02-04,SE200G24P,S,SE,10.0,199,149.0,0.0
2023-02-04,SE500G24P,S,SE,36.0,1000,711.3299999999999,810.0
2023-02-04,SO0001L12P,S,SO,0.0,0,0.0,0.0
2023-02-04,SO0002L09P,S,SO,0.0,0,0.0,0.0
2023-02-04,SO0005L04P,S,SO,0.0,0,0.0,0.0
2023-02-04,SO0500M24P,S,SO,0.0,0,0.0,0.0
2023-02-04,SOP001L12P,S,SOP,120.0,0,29.91603260869565,19.0
2023-02-04,SOS001L12P,S,SOS,1498.0,9002,5231.416032608695,8053.0
2023-02-04,SOS002L09P,S,SOS,1486.0,5197,5245.549999999998,3756.0
2023-02-04,SOS003L04P,S,SOS,333.9999999999999,0,503.4999999999998,755.0
2023-02-04,SOS005L04P,S,SOS,3545.0,8502,5872.999999999999,8563.0
2023-02-04,SOS008L02P,S,SOS,913.0,3000,525.0,830.0
2023-02-04,SOS250M48P,S,SOS,5.0,0,266.0,85.0
2023-02-04,SOS500M24P,S,SOS,567.3329710144927,3423,2171.614039855072,4827.0
2023-02-05,AT5X5K,A,AT,732.0,500,445.0,340.0
2023-02-05,ATN01K24P,A,ATN,4924.0,500,1866.625,840.0
2023-02-05,ATN02K12P,A,ATN,616.0,500,568.0,500.0
2023-02-05,ATPA1K24P,A,ATPA,0.0,0,0.0,0.0
2023-02-05,ATPPCH5X5K,A,ATPPCH,0.0,0,0.0,0.0
2023-02-05,ATWWP001K24P,A,ATWWP,39.0,0,27.0,0.0
2023-02-05,ATWWP002K12P,A,ATWWP,2.0,0,0.0,0.0
2023-02-05,EEA200G24P,E,EEA,0.0,0,0.0,0.0
2023-02-05,EEA500G12P,E,EEA,0.0,0,0.0,0.0
2023-02-05,MAC1K25P,M,MAC,1.0,0,72.0,0.0
2023-02-05,MAHS025K,M,MAHS,25.0,0,39.0,5.0
2023-02-05,MAP1K25P,M,MAP,0.0,0,0.0,0.0
2023-02-05,MAPA1K24P,M,MAPA,0.0,0,0.0,0.0
2023-02-05,MAR01K24P,M,MAR,929.0,500,667.583,160.0
2023-02-05,MAR02K12P,M,MAR,78.0,400,281.0,200.0
2023-02-05,MASR025K,M,MASR,105.0,100,120.0,0.0
2023-02-05,POP001L12P,P,POP,6830.0,4002,4496.0,10534.0
2023-02-05,POP002L09P,P,POP,375.0000000000001,409,276.0,255.0
2023-02-05,POP005L04P,P,POP,195.0,506,40.0,95.0
2023-02-05,POP015K,P,POP,0.0,0,0.0,0.0
2023-02-05,POP500M24P,P,POP,782.0,1020,508.0000000000001,660.0
2023-02-05,POPF01L12P,P,POPF,1013.0,524,390.0,390.0
2023-02-05,POV001L24P,P,POV,4460.000000000002,2501,1949.0,2050.0
2023-02-05,POV002L09P,P,POV,1383.0,703,670.0000000000001,950.0
2023-02-05,POV005L04P,P,POV,494.0,42,337.0,569.0
2023-02-05,POV500M24P,P,POV,2039.000000000001,2019,1147.0,991.0
2023-02-05,SE200G24P,S,SE,105.0,0,86.0,184.0
2023-02-05,SE500G24P,S,SE,1036.0,500,665.083,100.0
2023-02-05,SO0001L12P,S,SO,0.0,0,0.0,0.0
2023-02-05,SO0002L09P,S,SO,0.0,0,0.0,0.0
2023-02-05,SO0005L04P,S,SO,0.0,0,0.0,0.0
2023-02-05,SO0500M24P,S,SO,0.0,0,0.0,0.0
2023-02-05,SOP001L12P,S,SOP,338.0000000000001,130,167.5829710144927,154.0
2023-02-05,SOS001L12P,S,SOS,25394.00000000002,6371,7341.500996376812,13485.0
2023-02-05,SOS002L09P,S,SOS,16932.99999999998,3100,5086.110990338163,9392.999999999998
2023-02-05,SOS003L04P,S,SOS,2558.000000000002,2000,1044.25,1130.0
2023-02-05,SOS005L04P,S,SOS,24629.0,10500,9460.500000000002,12455.5
2023-02-05,SOS008L02P,S,SOS,2018.0,2067,1211.5,2262.0
2023-02-05,SOS250M48P,S,SOS,768.9999999999997,31,208.9999999999999,77.0
2023-02-05,SOS500M24P,S,SOS,9704.999999999978,4500,2776.71893115942,7649.333000000001
2023-02-06,AT5X5K,A,AT,1440.0,500,913.0,1060.0
2023-02-06,ATN01K24P,A,ATN,2517.0,1000,3691.0,3225.0
2023-02-06,ATN02K12P,A,ATN,801.0,500,1026.0,600.0
2023-02-06,ATPA1K24P,A,ATPA,0.0,0,0.0,0.0
2023-02-06,ATPPCH5X5K,A,ATPPCH,0.0,0,0.0,0.0
2023-02-06,ATWWP001K24P,A,ATWWP,18.0,0,9.0,0.0
2023-02-06,ATWWP002K12P,A,ATWWP,3.0,0,0.0,0.0
2023-02-06,EEA200G24P,E,EEA,0.0,0,0.0,0.0
2023-02-06,EEA500G12P,E,EEA,0.0,0,0.0,0.0
2023-02-06,MAC1K25P,M,MAC,0.0,0,38.0,0.0
2023-02-06,MAHS025K,M,MAHS,20.0,2,0.0,0.0
2023-02-06,MAP1K25P,M,MAP,0.0,0,0.0,0.0
2023-02-06,MAPA1K24P,M,MAPA,0.0,0,0.0,0.0
2023-02-06,MAR01K24P,M,MAR,657.0,500,569.0,860.0
2023-02-06,MAR02K12P,M,MAR,61.0,300,194.0,100.0
2023-02-06,MASR025K,M,MASR,240.0,141,190.0,336.0
2023-02-06,POP001L12P,P,POP,3542.0,2116,3162.0,2988.0
2023-02-06,POP002L09P,P,POP,208.0,203,30.0,20.0
2023-02-06,POP005L04P,P,POP,165.0,104,2.0,0.0
2023-02-06,POP015K,P,POP,0.0,0,0.0,0.0
2023-02-06,POP500M24P,P,POP,414.9999999999999,502,252.0,105.0
2023-02-06,POPF01L12P,P,POPF,1195.0,502,370.0,370.0
2023-02-06,POV001L24P,P,POV,1950.0,2477,1332.0,910.0
2023-02-06,POV002L09P,P,POV,424.0,403,240.0,229.0
2023-02-06,POV005L04P,P,POV,300.0,0,201.0,12.0
2023-02-06,POV500M24P,P,POV,1170.0,2537,334.0,1130.0
2023-02-06,SE200G24P,S,SE,75.0,0,208.0,0.0
2023-02-06,SE500G24P,S,SE,1016.0,0,746.0,1018.0
2023-02-06,SO0001L12P,S,SO,0.0,0,0.0,0.0
2023-02-06,SO0002L09P,S,SO,0.0,0,0.0,0.0
2023-02-06,SO0005L04P,S,SO,0.0,0,0.0,0.0
2023-02-06,SO0500M24P,S,SO,0.0,0,0.0,0.0
2023-02-06,SOP001L12P,S,SOP,289.9999999999999,0,4.999999999999999,0.0
2023-02-06,SOS001L12P,S,SOS,17765.5009963768,6674,14596.99999999999,10910.0
2023-02-06,SOS002L09P,S,SOS,9378.780012077295,6944,8742.0,6574.0
2023-02-06,SOS003L04P,S,SOS,1374.0,2015,1212.0,1227.0
2023-02-06,SOS005L04P,S,SOS,15394.99999999999,5924,13319.0,11010.0
2023-02-06,SOS008L02P,S,SOS,710.0,0,1390.0,1715.0
2023-02-06,SOS250M48P,S,SOS,464.0,0,184.0,0.0
2023-02-06,SOS500M24P,S,SOS,5541.000000000002,2538,6723.000000000001,2442.0
2023-02-07,AT5X5K,A,AT,1082.0,0,1370.0,1290.0
2023-02-07,ATN01K24P,A,ATN,2105.327,4000,2876.0,2305.0
2023-02-07,ATN02K12P,A,ATN,944.167,0,763.0,790.0
2023-02-07,ATPA1K24P,A,ATPA,0.0,0,0.0,0.0
2023-02-07,ATPPCH5X5K,A,ATPPCH,0.0,0,0.0,0.0
2023-02-07,ATWWP001K24P,A,ATWWP,22.0,0,8.0,0.0
2023-02-07,ATWWP002K12P,A,ATWWP,0.0,0,0.0,0.0
2023-02-07,EEA200G24P,E,EEA,0.0,0,0.0,0.0
2023-02-07,EEA500G12P,E,EEA,0.0,0,0.0,0.0
2023-02-07,MAC1K25P,M,MAC,0.0,0,25.0,0.0
2023-02-07,MAHS025K,M,MAHS,75.0,100,0.0,44.0
2023-02-07,MAP1K25P,M,MAP,0.0,0,0.0,0.0
2023-02-07,MAPA1K24P,M,MAPA,0.0,0,0.0,0.0
2023-02-07,MAR01K24P,M,MAR,722.5769999999999,380,929.0,100.0
2023-02-07,MAR02K12P,M,MAR,320.0,0,130.0,300.0
2023-02-07,MASR025K,M,MASR,49.0,201,265.0,25.0
2023-02-07,POP001L12P,P,POP,1982.0000000000002,2020,4062.0,5058.0
2023-02-07,POP002L09P,P,POP,274.0,304,257.9970085470085,395.0
2023-02-07,POP005L04P,P,POP,57.00000000000001,100,190.0,375.0
2023-02-07,POP015K,P,POP,0.0,0,0.0,0.0
2023-02-07,POP500M24P,P,POP,211.9999999999999,0,445.0000000000001,447.0
2023-02-07,POPF01L12P,P,POPF,106.0,1072,10.0,445.0
2023-02-07,POV001L24P,P,POV,1716.0,101,2014.0,2115.0
2023-02-07,POV002L09P,P,POV,295.0000000000001,1501,677.0000000000001,530.0
2023-02-07,POV005L04P,P,POV,157.0,1200,140.0,88.0
2023-02-07,POV500M24P,P,POV,880.9999999999999,1416,1753.0,1924.0
2023-02-07,SE200G24P,S,SE,161.0,200,45.0,20.0
2023-02-07,SE500G24P,S,SE,740.0,800,876.167,570.0
2023-02-07,SO0001L12P,S,SO,0.0,0,0.0,0.0
2023-02-07,SO0002L09P,S,SO,0.0,0,0.0,0.0
2023-02-07,SO0005L04P,S,SO,0.0,0,0.0,0.0
2023-02-07,SO0500M24P,S,SO,0.0,0,0.0,0.0
2023-02-07,SOP001L12P,S,SOP,495.0,0,0.0,0.0
2023-02-07,SOS001L12P,S,SOS,9691.999999999993,16457,14290.0,14305.0
2023-02-07,SOS002L09P,S,SOS,9365.439975845416,15503,9131.000000000007,8014.0
2023-02-07,SOS003L04P,S,SOS,2303.500000000002,2001,1382.0,1945.0
2023-02-07,SOS005L04P,S,SOS,12536.5,13725,13264.0,13308.0
2023-02-07,SOS008L02P,S,SOS,213.9999999999999,0,1123.0,555.0
2023-02-07,SOS250M48P,S,SOS,277.9999999999999,0,80.0,0.0
2023-02-07,SOS500M24P,S,SOS,3469.000000000003,5500,4821.001992753622,2310.0
2023-02-08,AT5X5K,A,AT,569.0,0,742.0,1373.0
2023-02-08,ATN01K24P,A,ATN,2104.333,4000,2176.16,3670.0
2023-02-08,ATN02K12P,A,ATN,1002.0,0,1248.0,835.0
2023-02-08,ATPA1K24P,A,ATPA,0.0,0,0.0,0.0
2023-02-08,ATPPCH5X5K,A,ATPPCH,0.0,0,0.0,0.0
2023-02-08,ATWWP001K24P,A,ATWWP,5.0,0,0.0,0.0
2023-02-08,ATWWP002K12P,A,ATWWP,5.0,0,0.0,0.0
2023-02-08,EEA200G24P,E,EEA,0.0,0,0.0,0.0
2023-02-08,EEA500G12P,E,EEA,0.0,0,0.0,0.0
2023-02-08,MAC1K25P,M,MAC,0.0,0,0.0,0.0
2023-02-08,MAHS025K,M,MAHS,0.0,0,70.0,70.0
2023-02-08,MAP1K25P,M,MAP,0.0,0,0.0,0.0
2023-02-08,MAPA1K24P,M,MAPA,0.0,0,0.0,0.0
2023-02-08,MAR01K24P,M,MAR,714.0,600,488.16,510.0
2023-02-08,MAR02K12P,M,MAR,46.0,300,242.0,110.0
2023-02-08,MASR025K,M,MASR,0.0,500,100.0,358.0
2023-02-08,POP001L12P,P,POP,2550.0,3928,2840.0,2196.0
2023-02-08,POP002L09P,P,POP,187.0,304,214.0000000000001,100.0
2023-02-08,POP005L04P,P,POP,62.00000000000001,402,333.0000000000001,334.0
2023-02-08,POP015K,P,POP,0.0,0,0.0,0.0
2023-02-08,POP500M24P,P,POP,315.9999999999999,0,253.0,255.0
2023-02-08,POPF01L12P,P,POPF,349.0000000000001,657,709.0000000000001,500.0
2023-02-08,POV001L24P,P,POV,2746.0,2500,1729.0,1955.0
2023-02-08,POV002L09P,P,POV,770.0,505,522.0000000000001,460.0
2023-02-08,POV005L04P,P,POV,281.0,806,95.0,180.0
2023-02-08,POV500M24P,P,POV,882.9999999999999,625,634.0,1385.0
2023-02-08,SE200G24P,S,SE,270.0,3,41.0,196.0
2023-02-08,SE500G24P,S,SE,629.0,812,574.0,593.0
2023-02-08,SO0001L12P,S,SO,0.0,0,0.0,0.0
2023-02-08,SO0002L09P,S,SO,0.0,0,0.0,0.0
2023-02-08,SO0005L04P,S,SO,0.0,0,0.0,0.0
2023-02-08,SO0500M24P,S,SO,0.0,0,0.0,0.0
2023-02-08,SOP001L12P,S,SOP,100.0,370,0.0,0.0
2023-02-08,SOS001L12P,S,SOS,9345.0,14004,13893.33396739131,13765.334
2023-02-08,SOS002L09P,S,SOS,5543.887983091787,6050,8269.000000000005,9217.0
2023-02-08,SOS003L04P,S,SOS,798.9999999999999,6000,1491.0,1747.0
2023-02-08,SOS005L04P,S,SOS,8871.5,12790,14462.5,17131.0
2023-02-08,SOS008L02P,S,SOS,421.0000000000001,0,800.0000000000001,475.0
2023-02-08,SOS250M48P,S,SOS,254.9999999999999,0,0.0,0.0
2023-02-08,SOS500M24P,S,SOS,4185.000000000005,4739,4458.000000000001,5086.0
2023-02-09,AT5X5K,A,AT,1862.0,0,945.0,550.0
2023-02-09,ATN01K24P,A,ATN,4361.0,3000,2525.0,1940.0
2023-02-09,ATN02K12P,A,ATN,494.0,500,412.5,355.0
2023-02-09,ATPA1K24P,A,ATPA,0.0,0,0.0,0.0
2023-02-09,ATPPCH5X5K,A,ATPPCH,0.0,0,0.0,0.0
2023-02-09,ATWWP001K24P,A,ATWWP,45.0,0,3.0,3.0
2023-02-09,ATWWP002K12P,A,ATWWP,5.0,0,0.0,0.0
2023-02-09,EEA200G24P,E,EEA,0.0,0,0.0,0.0
2023-02-09,EEA500G12P,E,EEA,0.0,0,0.0,0.0
2023-02-09,MAC1K25P,M,MAC,0.0,0,0.0,0.0
2023-02-09,MAHS025K,M,MAHS,118.0,0,25.0,0.0
2023-02-09,MAP1K25P,M,MAP,0.0,0,0.0,0.0
2023-02-09,MAPA1K24P,M,MAPA,0.0,0,0.0,0.0
2023-02-09,MAR01K24P,M,MAR,1040.0,600,600.0,1070.0
2023-02-09,MAR02K12P,M,MAR,80.0,600,93.0,10.0
2023-02-09,MASR025K,M,MASR,11.0,0,69.0,50.0
2023-02-09,POP001L12P,P,POP,4324.0,466,3636.0,3234.0
2023-02-09,POP002L09P,P,POP,211.0000000000001,0,75.00000000000001,53.0
2023-02-09,POP005L04P,P,POP,30.0,0,112.0,20.0
2023-02-09,POP015K,P,POP,0.0,0,0.0,0.0
2023-02-09,POP500M24P,P,POP,534.0000000000001,1002,244.0,105.0
2023-02-09,POPF01L12P,P,POPF,775.0,0,287.9999999999999,265.0
2023-02-09,POV001L24P,P,POV,2542.0,2486,1734.0,1680.0
2023-02-09,POV002L09P,P,POV,834.0,0,647.0000000000002,1214.0
2023-02-09,POV005L04P,P,POV,485.0,0,216.0,838.0
2023-02-09,POV500M24P,P,POV,1343.0,1000,1530.0,1530.0
2023-02-09,SE200G24P,S,SE,133.0,400,301.0000000000001,204.0
2023-02-09,SE500G24P,S,SE,1351.0,500,663.0,265.0
2023-02-09,SO0001L12P,S,SO,0.0,0,0.0,0.0
2023-02-09,SO0002L09P,S,SO,0.0,0,0.0,0.0
2023-02-09,SO0005L04P,S,SO,0.0,0,0.0,0.0
2023-02-09,SO0500M24P,S,SO,0.0,0,0.0,0.0
2023-02-09,SOP001L12P,S,SOP,283.0,0,0.0,0.0
2023-02-09,SOS001L12P,S,SOS,14209.0,13001,12156.99999999999,7565.0
2023-02-09,SOS002L09P,S,SOS,8422.000000000004,6001,8677.999999999993,9484.0
2023-02-09,SOS003L04P,S,SOS,1826.0,3156,1400.0,1474.0
2023-02-09,SOS005L04P,S,SOS,13667.0,10000,13016.0,7892.0
2023-02-09,SOS008L02P,S,SOS,181.0,0,504.9999999999999,193.0
2023-02-09,SOS250M48P,S,SOS,165.0,0,0.0,0.0
2023-02-09,SOS500M24P,S,SOS,5810.0,6005,4386.000000000003,2477.0
2023-02-10,AT5X5K,A,AT,0.0,1000,843.0,1650.0
2023-02-10,ATN01K24P,A,ATN,0.0,2000,2054.0,5085.0
2023-02-10,ATN02K12P,A,ATN,0.0,1000,139.0,1110.0
2023-02-10,ATPA1K24P,A,ATPA,0.0,0,0.0,0.0
2023-02-10,ATPPCH5X5K,A,ATPPCH,0.0,0,0.0,0.0
2023-02-10,ATWWP001K24P,A,ATWWP,0.0,0,1.0,0.0
2023-02-10,ATWWP002K12P,A,ATWWP,0.0,0,0.0,0.0
2023-02-10,EEA200G24P,E,EEA,0.0,0,0.0,0.0
2023-02-10,EEA500G12P,E,EEA,0.0,0,0.0,0.0
2023-02-10,MAC1K25P,M,MAC,0.0,0,0.0,0.0
2023-02-10,MAHS025K,M,MAHS,0.0,0,0.0,0.0
2023-02-10,MAP1K25P,M,MAP,0.0,0,0.0,0.0
2023-02-10,MAPA1K24P,M,MAPA,0.0,0,0.0,0.0
2023-02-10,MAR01K24P,M,MAR,0.0,945,209.0,525.0
2023-02-10,MAR02K12P,M,MAR,0.0,0,20.0,100.0
2023-02-10,MASR025K,M,MASR,0.0,81,0.0,0.0
2023-02-10,POP001L12P,P,POP,0.0,1374,398.0,398.0
2023-02-10,POP002L09P,P,POP,0.0,206,20.0,20.0
2023-02-10,POP005L04P,P,POP,0.0,0,26.0,150.0
2023-02-10,POP015K,P,POP,0.0,0,0.0,0.0
2023-02-10,POP500M24P,P,POP,0.0,379,150.0,150.0
2023-02-10,POPF01L12P,P,POPF,0.0,0,666.0,646.0
2023-02-10,POV001L24P,P,POV,0.0,2063,1673.0,1973.0
2023-02-10,POV002L09P,P,POV,0.0,604,704.0,774.0
2023-02-10,POV005L04P,P,POV,0.0,0,295.0,545.0
2023-02-10,POV500M24P,P,POV,0.0,1008,730.0,525.0
2023-02-10,SE200G24P,S,SE,0.0,0,0.0,0.0
2023-02-10,SE500G24P,S,SE,0.0,700,440.0,905.0
2023-02-10,SO0001L12P,S,SO,0.0,0,0.0,0.0
2023-02-10,SO0002L09P,S,SO,0.0,0,0.0,0.0
2023-02-10,SO0005L04P,S,SO,0.0,0,0.0,0.0
2023-02-10,SO0500M24P,S,SO,0.0,0,0.0,0.0
2023-02-10,SOP001L12P,S,SOP,0.0,0,0.0,0.0
2023-02-10,SOS001L12P,S,SOS,0.0,6021,5569.999999999999,8464.0
2023-02-10,SOS002L09P,S,SOS,0.0,3500,3508.999999999999,4178.0
2023-02-10,SOS003L04P,S,SOS,0.0,0,618.0,937.0
2023-02-10,SOS005L04P,S,SOS,0.0,12445,4938.999999999999,5664.0
2023-02-10,SOS008L02P,S,SOS,0.0,0,30.0,8.0
2023-02-10,SOS250M48P,S,SOS,0.0,0,0.0,0.0
2023-02-10,SOS500M24P,S,SOS,0.0,4005,2554.0,3537.0
2023-02-11,AT5X5K,A,AT,1475.0,1000,1170.0,730.0
2023-02-11,ATN01K24P,A,ATN,111.0,1000,1861.333,528.0
2023-02-11,ATN02K12P,A,ATN,297.0,200,628.167,0.0
2023-02-11,ATPA1K24P,A,ATPA,0.0,0,0.0,0.0
2023-02-11,ATPPCH5X5K,A,ATPPCH,0.0,0,0.0,0.0
2023-02-11,ATWWP001K24P,A,ATWWP,15.0,2450,9.0,145.0
2023-02-11,ATWWP002K12P,A,ATWWP,15.0,795,0.0,0.0
2023-02-11,EEA200G24P,E,EEA,0.0,0,0.0,0.0
2023-02-11,EEA500G12P,E,EEA,0.0,0,0.0,0.0
2023-02-11,MAC1K25P,M,MAC,0.0,0,10.0,0.0
2023-02-11,MAHS025K,M,MAHS,20.0,120,69.0,50.0
2023-02-11,MAP1K25P,M,MAP,0.0,0,0.0,0.0
2023-02-11,MAPA1K24P,M,MAPA,0.0,0,0.0,0.0
2023-02-11,MAR01K24P,M,MAR,56.0,450,649.0,180.0
2023-02-11,MAR02K12P,M,MAR,1.0,0,59.0,0.0
2023-02-11,MASR025K,M,MASR,4.0,0,101.0,0.0
2023-02-11,POP001L12P,P,POP,120.0,3260,440.0,1118.0
2023-02-11,POP002L09P,P,POP,5.000000000000001,502,73.0,20.0
2023-02-11,POP005L04P,P,POP,0.0,0,80.0,10.0
2023-02-11,POP015K,P,POP,0.0,0,0.0,0.0
2023-02-11,POP500M24P,P,POP,5.0,300,210.0,490.0
2023-02-11,POPF01L12P,P,POPF,0.0,0,1454.0,1345.0
2023-02-11,POV001L24P,P,POV,445.0000000000001,2000,1389.0,1300.0
2023-02-11,POV002L09P,P,POV,132.0,1521,673.0,486.107
2023-02-11,POV005L04P,P,POV,180.0,0,656.0000000000001,270.0
2023-02-11,POV500M24P,P,POV,101.0,500,1458.0,664.0
2023-02-11,SE200G24P,S,SE,5.0,100,97.0,32.0
2023-02-11,SE500G24P,S,SE,94.0,300,717.907,335.0
2023-02-11,SO0001L12P,S,SO,0.0,0,0.0,0.0
2023-02-11,SO0002L09P,S,SO,0.0,0,0.0,0.0
2023-02-11,SO0005L04P,S,SO,0.0,0,0.0,0.0
2023-02-11,SO0500M24P,S,SO,0.0,0,0.0,0.0
2023-02-11,SOP001L12P,S,SOP,409.9999999999999,0,0.0,0.0
2023-02-11,SOS001L12P,S,SOS,1181.0,6768,6589.000000000002,7183.0
2023-02-11,SOS002L09P,S,SOS,610.9999999999998,3010,4697.887983091787,2740.0
2023-02-11,SOS003L04P,S,SOS,140.0,0,1574.5,1532.5
2023-02-11,SOS005L04P,S,SOS,1632.0,5000,7690.5,7893.0
2023-02-11,SOS008L02P,S,SOS,54.99999999999999,0,86.99999999999999,0.0
2023-02-11,SOS250M48P,S,SOS,0.0,0,0.0,0.0
2023-02-11,SOS500M24P,S,SOS,323.0,5620,2174.0,3550.0
2023-02-12,AT5X5K,A,AT,1528.0,1000,1518.0,1675.0
2023-02-12,ATN01K24P,A,ATN,5303.0,500,753.0,760.0
2023-02-12,ATN02K12P,A,ATN,1060.0,100,736.0,1110.0
2023-02-12,ATPA1K24P,A,ATPA,0.0,0,0.0,0.0
2023-02-12,ATPPCH5X5K,A,ATPPCH,0.0,0,0.0,0.0
2023-02-12,ATWWP001K24P,A,ATWWP,20.0,0,24.0,1113.0
2023-02-12,ATWWP002K12P,A,ATWWP,100.0,0,0.0,100.0
2023-02-12,EEA200G24P,E,EEA,0.0,0,0.0,0.0
2023-02-12,EEA500G12P,E,EEA,0.0,0,0.0,0.0
2023-02-12,MAC1K25P,M,MAC,30.0,0,0.0,0.0
2023-02-12,MAHS025K,M,MAHS,10.0,0,8.0,19.0
2023-02-12,MAP1K25P,M,MAP,0.0,0,0.0,0.0
2023-02-12,MAPA1K24P,M,MAPA,0.0,0,0.0,0.0
2023-02-12,MAR01K24P,M,MAR,1070.0,0,518.0,260.0
2023-02-12,MAR02K12P,M,MAR,155.0,0,96.0,100.0
2023-02-12,MASR025K,M,MASR,0.0,0,36.0,25.0
2023-02-12,POP001L12P,P,POP,6042.0,3560,1854.0,4970.0
2023-02-12,POP002L09P,P,POP,233.0,0,176.0,949.0
2023-02-12,POP005L04P,P,POP,40.0,0,94.0,32.0
2023-02-12,POP015K,P,POP,0.0,0,0.0,0.0
2023-02-12,POP500M24P,P,POP,334.0,501,195.0,757.0
2023-02-12,POPF01L12P,P,POPF,70.0,300,100.0,258.0
2023-02-12,POV001L24P,P,POV,4469.000000000001,3952,1998.0,3553.0
2023-02-12,POV002L09P,P,POV,986.0,0,471.0000000000001,900.0
2023-02-12,POV005L04P,P,POV,704.0,500,218.0,315.0
2023-02-12,POV500M24P,P,POV,2676.000000000001,1507,1027.0,2298.0
2023-02-12,SE200G24P,S,SE,110.0,100,39.0,91.0
2023-02-12,SE500G24P,S,SE,2063.0,500,252.0,590.0
2023-02-12,SO0001L12P,S,SO,0.0,0,0.0,0.0
2023-02-12,SO0002L09P,S,SO,0.0,0,0.0,0.0
2023-02-12,SO0005L04P,S,SO,0.0,0,0.0,0.0
2023-02-12,SO0500M24P,S,SO,0.0,0,0.0,0.0
2023-02-12,SOP001L12P,S,SOP,278.9999999999999,0,10.0,0.0
2023-02-12,SOS001L12P,S,SOS,19648.0,13000,7763.666032608696,10827.0
2023-02-12,SOS002L09P,S,SOS,14769.0,6500,6240.999999999995,6835.0
2023-02-12,SOS003L04P,S,SOS,2120.000000000002,3021,900.9999999999995,1610.0
2023-02-12,SOS005L04P,S,SOS,18077.0,10009,8078.999999999999,9573.0
2023-02-12,SOS008L02P,S,SOS,451.0,0,222.9999999999999,0.0
2023-02-12,SOS250M48P,S,SOS,759.9999999999999,0,4.999999999999999,0.0
2023-02-12,SOS500M24P,S,SOS,9099.999999999996,5381,3621.614039855074,6195.0
2023-02-13,AT5X5K,A,AT,1765.0,2000,735.0,650.0
2023-02-13,ATN01K24P,A,ATN,4717.833,1000,3220.0,2970.0
2023-02-13,ATN02K12P,A,ATN,658.0,1500,851.0,790.0
2023-02-13,ATPA1K24P,A,ATPA,0.0,0,0.0,0.0
2023-02-13,ATPPCH5X5K,A,ATPPCH,0.0,0,0.0,0.0
2023-02-13,ATWWP001K24P,A,ATWWP,61.0,0,12.0,218.0
2023-02-13,ATWWP002K12P,A,ATWWP,5.0,0,50.0,50.0
2023-02-13,EEA200G24P,E,EEA,0.0,0,0.0,0.0
2023-02-13,EEA500G12P,E,EEA,0.0,0,0.0,0.0
2023-02-13,MAC1K25P,M,MAC,0.0,0,0.0,0.0
2023-02-13,MAHS025K,M,MAHS,5.0,0,0.0,30.0
2023-02-13,MAP1K25P,M,MAP,0.0,0,0.0,0.0
2023-02-13,MAPA1K24P,M,MAPA,0.0,0,0.0,0.0
2023-02-13,MAR01K24P,M,MAR,1502.0,0,879.0,170.0
2023-02-13,MAR02K12P,M,MAR,104.0,0,30.0,100.0
2023-02-13,MASR025K,M,MASR,0.0,0,0.0,110.0
2023-02-13,POP001L12P,P,POP,4984.0,134,3032.0,1170.0
2023-02-13,POP002L09P,P,POP,592.0000000000001,0,234.0,162.0
2023-02-13,POP005L04P,P,POP,250.0,0,67.00000000000001,12.0
2023-02-13,POP015K,P,POP,0.0,0,0.0,0.0
2023-02-13,POP500M24P,P,POP,531.0,0,557.0,196.0
2023-02-13,POPF01L12P,P,POPF,1150.0,518,393.0000000000001,345.0
2023-02-13,POV001L24P,P,POV,3514.999999999999,2952,3398.0,4134.0
2023-02-13,POV002L09P,P,POV,1036.0,309,1005.0,501.0
2023-02-13,POV005L04P,P,POV,501.0000000000001,302,597.0,320.0
2023-02-13,POV500M24P,P,POV,2016.0,500,1968.0,1613.0
2023-02-13,SE200G24P,S,SE,58.0,1,20.0,277.0
2023-02-13,SE500G24P,S,SE,1068.0,800,665.0,555.0
2023-02-13,SO0001L12P,S,SO,0.0,0,0.0,0.0
2023-02-13,SO0002L09P,S,SO,0.0,0,0.0,0.0
2023-02-13,SO0005L04P,S,SO,0.0,0,0.0,0.0
2023-02-13,SO0500M24P,S,SO,0.0,0,0.0,0.0
2023-02-13,SOP001L12P,S,SOP,30.0,329,59.99999999999999,60.0
2023-02-13,SOS001L12P,S,SOS,16756.99999999999,14000,13800.0,13608.0
2023-02-13,SOS002L09P,S,SOS,10490.0,7000,9566.000000000002,8385.0
2023-02-13,SOS003L04P,S,SOS,1787.0,0,1857.0,1530.0
2023-02-13,SOS005L04P,S,SOS,17193.24999999999,10022,13862.0,12742.0
2023-02-13,SOS008L02P,S,SOS,614.9999999999999,2000,216.0,6.0
2023-02-13,SOS250M48P,S,SOS,306.0,0,0.0,0.0
2023-02-13,SOS500M24P,S,SOS,6517.999999999993,7000,6131.999999999999,6578.0
2023-02-14,AT5X5K,A,AT,3623.0,1500,1401.0,1303.0
2023-02-14,ATN01K24P,A,ATN,9012.0,5000,4263.0,3601.0
2023-02-14,ATN02K12P,A,ATN,742.0,1000,651.0,843.0
2023-02-14,ATPA1K24P,A,ATPA,0.0,0,0.0,0.0
2023-02-14,ATPPCH5X5K,A,ATPPCH,0.0,0,0.0,0.0
2023-02-14,ATWWP001K24P,A,ATWWP,122.0,0,113.0,135.0
2023-02-14,ATWWP002K12P,A,ATWWP,0.0,0,6.0,0.0
2023-02-14,EEA200G24P,E,EEA,5.0,0,0.0,0.0
2023-02-14,EEA500G12P,E,EEA,5.0,0,0.0,0.0
2023-02-14,MAC1K25P,M,MAC,50.0,0,0.0,0.0
2023-02-14,MAHS025K,M,MAHS,0.0,0,19.0,6.0
2023-02-14,MAP1K25P,M,MAP,0.0,0,0.0,0.0
2023-02-14,MAPA1K24P,M,MAPA,0.0,0,0.0,0.0
2023-02-14,MAR01K24P,M,MAR,1833.0,1000,1120.0,1550.0
2023-02-14,MAR02K12P,M,MAR,15.0,0,146.0,335.0
2023-02-14,MASR025K,M,MASR,40.0,0,39.0,50.0
2023-02-14,POP001L12P,P,POP,5016.0,1280,1874.0,740.0
2023-02-14,POP002L09P,P,POP,139.0,100,317.0000000000001,92.0
2023-02-14,POP005L04P,P,POP,102.0,0,51.00000000000001,10.0
2023-02-14,POP015K,P,POP,0.0,0,0.0,0.0
2023-02-14,POP500M24P,P,POP,470.0000000000001,606,288.9999999999999,214.0
2023-02-14,POPF01L12P,P,POPF,530.0,1000,166.0,0.0
2023-02-14,POV001L24P,P,POV,1571.0,3000,4189.0,3333.0
2023-02-14,POV002L09P,P,POV,500.0000000000001,1013,663.0,800.0
2023-02-14,POV005L04P,P,POV,137.0,900,310.0,276.0
2023-02-14,POV500M24P,P,POV,1013.0,3001,2095.0,2415.0
2023-02-14,SE200G24P,S,SE,227.0,0,108.0,0.0
2023-02-14,SE500G24P,S,SE,1830.0,1000,1135.0,1462.0
2023-02-14,SO0001L12P,S,SO,0.0,0,0.0,0.0
2023-02-14,SO0002L09P,S,SO,0.0,0,0.0,0.0
2023-02-14,SO0005L04P,S,SO,0.0,0,0.0,0.0
2023-02-14,SO0500M24P,S,SO,0.0,0,0.0,0.0
2023-02-14,SOP001L12P,S,SOP,240.0,0,250.0,300.0
2023-02-14,SOS001L12P,S,SOS,28339.0,8542,14085.50099637682,15309.0
2023-02-14,SOS002L09P,S,SOS,17948.55597826087,4847,8318.999999999995,6870.0
2023-02-14,SOS003L04P,S,SOS,3165.000000000004,0,1632.0,1695.0
2023-02-14,SOS005L04P,S,SOS,29250.99999999999,10039,12501.0,14021.0
2023-02-14,SOS008L02P,S,SOS,387.9999999999999,881,675.0,980.0
2023-02-14,SOS250M48P,S,SOS,647.9999999999997,1969,21.0,20.0
2023-02-14,SOS500M24P,S,SOS,10969.99999999998,0,6117.383967391307,6580.0
2023-02-15,AT5X5K,A,AT,1213.2,1500,1693.0,1726.0
2023-02-15,ATN01K24P,A,ATN,3454.875,5000,7148.167,4648.0
2023-02-15,ATN02K12P,A,ATN,618.917,500,476.0,610.0
2023-02-15,ATPA1K24P,A,ATPA,0.0,0,0.0,0.0
2023-02-15,ATPPCH5X5K,A,ATPPCH,0.0,0,0.0,0.0
2023-02-15,ATWWP001K24P,A,ATWWP,53.958,0,123.0,2.0
2023-02-15,ATWWP002K12P,A,ATWWP,7.666999999999999,0,50.0,20.0
2023-02-15,EEA200G24P,E,EEA,0.0,0,0.0,0.0
2023-02-15,EEA500G12P,E,EEA,0.0,0,0.0,0.0
2023-02-15,MAC1K25P,M,MAC,0.0,80,0.0,80.0
2023-02-15,MAHS025K,M,MAHS,26.0,0,5.0,0.0
2023-02-15,MAP1K25P,M,MAP,0.0,0,0.0,0.0
2023-02-15,MAPA1K24P,M,MAPA,0.0,0,0.0,0.0
2023-02-15,MAR01K24P,M,MAR,605.458,1200,882.417,650.0
2023-02-15,MAR02K12P,M,MAR,332.583,15,200.0,0.0
2023-02-15,MASR025K,M,MASR,580.0,0,87.0,40.0
2023-02-15,POP001L12P,P,POP,1424.0,1920,2954.0,2450.0
2023-02-15,POP002L09P,P,POP,118.0,805,197.0,100.0
2023-02-15,POP005L04P,P,POP,33.0,802,20.0,10.0
2023-02-15,POP015K,P,POP,0.0,0,0.0,0.0
2023-02-15,POP500M24P,P,POP,114.0,0,245.0,35.0
2023-02-15,POPF01L12P,P,POPF,51.00000000000001,0,310.0,300.0
2023-02-15,POV001L24P,P,POV,1644.0,3000,1901.999999999999,925.0
2023-02-15,POV002L09P,P,POV,405.0000000000001,1000,473.0,280.0
2023-02-15,POV005L04P,P,POV,217.0,1000,247.0,310.0
2023-02-15,POV500M24P,P,POV,742.0,0,1035.0,830.0
2023-02-15,SE200G24P,S,SE,210.25,0,164.0,0.0
2023-02-15,SE500G24P,S,SE,1414.667,1000,1043.0,660.0
2023-02-15,SO0001L12P,S,SO,0.0,0,0.0,0.0
2023-02-15,SO0002L09P,S,SO,0.0,0,0.0,0.0
2023-02-15,SO0005L04P,S,SO,0.0,0,0.0,0.0
2023-02-15,SO0500M24P,S,SO,0.0,0,0.0,0.0
2023-02-15,SOP001L12P,S,SOP,51.41603260869565,873,49.99999999999999,20.0
2023-02-15,SOS001L12P,S,SOS,14869.91594202899,11513,10174.0,5534.0
2023-02-15,SOS002L09P,S,SOS,7113.444021739136,6633,5919.999999999999,2713.0
2023-02-15,SOS003L04P,S,SOS,1249.25,0,1236.0,650.0
2023-02-15,SOS005L04P,S,SOS,12985.75,10331,10579.25,7609.25
2023-02-15,SOS008L02P,S,SOS,819.0000000000002,786,622.0,565.0
2023-02-15,SOS250M48P,S,SOS,419.9999999999999,4329,484.9999999999999,1626.0
2023-02-15,SOS500M24P,S,SOS,5161.000000000002,0,4353.999999999997,2154.0
2023-02-16,AT5X5K,A,AT,334.8,2500,1869.0,1860.0
2023-02-16,ATN01K24P,A,ATN,2680.25,6000,3431.333,5860.0
2023-02-16,ATN02K12P,A,ATN,438.0,0,734.0,1005.0
2023-02-16,ATPA1K24P,A,ATPA,0.0,0,0.0,0.0
2023-02-16,ATPPCH5X5K,A,ATPPCH,0.0,0,0.0,0.0
2023-02-16,ATWWP001K24P,A,ATWWP,168.0,0,57.0,29.0
2023-02-16,ATWWP002K12P,A,ATWWP,0.0,0,20.0,60.0
2023-02-16,EEA200G24P,E,EEA,0.0,0,0.0,0.0
2023-02-16,EEA500G12P,E,EEA,0.0,0,0.0,0.0
2023-02-16,MAC1K25P,M,MAC,0.0,0,0.0,0.0
2023-02-16,MAHS025K,M,MAHS,10.0,0,29.0,0.0
2023-02-16,MAP1K25P,M,MAP,0.0,0,0.0,0.0
2023-02-16,MAPA1K24P,M,MAPA,0.0,0,0.0,0.0
2023-02-16,MAR01K24P,M,MAR,747.875,2500,264.0,720.0
2023-02-16,MAR02K12P,M,MAR,155.083,0,169.0,30.0
2023-02-16,MASR025K,M,MASR,40.0,0,188.0,0.0
2023-02-16,POP001L12P,P,POP,3086.0000000000005,6014,1666.0000000000002,1692.0
2023-02-16,POP002L09P,P,POP,223.0,0,479.0,387.0
2023-02-16,POP005L04P,P,POP,115.0,0,126.0,177.0
2023-02-16,POP015K,P,POP,0.0,0,0.0,0.0
2023-02-16,POP500M24P,P,POP,381.9999999999999,503,573.0000000000001,395.0
2023-02-16,POPF01L12P,P,POPF,0.0,200,414.0,514.0
2023-02-16,POV001L24P,P,POV,1916.0,3000,2702.0,2871.0
2023-02-16,POV002L09P,P,POV,529.9999999999999,503,603.0000000000001,626.0
2023-02-16,POV005L04P,P,POV,220.0,702,285.0,415.0
2023-02-16,POV500M24P,P,POV,978.0,1039,1223.0,902.0
2023-02-16,SE200G24P,S,SE,159.0,600,70.0,40.0
2023-02-16,SE500G24P,S,SE,1351.583,1200,664.0,350.0
2023-02-16,SO0001L12P,S,SO,0.0,0,0.0,0.0
2023-02-16,SO0002L09P,S,SO,0.0,0,0.0,0.0
2023-02-16,SO0005L04P,S,SO,0.0,0,0.0,0.0
2023-02-16,SO0500M24P,S,SO,0.0,0,0.0,0.0
2023-02-16,SOP001L12P,S,SOP,355.0829710144927,0,380.9999999999999,371.0
2023-02-16,SOS001L12P,S,SOS,15499.99999999999,10338,15307.66295289855,16136.33
2023-02-16,SOS002L09P,S,SOS,9222.221980676344,4384,7183.999999999995,6683.0
2023-02-16,SOS003L04P,S,SOS,1698.0,0,1679.0,2125.0
2023-02-16,SOS005L04P,S,SOS,15844.5,11474,11898.0,12904.0
2023-02-16,SOS008L02P,S,SOS,878.5000000000001,2122,398.9999999999999,1225.0
2023-02-16,SOS250M48P,S,SOS,139.0,907,882.9999999999999,1591.0
2023-02-16,SOS500M24P,S,SOS,5645.0,5190,5794.000000000003,4377.0
2023-02-17,AT5X5K,A,AT,0.0,2500,582.0,750.0
2023-02-17,ATN01K24P,A,ATN,0.0,6000,1263.0,4150.0
2023-02-17,ATN02K12P,A,ATN,0.0,1000,253.0,450.0
2023-02-17,ATPA1K24P,A,ATPA,0.0,0,0.0,0.0
2023-02-17,ATPPCH5X5K,A,ATPPCH,0.0,0,0.0,0.0
2023-02-17,ATWWP001K24P,A,ATWWP,0.0,0,39.0,0.0
2023-02-17,ATWWP002K12P,A,ATWWP,0.0,0,0.0,0.0
2023-02-17,EEA200G24P,E,EEA,0.0,0,0.0,0.0
2023-02-17,EEA500G12P,E,EEA,0.0,0,0.0,0.0
2023-02-17,MAC1K25P,M,MAC,0.0,0,50.0,0.0
2023-02-17,MAHS025K,M,MAHS,0.0,50,0.0,58.0
2023-02-17,MAP1K25P,M,MAP,0.0,0,0.0,0.0
2023-02-17,MAPA1K24P,M,MAPA,0.0,0,0.0,0.0
2023-02-17,MAR01K24P,M,MAR,0.0,2000,212.0,880.0
2023-02-17,MAR02K12P,M,MAR,0.0,100,0.0,0.0
2023-02-17,MASR025K,M,MASR,0.0,300,0.0,300.0
2023-02-17,POP001L12P,P,POP,0.0,2922,1940.0,2962.0
2023-02-17,POP002L09P,P,POP,0.0,0,264.0,250.0
2023-02-17,POP005L04P,P,POP,0.0,0,115.0,105.0
2023-02-17,POP015K,P,POP,0.0,0,0.0,0.0
2023-02-17,POP500M24P,P,POP,0.0,500,454.0000000000001,434.0
2023-02-17,POPF01L12P,P,POPF,0.0,66,380.0000000000001,380.0
2023-02-17,POV001L24P,P,POV,0.0,3,617.0,1871.0
2023-02-17,POV002L09P,P,POV,0.0,0,193.0,415.0
2023-02-17,POV005L04P,P,POV,0.0,0,145.0,180.0
2023-02-17,POV500M24P,P,POV,0.0,967,168.0,199.0
2023-02-17,SE200G24P,S,SE,0.0,0,0.0,255.0
2023-02-17,SE500G24P,S,SE,0.0,1000,368.093,1018.0
2023-02-17,SO0001L12P,S,SO,0.0,0,0.0,0.0
2023-02-17,SO0002L09P,S,SO,0.0,0,0.0,0.0
2023-02-17,SO0005L04P,S,SO,0.0,0,0.0,0.0
2023-02-17,SO0500M24P,S,SO,0.0,0,0.0,0.0
2023-02-17,SOP001L12P,S,SOP,0.0,0,30.0,30.0
2023-02-17,SOS001L12P,S,SOS,0.0,12034,9400.423007246376,12441.423
2023-02-17,SOS002L09P,S,SOS,0.0,7229,5707.110990338163,7520.111
2023-02-17,SOS003L04P,S,SOS,0.0,691,720.9999999999999,1456.0
2023-02-17,SOS005L04P,S,SOS,0.0,10256,7758.999999999999,10037.0
2023-02-17,SOS008L02P,S,SOS,0.0,768,165.9999999999999,420.0
2023-02-17,SOS250M48P,S,SOS,0.0,0,681.9999999999999,813.0
2023-02-17,SOS500M24P,S,SOS,0.0,5003,3943.0,6038.0
2023-02-18,AT5X5K,A,AT,11.0,1000,906.0,780.0
2023-02-18,ATN01K24P,A,ATN,1091.166,3000,2075.125,1615.0
2023-02-18,ATN02K12P,A,ATN,445.0,1000,422.917,280.0
2023-02-18,ATPA1K24P,A,ATPA,0.0,0,0.0,0.0
2023-02-18,ATPPCH5X5K,A,ATPPCH,0.0,0,0.0,0.0
2023-02-18,ATWWP001K24P,A,ATWWP,7.0,0,134.958,5.0
2023-02-18,ATWWP002K12P,A,ATWWP,0.0,0,40.667,0.0
2023-02-18,EEA200G24P,E,EEA,0.0,0,0.6210416666666667,0.0
2023-02-18,EEA500G12P,E,EEA,0.0,0,0.0,0.0
2023-02-18,MAC1K25P,M,MAC,0.0,0,0.0,0.0
2023-02-18,MAHS025K,M,MAHS,0.0,0,1.0,10.0
2023-02-18,MAP1K25P,M,MAP,0.0,0,0.0,0.0
2023-02-18,MAPA1K24P,M,MAPA,0.0,0,0.0,0.0
2023-02-18,MAR01K24P,M,MAR,9.166,0,1127.333,1225.0
2023-02-18,MAR02K12P,M,MAR,160.0,0,41.583,200.0
2023-02-18,MASR025K,M,MASR,96.0,196,65.0,20.0
2023-02-18,POP001L12P,P,POP,0.0,3342,2372.315934065934,1664.0
2023-02-18,POP002L09P,P,POP,0.0,502,323.0000000000001,250.0
2023-02-18,POP005L04P,P,POP,2.0,0,121.0,96.0
2023-02-18,POP015K,P,POP,0.0,0,0.0,0.0
2023-02-18,POP500M24P,P,POP,0.0,0,276.0,230.0
2023-02-18,POPF01L12P,P,POPF,93.0,0,509.0000000000001,407.0
2023-02-18,POV001L24P,P,POV,100.0,2000,2493.0,1387.0
2023-02-18,POV002L09P,P,POV,45.0,1532,435.0000000000001,210.0
2023-02-18,POV005L04P,P,POV,40.0,0,315.0,120.0
2023-02-18,POV500M24P,P,POV,90.0,1009,807.0,609.0
2023-02-18,SE200G24P,S,SE,10.0,0,132.0,130.0
2023-02-18,SE500G24P,S,SE,330.166,2000,797.25,280.0
2023-02-18,SO0001L12P,S,SO,0.0,0,0.0,0.0
2023-02-18,SO0002L09P,S,SO,0.0,0,0.0,0.0
2023-02-18,SO0005L04P,S,SO,0.0,0,0.0,0.0
2023-02-18,SO0500M24P,S,SO,0.0,0,0.0,0.0
2023-02-18,SOP001L12P,S,SOP,3.0,330,6.416032608695652,0.0
2023-02-18,SOS001L12P,S,SOS,2595.667028985508,9788,12285.58297101449,11447.0
2023-02-18,SOS002L09P,S,SOS,412.0000000000001,8227,6486.66600241546,7306.0
2023-02-18,SOS003L04P,S,SOS,136.0,476,1275.249999999999,505.0
2023-02-18,SOS005L04P,S,SOS,3739.0,11007,13447.25,9309.0
2023-02-18,SOS008L02P,S,SOS,83.0,1517,347.5,260.0
2023-02-18,SOS250M48P,S,SOS,10.0,0,1090.000000000001,300.0
2023-02-18,SOS500M24P,S,SOS,79.99999999999999,4508,4865.999999999999,4765.0
2023-02-19,AT5X5K,A,AT,1097.0,1000,379.0,0.0
2023-02-19,ATN01K24P,A,ATN,6197.214999999997,3000,1906.998,665.0
2023-02-19,ATN02K12P,A,ATN,1224.0,1000,666.0,305.0
2023-02-19,ATPA1K24P,A,ATPA,0.0,0,0.0,0.0
2023-02-19,ATPPCH5X5K,A,ATPPCH,0.0,0,0.0,0.0
2023-02-19,ATWWP001K24P,A,ATWWP,121.0,0,65.0,0.0
2023-02-19,ATWWP002K12P,A,ATWWP,9.0,0,15.0,30.0
2023-02-19,EEA200G24P,E,EEA,0.0,0,0.0,0.0
2023-02-19,EEA500G12P,E,EEA,0.0,0,0.0,0.0
2023-02-19,MAC1K25P,M,MAC,0.0,0,0.0,0.0
2023-02-19,MAHS025K,M,MAHS,87.0,13,27.0,0.0
2023-02-19,MAP1K25P,M,MAP,0.0,0,0.0,0.0
2023-02-19,MAPA1K24P,M,MAPA,0.0,0,0.0,0.0
2023-02-19,MAR01K24P,M,MAR,1022.0,887,938.166,500.0
2023-02-19,MAR02K12P,M,MAR,93.0,505,111.0,30.0
2023-02-19,MASR025K,M,MASR,255.0,0,284.0,90.0
2023-02-19,POP001L12P,P,POP,1378.0,2494,3320.0,3872.0
2023-02-19,POP002L09P,P,POP,132.0,0,56.0,90.0
2023-02-19,POP005L04P,P,POP,55.0,0,24.0,94.0
2023-02-19,POP015K,P,POP,0.0,0,0.0,0.0
2023-02-19,POP500M24P,P,POP,140.0,614,305.0000000000001,265.0
2023-02-19,POPF01L12P,P,POPF,191.0,0,65.0,52.0
2023-02-19,POV001L24P,P,POV,2722.000000000001,2476,1998.0,2297.0
2023-02-19,POV002L09P,P,POV,740.0000000000001,0,664.0,770.0
2023-02-19,POV005L04P,P,POV,300.0,0,421.0,407.0
2023-02-19,POV500M24P,P,POV,1078.0,2001,754.0,792.0
2023-02-19,SE200G24P,S,SE,226.0,200,209.0,45.0
2023-02-19,SE500G24P,S,SE,3160.0,1200,786.166,1560.0
2023-02-19,SO0001L12P,S,SO,0.0,0,0.0,0.0
2023-02-19,SO0002L09P,S,SO,0.0,0,0.0,0.0
2023-02-19,SO0005L04P,S,SO,0.0,0,0.0,0.0
2023-02-19,SO0500M24P,S,SO,0.0,0,0.0,0.0
2023-02-19,SOP001L12P,S,SOP,43.99999999999999,385,230.0,230.0
2023-02-19,SOS001L12P,S,SOS,15428.32998188406,10000,11654.6670289855,8562.0
2023-02-19,SOS002L09P,S,SOS,10349.44100241546,12598,8871.000000000005,10516.0
2023-02-19,SOS003L04P,S,SOS,1471.0,2311,981.9999999999994,500.0
2023-02-19,SOS005L04P,S,SOS,16128.0,12000,10983.0,13837.0
2023-02-19,SOS008L02P,S,SOS,867.0,0,472.0,452.0
2023-02-19,SOS250M48P,S,SOS,323.9999999999999,0,469.9999999999998,145.0
2023-02-19,SOS500M24P,S,SOS,5529.000000000003,5004,4522.999999999999,5005.0
2023-02-20,AT5X5K,A,AT,2253.0,1000,1234.0,920.0
2023-02-20,ATN01K24P,A,ATN,10050.80866666667,3000,6233.483999999999,4107.0
2023-02-20,ATN02K12P,A,ATN,1745.894666666666,1500,895.0,440.0
2023-02-20,ATPA1K24P,A,ATPA,0.0,0,0.0,0.0
2023-02-20,ATPPCH5X5K,A,ATPPCH,0.0,0,0.0,0.0
2023-02-20,ATWWP001K24P,A,ATWWP,180.0,0,100.0,5.0
2023-02-20,ATWWP002K12P,A,ATWWP,0.0,0,14.0,0.0
2023-02-20,EEA200G24P,E,EEA,0.0,0,0.0,0.0
2023-02-20,EEA500G12P,E,EEA,0.0,0,0.0,0.0
2023-02-20,MAC1K25P,M,MAC,10.0,0,0.0,0.0
2023-02-20,MAHS025K,M,MAHS,105.0,100,80.0,90.0
2023-02-20,MAP1K25P,M,MAP,0.0,0,0.0,0.0
2023-02-20,MAPA1K24P,M,MAPA,0.0,0,0.0,0.0
2023-02-20,MAR01K24P,M,MAR,1653.0,0,1080.0,1285.0
2023-02-20,MAR02K12P,M,MAR,151.0,500,128.0,100.0
2023-02-20,MASR025K,M,MASR,64.0,200,90.0,215.0
2023-02-20,POP001L12P,P,POP,960.0,0,2972.0,3210.0
2023-02-20,POP002L09P,P,POP,95.0,0,157.0,265.0
2023-02-20,POP005L04P,P,POP,40.0,0,92.0,115.0
2023-02-20,POP015K,P,POP,0.0,0,0.0,0.0
2023-02-20,POP500M24P,P,POP,174.0,301,110.0,136.0
2023-02-20,POPF01L12P,P,POPF,123.0,0,32.99999999999999,31.0
2023-02-20,POV001L24P,P,POV,1269.0,4764,1857.0,3147.0
2023-02-20,POV002L09P,P,POV,462.0000000000001,0,632.0,475.0
2023-02-20,POV005L04P,P,POV,292.0,0,187.0,250.0
2023-02-20,POV500M24P,P,POV,1288.0,1015,945.0,1080.0
2023-02-20,SE200G24P,S,SE,245.0,0,128.0,70.0
2023-02-20,SE500G24P,S,SE,2267.0,2000,1209.17,2310.0
2023-02-20,SO0001L12P,S,SO,0.0,0,0.0,0.0
2023-02-20,SO0002L09P,S,SO,0.0,0,0.0,0.0
2023-02-20,SO0005L04P,S,SO,0.0,0,0.0,0.0
2023-02-20,SO0500M24P,S,SO,0.0,0,0.0,0.0
2023-02-20,SOP001L12P,S,SOP,130.0,376,59.99999999999999,55.0
2023-02-20,SOS001L12P,S,SOS,11561.0,11000,9313.500000000002,10380.0
2023-02-20,SOS002L09P,S,SOS,7889.560024154588,12000,7017.999999999998,5833.0
2023-02-20,SOS003L04P,S,SOS,888.9999999999994,2547,766.9999999999994,1045.0
2023-02-20,SOS005L04P,S,SOS,9308.000000000002,12000,11950.25,9066.0
2023-02-20,SOS008L02P,S,SOS,1253.0,0,752.0000000000001,810.0
2023-02-20,SOS250M48P,S,SOS,272.0,0,328.0000000000001,100.0
2023-02-20,SOS500M24P,S,SOS,3857.000000000003,7369,4338.000000000003,4621.0
2023-02-21,AT5X5K,A,AT,0.0,0,1058.0,960.0
2023-02-21,ATN01K24P,A,ATN,0.0,0,6211.324000000001,3770.435
2023-02-21,ATN02K12P,A,ATN,0.0,0,750.3953333333334,410.0
2023-02-21,ATPA1K24P,A,ATPA,0.0,0,0.0,0.0
2023-02-21,ATPPCH5X5K,A,ATPPCH,0.0,0,0.0,0.0
2023-02-21,ATWWP001K24P,A,ATWWP,15.0,0,113.0,10.0
2023-02-21,ATWWP002K12P,A,ATWWP,0.0,0,0.0,0.0
2023-02-21,EEA200G24P,E,EEA,0.0,0,0.0,0.0
2023-02-21,EEA500G12P,E,EEA,0.0,0,0.0,0.0
2023-02-21,MAC1K25P,M,MAC,0.0,0,0.0,0.0
2023-02-21,MAHS025K,M,MAHS,0.0,0,5.0,0.0
2023-02-21,MAP1K25P,M,MAP,0.0,0,0.0,0.0
2023-02-21,MAPA1K24P,M,MAPA,0.0,0,0.0,0.0
2023-02-21,MAR01K24P,M,MAR,0.0,0,767.0,1010.0
2023-02-21,MAR02K12P,M,MAR,0.0,0,10.0,20.0
2023-02-21,MASR025K,M,MASR,0.0,0,35.0,10.0
2023-02-21,POP001L12P,P,POP,0.0,0,3096.0,4110.0
2023-02-21,POP002L09P,P,POP,0.0,0,62.0,45.0
2023-02-21,POP005L04P,P,POP,0.0,0,33.0,5.0
2023-02-21,POP015K,P,POP,0.0,0,0.0,0.0
2023-02-21,POP500M24P,P,POP,0.0,0,40.0,85.0
2023-02-21,POPF01L12P,P,POPF,0.0,0,100.0,100.0
2023-02-21,POV001L24P,P,POV,0.0,0,2055.0,666.0
2023-02-21,POV002L09P,P,POV,0.0,0,300.0000000000001,260.0
2023-02-21,POV005L04P,P,POV,0.0,0,85.0,55.0
2023-02-21,POV500M24P,P,POV,0.0,0,847.0,380.0
2023-02-21,SE200G24P,S,SE,0.0,0,32.0,170.0
2023-02-21,SE500G24P,S,SE,0.0,2668,2339.0,2780.0
2023-02-21,SO0001L12P,S,SO,0.0,0,0.0,0.0
2023-02-21,SO0002L09P,S,SO,0.0,0,0.0,0.0
2023-02-21,SO0005L04P,S,SO,0.0,0,0.0,0.0
2023-02-21,SO0500M24P,S,SO,0.0,0,0.0,0.0
2023-02-21,SOP001L12P,S,SOP,0.0,0,5.0,0.0
2023-02-21,SOS001L12P,S,SOS,49.99999999999999,12664,9234.0,12596.0
2023-02-21,SOS002L09P,S,SOS,70.0,12685,6410.000000000001,8307.556
2023-02-21,SOS003L04P,S,SOS,0.0,0,1151.0,1018.0
2023-02-21,SOS005L04P,S,SOS,15.0,10075,8150.999999999999,9556.0
2023-02-21,SOS008L02P,S,SOS,0.0,0,443.0000000000001,745.0
2023-02-21,SOS250M48P,S,SOS,0.0,0,297.0,290.0
2023-02-21,SOS500M24P,S,SOS,32.0,8855,3915.000000000003,5401.0
2023-02-22,AT5X5K,A,AT,2434.0,1000,892.0,470.0
2023-02-22,ATN01K24P,A,ATN,4787.878,6000,3672.534333333334,3151.227
2023-02-22,ATN02K12P,A,ATN,1385.292666666666,500,769.0,1006.0
2023-02-22,ATPA1K24P,A,ATPA,0.0,0,0.0,0.0
2023-02-22,ATPPCH5X5K,A,ATPPCH,0.0,0,0.0,0.0
2023-02-22,ATWWP001K24P,A,ATWWP,44.0,0,79.0,40.0
2023-02-22,ATWWP002K12P,A,ATWWP,157.0,0,5.0,0.0
2023-02-22,EEA200G24P,E,EEA,0.0,0,0.0,0.0
2023-02-22,EEA500G12P,E,EEA,0.0,0,0.0,0.0
2023-02-22,MAC1K25P,M,MAC,0.0,0,10.0,0.0
2023-02-22,MAHS025K,M,MAHS,11.0,50,120.0,100.0
2023-02-22,MAP1K25P,M,MAP,0.0,0,0.0,0.0
2023-02-22,MAPA1K24P,M,MAPA,0.0,0,0.0,0.0
2023-02-22,MAR01K24P,M,MAR,1001.17,1500,819.0,538.0
2023-02-22,MAR02K12P,M,MAR,569.0,0,162.0,100.0
2023-02-22,MASR025K,M,MASR,50.0,200,200.0,104.0
2023-02-22,POP001L12P,P,POP,2078.0,0,2432.0,1940.0
2023-02-22,POP002L09P,P,POP,165.0000000000001,203,43.00000000000001,50.0
2023-02-22,POP005L04P,P,POP,56.0,0,50.0,20.0
2023-02-22,POP015K,P,POP,0.0,0,0.0,0.0
2023-02-22,POP500M24P,P,POP,408.0,0,145.0,335.0
2023-02-22,POPF01L12P,P,POPF,380.0000000000001,1462,0.0,80.0
2023-02-22,POV001L24P,P,POV,1379.0,2003,1932.0,2170.0
2023-02-22,POV002L09P,P,POV,385.0,807,302.0000000000001,227.0
2023-02-22,POV005L04P,P,POV,417.0,300,182.0,130.0
2023-02-22,POV500M24P,P,POV,975.0,2016,1055.0,900.0
2023-02-22,SE200G24P,S,SE,230.0,402,0.0,40.0
2023-02-22,SE500G24P,S,SE,1634.5,2500,1792.0,1046.0
2023-02-22,SO0001L12P,S,SO,6.999999999999999,0,0.0,0.0
2023-02-22,SO0002L09P,S,SO,4.999999999999999,0,0.0,0.0
2023-02-22,SO0005L04P,S,SO,0.0,0,0.0,0.0
2023-02-22,SO0500M24P,S,SO,0.0,0,0.0,0.0
2023-02-22,SOP001L12P,S,SOP,50.99999999999999,0,10.0,25.0
2023-02-22,SOS001L12P,S,SOS,12437.0,9678,8777.499999999996,5435.0
2023-02-22,SOS002L09P,S,SOS,9415.000000000007,10000,7029.55597826087,5937.0
2023-02-22,SOS003L04P,S,SOS,1435.999999999999,2468,1356.0,791.0
2023-02-22,SOS005L04P,S,SOS,9559.0,11207,9220.749999999998,7459.0
2023-02-22,SOS008L02P,S,SOS,300.9999999999999,0,497.0,130.0
2023-02-22,SOS250M48P,S,SOS,515.0,0,357.0000000000001,192.0
2023-02-22,SOS500M24P,S,SOS,5588.000000000004,4001,4037.999999999999,2451.0
2023-02-23,AT5X5K,A,AT,365.0,1000,978.0,1190.0
2023-02-23,ATN01K24P,A,ATN,3466.625,5000,3592.1145,5241.0
2023-02-23,ATN02K12P,A,ATN,456.9993333333334,500,1021.562333333333,2200.0
2023-02-23,ATPA1K24P,A,ATPA,0.0,0,0.0,0.0
2023-02-23,ATPPCH5X5K,A,ATPPCH,0.0,0,0.0,0.0
2023-02-23,ATWWP001K24P,A,ATWWP,29.0,0,62.0,18.0
2023-02-23,ATWWP002K12P,A,ATWWP,0.0,0,12.0,40.0
2023-02-23,EEA200G24P,E,EEA,0.0,0,0.0,0.0
2023-02-23,EEA500G12P,E,EEA,0.0,0,0.0,0.0
2023-02-23,MAC1K25P,M,MAC,0.0,0,0.0,0.0
2023-02-23,MAHS025K,M,MAHS,15.0,48,1.0,25.0
2023-02-23,MAP1K25P,M,MAP,0.0,0,0.0,0.0
2023-02-23,MAPA1K24P,M,MAPA,0.0,0,0.0,0.0
2023-02-23,MAR01K24P,M,MAR,281.0,1000,556.0,490.0
2023-02-23,MAR02K12P,M,MAR,61.666,0,149.0,300.0
2023-02-23,MASR025K,M,MASR,20.0,110,5.0,150.0
2023-02-23,POP001L12P,P,POP,1324.0,3000,1672.0000000000002,1400.0
2023-02-23,POP002L09P,P,POP,130.0,0,106.0,39.0
2023-02-23,POP005L04P,P,POP,91.0,0,39.0,20.0
2023-02-23,POP015K,P,POP,0.0,0,0.0,0.0
2023-02-23,POP500M24P,P,POP,195.0,0,127.0,627.0
2023-02-23,POPF01L12P,P,POPF,0.0,0,0.0,0.0
2023-02-23,POV001L24P,P,POV,1845.0,1500,1630.0,1920.0
2023-02-23,POV002L09P,P,POV,870.0,0,545.0,635.0
2023-02-23,POV005L04P,P,POV,460.0,0,377.0,400.0
2023-02-23,POV500M24P,P,POV,1106.0,0,785.9999999999999,910.0
2023-02-23,SE200G24P,S,SE,160.0,0,231.0,243.0
2023-02-23,SE500G24P,S,SE,2488.0,2000,1364.0,2075.0
2023-02-23,SO0001L12P,S,SO,0.0,0,0.0,0.0
2023-02-23,SO0002L09P,S,SO,0.0,0,0.0,0.0
2023-02-23,SO0005L04P,S,SO,0.0,0,0.0,0.0
2023-02-23,SO0500M24P,S,SO,0.0,0,0.0,0.0
2023-02-23,SOP001L12P,S,SOP,200.0,0,55.99999999999999,181.0
2023-02-23,SOS001L12P,S,SOS,10243.33297101449,10429,11491.0,12330.0
2023-02-23,SOS002L09P,S,SOS,8334.999999999998,4346,8524.340036231886,13228.0
2023-02-23,SOS003L04P,S,SOS,2660.000000000001,4388,1099.999999999999,1856.0
2023-02-23,SOS005L04P,S,SOS,12238.0,10898,8364.999999999998,11752.0
2023-02-23,SOS008L02P,S,SOS,202.0,0,443.0,535.0
2023-02-23,SOS250M48P,S,SOS,293.0,0,599.0,784.0
2023-02-23,SOS500M24P,S,SOS,4106.000000000001,5541,4802.0,5981.0
2023-02-24,AT5X5K,A,AT,0.0,1500,395.0,298.0
2023-02-24,ATN01K24P,A,ATN,0.0,5000,3186.5,5179.0
2023-02-24,ATN02K12P,A,ATN,0.0,500,280.959,487.0
2023-02-24,ATPA1K24P,A,ATPA,0.0,0,0.0,0.0
2023-02-24,ATPPCH5X5K,A,ATPPCH,0.0,0,0.0,0.0
2023-02-24,ATWWP001K24P,A,ATWWP,0.0,0,22.0,0.0
2023-02-24,ATWWP002K12P,A,ATWWP,0.0,0,0.0,0.0
2023-02-24,EEA200G24P,E,EEA,0.0,0,0.0,0.0
2023-02-24,EEA500G12P,E,EEA,0.0,0,0.0,0.0
2023-02-24,MAC1K25P,M,MAC,0.0,0,20.0,0.0
2023-02-24,MAHS025K,M,MAHS,0.0,0,0.0,10.0
2023-02-24,MAP1K25P,M,MAP,0.0,0,0.0,0.0
2023-02-24,MAPA1K24P,M,MAPA,0.0,0,0.0,0.0
2023-02-24,MAR01K24P,M,MAR,0.0,488,322.0,790.0
2023-02-24,MAR02K12P,M,MAR,0.0,0,15.0,2.0
2023-02-24,MASR025K,M,MASR,0.0,0,4.0,0.0
2023-02-24,POP001L12P,P,POP,0.0,5048,1246.0,308.0
2023-02-24,POP002L09P,P,POP,0.0,0,145.0,0.0
2023-02-24,POP005L04P,P,POP,0.0,0,47.0,0.0
2023-02-24,POP015K,P,POP,0.0,0,0.0,0.0
2023-02-24,POP500M24P,P,POP,0.0,0,210.0,85.0
2023-02-24,POPF01L12P,P,POPF,0.0,0,220.0,140.0
2023-02-24,POV001L24P,P,POV,0.0,0,1729.0,1905.0
2023-02-24,POV002L09P,P,POV,0.0,0,602.0,635.0
2023-02-24,POV005L04P,P,POV,0.0,0,394.0,375.0
2023-02-24,POV500M24P,P,POV,0.0,0,1099.0,1620.0
2023-02-24,SE200G24P,S,SE,0.0,250,98.0,95.0
2023-02-24,SE500G24P,S,SE,0.0,3000,1168.0,818.0
2023-02-24,SO0001L12P,S,SO,0.0,0,0.0,0.0
2023-02-24,SO0002L09P,S,SO,0.0,0,0.0,0.0
2023-02-24,SO0005L04P,S,SO,0.0,0,0.0,0.0
2023-02-24,SO0500M24P,S,SO,0.0,0,0.0,0.0
2023-02-24,SOP001L12P,S,SOP,0.0,0,309.9999999999999,310.0
2023-02-24,SOS001L12P,S,SOS,0.0,9529,9359.0,13920.0
2023-02-24,SOS002L09P,S,SOS,0.0,5633,6228.999999999997,9605.0
2023-02-24,SOS003L04P,S,SOS,0.0,0,956.0,1267.0
2023-02-24,SOS005L04P,S,SOS,0.0,11758,8630.999999999998,11996.0
2023-02-24,SOS008L02P,S,SOS,0.0,0,400.0,330.0
2023-02-24,SOS250M48P,S,SOS,0.0,0,325.9999999999999,336.0
2023-02-24,SOS500M24P,S,SOS,0.0,4144,4039.0,4643.0
2023-02-25,AT5X5K,A,AT,8.0,1000,582.0,450.0
2023-02-25,ATN01K24P,A,ATN,71.45833333333333,3000,2771.130666666666,3610.0
2023-02-25,ATN02K12P,A,ATN,55.166,500,970.9583333333334,1439.5
2023-02-25,ATPA1K24P,A,ATPA,0.0,0,0.0,0.0
2023-02-25,ATPPCH5X5K,A,ATPPCH,0.0,0,0.0,0.0
2023-02-25,ATWWP001K24P,A,ATWWP,0.0,0,42.0,0.0
2023-02-25,ATWWP002K12P,A,ATWWP,30.0,0,0.0,0.0
2023-02-25,EEA200G24P,E,EEA,0.0,0,0.0,0.0
2023-02-25,EEA500G12P,E,EEA,0.0,0,0.0,0.0
2023-02-25,MAC1K25P,M,MAC,0.0,0,0.0,0.0
2023-02-25,MAHS025K,M,MAHS,20.0,0,25.0,10.0
2023-02-25,MAP1K25P,M,MAP,0.0,0,0.0,0.0
2023-02-25,MAPA1K24P,M,MAPA,0.0,0,0.0,0.0
2023-02-25,MAR01K24P,M,MAR,0.0,700,615.17,515.0
2023-02-25,MAR02K12P,M,MAR,5.166,200,191.0,165.0
2023-02-25,MASR025K,M,MASR,354.0,200,196.0,170.0
2023-02-25,POP001L12P,P,POP,340.0,5468,1050.0,920.0
2023-02-25,POP002L09P,P,POP,20.0,302,129.0,100.0
2023-02-25,POP005L04P,P,POP,0.0,0,23.0,29.0
2023-02-25,POP015K,P,POP,0.0,0,0.0,0.0
2023-02-25,POP500M24P,P,POP,0.0,0,566.9999999999999,50.0
2023-02-25,POPF01L12P,P,POPF,0.0,300,0.0,0.0
2023-02-25,POV001L24P,P,POV,188.0,1001,1327.0,809.0
2023-02-25,POV002L09P,P,POV,100.0,1510,277.0000000000001,290.0
2023-02-25,POV005L04P,P,POV,130.0,701,137.0,130.0
2023-02-25,POV500M24P,P,POV,120.0,0,809.0000000000001,275.0
2023-02-25,SE200G24P,S,SE,0.0,0,174.0,364.0
2023-02-25,SE500G24P,S,SE,3.0,2000,1227.5,4020.0
2023-02-25,SO0001L12P,S,SO,0.0,0,0.0,0.0
2023-02-25,SO0002L09P,S,SO,0.0,0,0.0,0.0
2023-02-25,SO0005L04P,S,SO,0.0,0,0.0,0.0
2023-02-25,SO0500M24P,S,SO,0.0,0,0.0,0.0
2023-02-25,SOP001L12P,S,SOP,0.0,415,59.99999999999999,0.0
2023-02-25,SOS001L12P,S,SOS,841.0,10000,8854.999999999996,3211.0
2023-02-25,SOS002L09P,S,SOS,742.3329710144928,10000,6779.000000000002,3005.0
2023-02-25,SOS003L04P,S,SOS,152.0,0,935.9999999999994,1502.0
2023-02-25,SOS005L04P,S,SOS,1851.0,10000,11217.0,7521.0
2023-02-25,SOS008L02P,S,SOS,303.9999999999999,0,120.0,36.0
2023-02-25,SOS250M48P,S,SOS,78.0,0,72.0,0.0
2023-02-25,SOS500M24P,S,SOS,407.0,3239,2863.0,1475.0
2023-02-26,AT5X5K,A,AT,924.0,1000,1100.0,1010.0
2023-02-26,ATN01K24P,A,ATN,4608.833333333333,4000,2048.899166666667,1640.0
2023-02-26,ATN02K12P,A,ATN,719.0833333333334,645,495.6666666666667,142.0
2023-02-26,ATPA1K24P,A,ATPA,0.0,0,0.0,0.0
2023-02-26,ATPPCH5X5K,A,ATPPCH,0.0,0,0.0,0.0
2023-02-26,ATWWP001K24P,A,ATWWP,59.0,0,34.0,0.0
2023-02-26,ATWWP002K12P,A,ATWWP,10.0,0,80.0,30.0
2023-02-26,EEA200G24P,E,EEA,0.0,0,0.0,0.0
2023-02-26,EEA500G12P,E,EEA,0.0,0,0.0,0.0
2023-02-26,MAC1K25P,M,MAC,0.0,0,0.0,0.0
2023-02-26,MAHS025K,M,MAHS,10.0,0,20.0,0.0
2023-02-26,MAP1K25P,M,MAP,0.0,0,0.0,0.0
2023-02-26,MAPA1K24P,M,MAPA,0.0,0,0.0,0.0
2023-02-26,MAR01K24P,M,MAR,1160.0,500,532.0,103.0
2023-02-26,MAR02K12P,M,MAR,50.0,200,114.0,0.0
2023-02-26,MASR025K,M,MASR,156.0,284,20.0,0.0
2023-02-26,POP001L12P,P,POP,5782.0,5012,2524.0,3122.0
2023-02-26,POP002L09P,P,POP,193.0000000000001,0,140.0,140.0
2023-02-26,POP005L04P,P,POP,102.0,0,75.0,105.0
2023-02-26,POP015K,P,POP,0.0,0,0.0,0.0
2023-02-26,POP500M24P,P,POP,474.9999999999999,701,235.0,195.0
2023-02-26,POPF01L12P,P,POPF,160.0,500,300.0,400.0
2023-02-26,POV001L24P,P,POV,2580.0,2000,773.0,1140.0
2023-02-26,POV002L09P,P,POV,742.9999999999999,0,350.0,250.0
2023-02-26,POV005L04P,P,POV,230.0,0,175.0,140.0
2023-02-26,POV500M24P,P,POV,1674.0,2309,511.0000000000001,510.0
2023-02-26,SE200G24P,S,SE,414.0,0,216.0,0.0
2023-02-26,SE500G24P,S,SE,2441.0,2500,1969.0,470.0
2023-02-26,SO0001L12P,S,SO,0.0,0,0.0,0.0
2023-02-26,SO0002L09P,S,SO,0.0,0,0.0,0.0
2023-02-26,SO0005L04P,S,SO,0.0,0,0.0,0.0
2023-02-26,SO0500M24P,S,SO,0.0,0,0.0,0.0
2023-02-26,SOP001L12P,S,SOP,72.0,0,860.0829710144926,1150.0
2023-02-26,SOS001L12P,S,SOS,13641.25,15492,5163.000000000001,13715.0
2023-02-26,SOS002L09P,S,SOS,9543.000000000004,4385,3440.441002415458,6510.0
2023-02-26,SOS003L04P,S,SOS,1577.0,1153,472.0000000000001,1104.0
2023-02-26,SOS005L04P,S,SOS,11689.0,12672,6396.999999999998,13560.0
2023-02-26,SOS008L02P,S,SOS,727.0000000000001,0,516.0,55.0
2023-02-26,SOS250M48P,S,SOS,523.9999999999997,0,154.0,94.0
2023-02-26,SOS500M24P,S,SOS,5427.000000000003,3002,1430.0,3572.0
2023-02-27,AT5X5K,A,AT,858.0,500,782.0,820.0
2023-02-27,ATN01K24P,A,ATN,5739.541666666667,3000,3934.980666666666,3646.0
2023-02-27,ATN02K12P,A,ATN,511.6666666666667,800,686.7496666666666,531.0
2023-02-27,ATPA1K24P,A,ATPA,0.0,0,0.0,0.0
2023-02-27,ATPPCH5X5K,A,ATPPCH,0.0,0,0.0,0.0
2023-02-27,ATWWP001K24P,A,ATWWP,91.0,0,50.0,0.0
2023-02-27,ATWWP002K12P,A,ATWWP,0.0,0,0.0,80.0
2023-02-27,EEA200G24P,E,EEA,0.0,0,0.0,0.0
2023-02-27,EEA500G12P,E,EEA,0.0,0,0.0,0.0
2023-02-27,MAC1K25P,M,MAC,0.0,0,0.0,0.0
2023-02-27,MAHS025K,M,MAHS,5.0,0,0.0,0.0
2023-02-27,MAP1K25P,M,MAP,0.0,0,0.0,0.0
2023-02-27,MAPA1K24P,M,MAPA,0.0,0,0.0,0.0
2023-02-27,MAR01K24P,M,MAR,822.0,500,661.0,270.0
2023-02-27,MAR02K12P,M,MAR,76.0,200,61.166,180.0
2023-02-27,MASR025K,M,MASR,120.0,200,310.0,420.0
2023-02-27,POP001L12P,P,POP,1210.0,4094,2798.0,8475.19
2023-02-27,POP002L09P,P,POP,165.0,0,75.0,110.775
2023-02-27,POP005L04P,P,POP,50.0,0,10.0,100.0
2023-02-27,POP015K,P,POP,0.0,0,0.0,0.0
2023-02-27,POP500M24P,P,POP,171.0,0,270.0,330.0
2023-02-27,POPF01L12P,P,POPF,0.0,519,130.0,750.0
2023-02-27,POV001L24P,P,POV,1312.0,1028,2031.0,1885.734
2023-02-27,POV002L09P,P,POV,528.0,0,454.0000000000001,496.0
2023-02-27,POV005L04P,P,POV,225.0,0,170.0,175.0
2023-02-27,POV500M24P,P,POV,682.9999999999998,1552,1161.0,1030.824
2023-02-27,SE200G24P,S,SE,108.0,700,210.0,100.0
2023-02-27,SE500G24P,S,SE,1968.0,2000,2889.0,1240.0
2023-02-27,SO0001L12P,S,SO,0.0,0,0.0,0.0
2023-02-27,SO0002L09P,S,SO,0.0,0,0.0,0.0
2023-02-27,SO0005L04P,S,SO,0.0,0,0.0,0.0
2023-02-27,SO0500M24P,S,SO,0.0,0,0.0,0.0
2023-02-27,SOP001L12P,S,SOP,0.0,0,110.0,90.318
2023-02-27,SOS001L12P,S,SOS,8641.999999999993,16000,15369.83297101449,15180.0
2023-02-27,SOS002L09P,S,SOS,7405.332971014494,8024,7947.665942028984,7400.0
2023-02-27,SOS003L04P,S,SOS,1300.0,2007,1404.999999999999,2263.0
2023-02-27,SOS005L04P,S,SOS,10025.0,18000,12359.0,13862.0
2023-02-27,SOS008L02P,S,SOS,277.9999999999999,0,158.0,780.413
2023-02-27,SOS250M48P,S,SOS,472.9999999999999,0,522.0,419.0
2023-02-27,SOS500M24P,S,SOS,2877.000000000002,3513,4502.0,4961.0
2023-02-28,AT5X5K,A,AT,839.0,0,680.0,669.0
2023-02-28,ATN01K24P,A,ATN,4198.708,0,6719.124666666667,6618.0
2023-02-28,ATN02K12P,A,ATN,1331.916,900,464.5826666666667,428.0
2023-02-28,ATPA1K24P,A,ATPA,0.0,0,0.0,0.0
2023-02-28,ATPPCH5X5K,A,ATPPCH,0.0,0,0.0,0.0
2023-02-28,ATWWP001K24P,A,ATWWP,13.0,0,72.03,10.0
2023-02-28,ATWWP002K12P,A,ATWWP,5.0,0,64.0,0.0
2023-02-28,EEA200G24P,E,EEA,0.0,0,0.0,0.0
2023-02-28,EEA500G12P,E,EEA,50.0,0,0.0,0.0
2023-02-28,MAC1K25P,M,MAC,0.0,0,0.0,0.0
2023-02-28,MAHS025K,M,MAHS,25.0,0,0.0,0.0
2023-02-28,MAP1K25P,M,MAP,0.0,0,0.0,0.0
2023-02-28,MAPA1K24P,M,MAPA,0.0,0,0.0,0.0
2023-02-28,MAR01K24P,M,MAR,808.375,0,1169.375,1231.0
2023-02-28,MAR02K12P,M,MAR,513.833,0,28.833,0.0
2023-02-28,MASR025K,M,MASR,97.0,0,40.0,10.0
2023-02-28,POP001L12P,P,POP,776.0,3072,6708.0,3998.0
2023-02-28,POP002L09P,P,POP,53.0,202,136.0,50.0
2023-02-28,POP005L04P,P,POP,23.0,0,115.0,60.0
2023-02-28,POP015K,P,POP,0.0,0,0.0,0.0
2023-02-28,POP500M24P,P,POP,245.0,480,315.0,340.0
2023-02-28,POPF01L12P,P,POPF,0.0,0,780.0,120.0
2023-02-28,POV001L24P,P,POV,1353.0,1610,1364.0,1485.0
2023-02-28,POV002L09P,P,POV,346.0000000000001,403,526.9999999999999,545.0
2023-02-28,POV005L04P,P,POV,130.0,0,199.0,285.0
2023-02-28,POV500M24P,P,POV,706.0,0,761.0000000000001,1415.0
2023-02-28,SE200G24P,S,SE,61.00000000000001,0,33.0,300.0
2023-02-28,SE500G24P,S,SE,1935.0,0,2173.0,4155.0
2023-02-28,SO0001L12P,S,SO,0.0,0,0.0,0.0
2023-02-28,SO0002L09P,S,SO,0.0,0,0.0,0.0
2023-02-28,SO0005L04P,S,SO,0.0,0,0.0,0.0
2023-02-28,SO0500M24P,S,SO,0.0,0,0.0,0.0
2023-02-28,SOP001L12P,S,SOP,0.0,0,121.0,0.0
2023-02-28,SOS001L12P,S,SOS,6165.91295289855,7541,11153.0,7450.0
2023-02-28,SOS002L09P,S,SOS,3397.444021739129,4007,8076.444021739129,6313.0
2023-02-28,SOS003L04P,S,SOS,435.4999999999999,2247,1004.0,610.0
2023-02-28,SOS005L04P,S,SOS,4639.75,8614,11507.75,10567.0
2023-02-28,SOS008L02P,S,SOS,9.999999999999998,0,767.9999999999999,470.0
2023-02-28,SOS250M48P,S,SOS,239.0,0,340.9999999999999,395.0
2023-02-28,SOS500M24P,S,SOS,1801.659963768116,3000,3653.0,1802.0
2023-03-01,AT5X5K,A,AT,147.8,0,913.0,773.0
2023-03-01,ATN01K24P,A,ATN,3664.001666666667,2000,2909.0,6632.166
2023-03-01,ATN02K12P,A,ATN,327.67,0,542.323,325.0
2023-03-01,ATPA1K24P,A,ATPA,0.0,0,0.0,0.0
2023-03-01,ATPPCH5X5K,A,ATPPCH,0.0,0,0.0,0.0
2023-03-01,ATWWP001K24P,A,ATWWP,25.38,0,5.0,0.0
2023-03-01,ATWWP002K12P,A,ATWWP,5.830000000000001,0,20.0,40.0
2023-03-01,EEA200G24P,E,EEA,0.0,0,0.0,0.0
2023-03-01,EEA500G12P,E,EEA,0.0,0,0.0,0.0
2023-03-01,MAC1K25P,M,MAC,0.0,0,0.0,0.0
2023-03-01,MAHS025K,M,MAHS,24.0,0,0.0,0.0
2023-03-01,MAP1K25P,M,MAP,0.0,0,0.0,0.0
2023-03-01,MAPA1K24P,M,MAPA,0.0,0,0.0,0.0
2023-03-01,MAR01K24P,M,MAR,1021.0,215,783.0,1341.0
2023-03-01,MAR02K12P,M,MAR,82.0,0,128.0,100.0
2023-03-01,MASR025K,M,MASR,3.0,0,257.0,100.0
2023-03-01,POP001L12P,P,POP,7080.0,2814,1858.0000000000002,1750.0
2023-03-01,POP002L09P,P,POP,397.0,200,115.0029914529915,148.0
2023-03-01,POP005L04P,P,POP,190.0,200,52.0,23.0
2023-03-01,POP015K,P,POP,0.0,0,0.0,0.0
2023-03-01,POP500M24P,P,POP,674.0,204,90.0,90.0
2023-03-01,POPF01L12P,P,POPF,145.0,304,0.0,200.0
2023-03-01,POV001L24P,P,POV,2787.0,1500,1103.0,910.0
2023-03-01,POV002L09P,P,POV,1757.0,500,338.0000000000001,450.673
2023-03-01,POV005L04P,P,POV,727.0,800,329.0,90.0
2023-03-01,POV500M24P,P,POV,2255.0,805,444.0000000000001,400.0
2023-03-01,SE200G24P,S,SE,135.0,300,72.0,310.0
2023-03-01,SE500G24P,S,SE,1273.42,2500,1348.0,2730.0
2023-03-01,SO0001L12P,S,SO,0.0,0,0.0,0.0
2023-03-01,SO0002L09P,S,SO,0.0,0,0.0,0.0
2023-03-01,SO0005L04P,S,SO,0.0,0,0.0,0.0
2023-03-01,SO0500M24P,S,SO,0.0,0,0.0,0.0
2023-03-01,SOP001L12P,S,SOP,50.58297101449276,415,69.99999999999999,70.0
2023-03-01,SOS001L12P,S,SOS,14022.99999999998,10000,5768.829981884059,14269.383
2023-03-01,SOS002L09P,S,SOS,11952.65797101449,4000,3408.999999999998,8729.615
2023-03-01,SOS003L04P,S,SOS,1450.25,3266,434.5,1676.49
2023-03-01,SOS005L04P,S,SOS,17085.75,10000,5559.000000000001,10785.3
2023-03-01,SOS008L02P,S,SOS,897.9999999999999,0,459.9999999999999,38.0
2023-03-01,SOS250M48P,S,SOS,226.0,3,169.0,138.959
2023-03-01,SOS500M24P,S,SOS,7511.999999999997,3197,2080.659963768116,3999.77
2023-03-02,AT5X5K,A,AT,2989.0,0,248.8,350.0
2023-03-02,ATN01K24P,A,ATN,3826.0,2000,3759.793,3335.0
2023-03-02,ATN02K12P,A,ATN,492.0,0,251.67,100.0
2023-03-02,ATPA1K24P,A,ATPA,0.0,0,0.0,0.0
2023-03-02,ATPPCH5X5K,A,ATPPCH,0.0,0,0.0,0.0
2023-03-02,ATWWP001K24P,A,ATWWP,84.0,0,19.38,0.0
2023-03-02,ATWWP002K12P,A,ATWWP,3.0,31,5.830000000000001,0.0
2023-03-02,EEA200G24P,E,EEA,0.0,0,0.0,0.0
2023-03-02,EEA500G12P,E,EEA,0.0,0,0.0,0.0
2023-03-02,MAC1K25P,M,MAC,0.0,0,0.0,0.0
2023-03-02,MAHS025K,M,MAHS,20.0,0,0.0,0.0
2023-03-02,MAP1K25P,M,MAP,0.0,0,0.0,0.0
2023-03-02,MAPA1K24P,M,MAPA,0.0,0,0.0,0.0
2023-03-02,MAR01K24P,M,MAR,1847.0,1285,898.0,350.0
2023-03-02,MAR02K12P,M,MAR,35.0,0,69.0,0.0
2023-03-02,MASR025K,M,MASR,0.0,0,10.0,50.0
2023-03-02,POP001L12P,P,POP,3494.0,3968,3400.0,2868.0
2023-03-02,POP002L09P,P,POP,429.0000000000001,203,112.0,133.0
2023-03-02,POP005L04P,P,POP,207.0,200,32.0,88.0
2023-03-02,POP015K,P,POP,0.0,0,0.0,0.0
2023-03-02,POP500M24P,P,POP,618.0,203,160.0,521.0
2023-03-02,POPF01L12P,P,POPF,663.0,320,61.0,200.0
2023-03-02,POV001L24P,P,POV,3287.0,1602,1242.0,1911.0
2023-03-02,POV002L09P,P,POV,1105.0,503,545.0,403.0
2023-03-02,POV005L04P,P,POV,782.0,300,166.0,131.0
2023-03-02,POV500M24P,P,POV,1438.0,1000,1179.0,1589.0
2023-03-02,SE200G24P,S,SE,193.0,0,180.0,0.0
2023-03-02,SE500G24P,S,SE,1939.0,590,1513.42,350.0
2023-03-02,SO0001L12P,S,SO,0.0,0,0.0,0.0
2023-03-02,SO0002L09P,S,SO,0.0,0,0.0,0.0
2023-03-02,SO0005L04P,S,SO,0.0,0,0.0,0.0
2023-03-02,SO0500M24P,S,SO,0.0,0,0.0,0.0
2023-03-02,SOP001L12P,S,SOP,20.0,57,110.0,91.0
2023-03-02,SOS001L12P,S,SOS,14136.99999999999,16000,7642.999999999998,14220.0
2023-03-02,SOS002L09P,S,SOS,8539.332971014494,3000,4855.109963768114,7235.0
2023-03-02,SOS003L04P,S,SOS,1579.0,0,954.2499999999994,1845.0
2023-03-02,SOS005L04P,S,SOS,14157.0,18859,7943.249999999998,13554.0
2023-03-02,SOS008L02P,S,SOS,702.0000000000001,3000,210.0,100.0
2023-03-02,SOS250M48P,S,SOS,296.9999999999999,0,151.0,0.0
2023-03-02,SOS500M24P,S,SOS,4000.000000000002,4040,2744.0,2996.0
2023-03-03,AT5X5K,A,AT,0.0,0,423.0,670.0
2023-03-03,ATN01K24P,A,ATN,0.0,5000,1104.0,3705.0
2023-03-03,ATN02K12P,A,ATN,0.0,500,121.0,420.0
2023-03-03,ATPA1K24P,A,ATPA,0.0,0,0.0,0.0
2023-03-03,ATPPCH5X5K,A,ATPPCH,0.0,0,0.0,0.0
2023-03-03,ATWWP001K24P,A,ATWWP,0.0,0,3.0,0.0
2023-03-03,ATWWP002K12P,A,ATWWP,0.0,0,3.0,0.0
2023-03-03,EEA200G24P,E,EEA,0.0,0,0.0,0.0
2023-03-03,EEA500G12P,E,EEA,0.0,0,0.0,0.0
2023-03-03,MAC1K25P,M,MAC,0.0,0,0.0,0.0
2023-03-03,MAHS025K,M,MAHS,0.0,50,3.0,3.0
2023-03-03,MAP1K25P,M,MAP,0.0,0,0.0,0.0
2023-03-03,MAPA1K24P,M,MAPA,0.0,0,0.0,0.0
2023-03-03,MAR01K24P,M,MAR,0.0,600,390.0,900.0
2023-03-03,MAR02K12P,M,MAR,0.0,6,0.0,155.0
2023-03-03,MASR025K,M,MASR,0.0,200,0.0,103.0
2023-03-03,POP001L12P,P,POP,0.0,2796,2638.0,1990.0
2023-03-03,POP002L09P,P,POP,0.0,201,205.0,195.0
2023-03-03,POP005L04P,P,POP,0.0,0,65.0,85.0
2023-03-03,POP015K,P,POP,0.0,0,0.0,0.0
2023-03-03,POP500M24P,P,POP,0.0,502,463.9999999999999,425.0
2023-03-03,POPF01L12P,P,POPF,0.0,94,50.0,50.0
2023-03-03,POV001L24P,P,POV,0.0,1801,1495.0,1915.0
2023-03-03,POV002L09P,P,POV,0.0,1371,729.9999999999999,1035.0
2023-03-03,POV005L04P,P,POV,0.0,512,165.0,625.0
2023-03-03,POV500M24P,P,POV,0.0,1578,955.0,1075.0
2023-03-03,SE200G24P,S,SE,0.0,0,190.0,154.0
2023-03-03,SE500G24P,S,SE,0.0,55,672.0,630.0
2023-03-03,SO0001L12P,S,SO,0.0,0,0.0,0.0
2023-03-03,SO0002L09P,S,SO,0.0,0,0.0,0.0
2023-03-03,SO0005L04P,S,SO,0.0,0,0.0,0.0
2023-03-03,SO0500M24P,S,SO,0.0,0,0.0,0.0
2023-03-03,SOP001L12P,S,SOP,0.0,0,219.9999999999999,150.0
2023-03-03,SOS001L12P,S,SOS,0.0,9388,7985.000000000002,9826.0
2023-03-03,SOS002L09P,S,SOS,0.0,4321,4077.0,3977.0
2023-03-03,SOS003L04P,S,SOS,0.0,0,825.9999999999997,633.0
2023-03-03,SOS005L04P,S,SOS,0.0,10091,7210.999999999999,10698.0
2023-03-03,SOS008L02P,S,SOS,0.0,18,260.0,900.0
2023-03-03,SOS250M48P,S,SOS,0.0,0,33.0,0.0
2023-03-03,SOS500M24P,S,SOS,0.0,3542,3037.000000000001,3699.0
2023-03-04,AT5X5K,A,AT,35.0,0,631.0,500.0
2023-03-04,ATN01K24P,A,ATN,145.5,1759,2499.0,398.0
2023-03-04,ATN02K12P,A,ATN,351.0,373,617.0,500.0
2023-03-04,ATPA1K24P,A,ATPA,0.0,0,0.0,0.0
2023-03-04,ATPPCH5X5K,A,ATPPCH,0.0,0,0.0,0.0
2023-03-04,ATWWP001K24P,A,ATWWP,40.0,0,38.0,0.0
2023-03-04,ATWWP002K12P,A,ATWWP,98.0,0,36.0,20.0
2023-03-04,EEA200G24P,E,EEA,0.0,0,0.0,0.0
2023-03-04,EEA500G12P,E,EEA,0.0,0,0.0,0.0
2023-03-04,MAC1K25P,M,MAC,0.0,0,0.0,0.0
2023-03-04,MAHS025K,M,MAHS,0.0,0,0.0,0.0
2023-03-04,MAP1K25P,M,MAP,0.0,0,0.0,0.0
2023-03-04,MAPA1K24P,M,MAPA,0.0,0,0.0,0.0
2023-03-04,MAR01K24P,M,MAR,43.0,751,1209.0,315.0
2023-03-04,MAR02K12P,M,MAR,486.0,0,122.0,120.0
2023-03-04,MASR025K,M,MASR,360.0,15,130.0,60.0
2023-03-04,POP001L12P,P,POP,40.0,2806,2248.0,1370.0
2023-03-04,POP002L09P,P,POP,0.0,0,111.9970085470085,30.0
2023-03-04,POP005L04P,P,POP,0.0,200,75.0,17.0
2023-03-04,POP015K,P,POP,0.0,0,0.0,0.0
2023-03-04,POP500M24P,P,POP,5.0,504,360.0,100.0
2023-03-04,POPF01L12P,P,POPF,0.0,660,671.0,500.0
2023-03-04,POV001L24P,P,POV,150.0,2007,2585.0,1330.0
2023-03-04,POV002L09P,P,POV,80.00000000000001,0,1114.0,660.0
2023-03-04,POV005L04P,P,POV,310.0,340,782.0,392.0
2023-03-04,POV500M24P,P,POV,162.0,1000,1481.0,761.0
2023-03-04,SE200G24P,S,SE,5.0,0,317.0,85.0
2023-03-04,SE500G24P,S,SE,190.0,11,2087.0,1050.0
2023-03-04,SO0001L12P,S,SO,0.0,0,0.0,0.0
2023-03-04,SO0002L09P,S,SO,0.0,0,0.0,0.0
2023-03-04,SO0005L04P,S,SO,0.0,0,0.0,0.0
2023-03-04,SO0500M24P,S,SO,0.0,0,0.0,0.0
2023-03-04,SOP001L12P,S,SOP,4.0,0,11.0,0.0
2023-03-04,SOS001L12P,S,SOS,4969.166032608694,9003,9334.000000000004,6515.0
2023-03-04,SOS002L09P,S,SOS,974.110990338164,3000,5702.881038647338,3095.0
2023-03-04,SOS003L04P,S,SOS,224.0,0,1012.999999999999,592.0
2023-03-04,SOS005L04P,S,SOS,4780.999999999998,6002,10083.0,6858.0
2023-03-04,SOS008L02P,S,SOS,675.0,1000,710.0,540.0
2023-03-04,SOS250M48P,S,SOS,5.0,0,101.9789855072464,0.0
2023-03-04,SOS500M24P,S,SOS,317.0,2601,3046.000000000001,2024.0
2023-03-05,AT5X5K,A,AT,1567.0,0,162.0,10.0
2023-03-05,ATN01K24P,A,ATN,3384.333,0,1282.5,100.0
2023-03-05,ATN02K12P,A,ATN,475.167,0,682.0,220.0
2023-03-05,ATPA1K24P,A,ATPA,0.0,0,0.0,0.0
2023-03-05,ATPPCH5X5K,A,ATPPCH,0.0,0,0.0,0.0
2023-03-05,ATWWP001K24P,A,ATWWP,204.0,0,87.0,0.0
2023-03-05,ATWWP002K12P,A,ATWWP,3.0,0,7.0,0.0
2023-03-05,EEA200G24P,E,EEA,0.0,0,0.0,0.0
2023-03-05,EEA500G12P,E,EEA,0.0,0,0.0,0.0
2023-03-05,MAC1K25P,M,MAC,25.0,0,0.0,0.0
2023-03-05,MAHS025K,M,MAHS,25.0,15,0.0,30.0
2023-03-05,MAP1K25P,M,MAP,0.0,0,0.0,0.0
2023-03-05,MAPA1K24P,M,MAPA,0.0,0,0.0,0.0
2023-03-05,MAR01K24P,M,MAR,1602.0,0,323.0,300.0
2023-03-05,MAR02K12P,M,MAR,52.0,0,365.0,100.0
2023-03-05,MASR025K,M,MASR,5.0,0,40.0,25.0
2023-03-05,POP001L12P,P,POP,5372.0,3652,6096.0,5772.0
2023-03-05,POP002L09P,P,POP,460.0000000000001,0,232.0,451.0
2023-03-05,POP005L04P,P,POP,188.0,100,26.0,165.0
2023-03-05,POP015K,P,POP,0.0,0,0.0,0.0
2023-03-05,POP500M24P,P,POP,912.0,1001,500.0,587.0
2023-03-05,POPF01L12P,P,POPF,300.0000000000001,471,111.0,215.0
2023-03-05,POV001L24P,P,POV,3326.0,2000,1270.0,1358.0
2023-03-05,POV002L09P,P,POV,1100.0,0,597.0000000000001,604.0
2023-03-05,POV005L04P,P,POV,849.0,0,501.0000000000001,557.0
2023-03-05,POV500M24P,P,POV,2330.0,1510,605.9999999999999,816.0
2023-03-05,SE200G24P,S,SE,201.0,1,114.0,52.0
2023-03-05,SE500G24P,S,SE,2760.0,1100,1084.0,1100.0
2023-03-05,SO0001L12P,S,SO,0.0,0,0.0,0.0
2023-03-05,SO0002L09P,S,SO,0.0,0,0.0,0.0
2023-03-05,SO0005L04P,S,SO,0.0,0,0.0,0.0
2023-03-05,SO0500M24P,S,SO,0.0,0,0.0,0.0
2023-03-05,SOP001L12P,S,SOP,207.0,0,150.0,150.0
2023-03-05,SOS001L12P,S,SOS,19064.99999999999,11571,10103.16603260869,10644.0
2023-03-05,SOS002L09P,S,SOS,11536.88798309179,4190,6768.110990338165,3291.0
2023-03-05,SOS003L04P,S,SOS,2391.000000000002,0,849.9999999999998,1036.0
2023-03-05,SOS005L04P,S,SOS,20491.50000000001,6004,10140.0,8431.0
2023-03-05,SOS008L02P,S,SOS,833.0000000000006,1760,720.0000000000001,650.0
2023-03-05,SOS250M48P,S,SOS,599.9999999999997,0,37.99999999999999,0.0
2023-03-05,SOS500M24P,S,SOS,7872.0,3000,2788.0,3342.0
2023-03-06,AT5X5K,A,AT,440.0,0,1883.0,1660.0
2023-03-06,ATN01K24P,A,ATN,5002.0,0,3360.333,1578.0
2023-03-06,ATN02K12P,A,ATN,1352.0,0,355.0,440.0
2023-03-06,ATPA1K24P,A,ATPA,0.0,0,0.0,0.0
2023-03-06,ATPPCH5X5K,A,ATPPCH,0.0,0,0.0,0.0
2023-03-06,ATWWP001K24P,A,ATWWP,106.0,0,180.0,55.0
2023-03-06,ATWWP002K12P,A,ATWWP,268.0,0,26.0,90.0
2023-03-06,EEA200G24P,E,EEA,0.0,0,0.0,0.0
2023-03-06,EEA500G12P,E,EEA,0.0,0,0.0,0.0
2023-03-06,MAC1K25P,M,MAC,0.0,10,0.0,10.0
2023-03-06,MAHS025K,M,MAHS,10.0,0,20.0,35.0
2023-03-06,MAP1K25P,M,MAP,0.0,0,0.0,0.0
2023-03-06,MAPA1K24P,M,MAPA,0.0,0,0.0,0.0
2023-03-06,MAR01K24P,M,MAR,1392.0,500,917.0,1260.0
2023-03-06,MAR02K12P,M,MAR,177.0,0,145.0,280.0
2023-03-06,MASR025K,M,MASR,77.0,286,174.0,213.0
2023-03-06,POP001L12P,P,POP,4108.0,0,2442.0,2400.0
2023-03-06,POP002L09P,P,POP,327.0000000000001,301,116.0,156.0
2023-03-06,POP005L04P,P,POP,239.0,0,145.0,20.0
2023-03-06,POP015K,P,POP,0.0,0,0.0,0.0
2023-03-06,POP500M24P,P,POP,675.0000000000001,0,256.0000000000001,286.0
2023-03-06,POPF01L12P,P,POPF,262.0,0,77.0,50.0
2023-03-06,POV001L24P,P,POV,3238.0,1007,1496.0,1375.0
2023-03-06,POV002L09P,P,POV,1487.0,701,510.0,610.0
2023-03-06,POV005L04P,P,POV,699.0,0,387.0,290.0
2023-03-06,POV500M24P,P,POV,1956.0,0,1080.0,920.0
2023-03-06,SE200G24P,S,SE,90.0,300,94.0,204.0
2023-03-06,SE500G24P,S,SE,1317.0,1000,2119.0,1238.0
2023-03-06,SO0001L12P,S,SO,0.0,0,0.0,0.0
2023-03-06,SO0002L09P,S,SO,0.0,0,0.0,0.0
2023-03-06,SO0005L04P,S,SO,0.0,0,0.0,0.0
2023-03-06,SO0500M24P,S,SO,0.0,0,0.0,0.0
2023-03-06,SOP001L12P,S,SOP,18.0,0,0.0,14.0
2023-03-06,SOS001L12P,S,SOS,17717.32998188406,9737,11883.32998188406,12590.0
2023-03-06,SOS002L09P,S,SOS,10460.1100241546,3016,7729.998007246375,3995.0
2023-03-06,SOS003L04P,S,SOS,2026.0,0,1624.999999999999,1567.0
2023-03-06,SOS005L04P,S,SOS,19242.5,13085,15952.5,14899.0
2023-03-06,SOS008L02P,S,SOS,1228.0,1000,868.9999999999999,1235.0
2023-03-06,SOS250M48P,S,SOS,830.9999999999998,0,37.99999999999999,0.0
2023-03-06,SOS500M24P,S,SOS,5415.000000000004,6341,5524.000000000002,6181.999999999999
2023-03-07,AT5X5K,A,AT,369.0,400,862.0,770.0
2023-03-07,ATN01K24P,A,ATN,2406.0,2500,3491.0,2155.0
2023-03-07,ATN02K12P,A,ATN,397.0,500,535.0,720.0
2023-03-07,ATPA1K24P,A,ATPA,0.0,0,0.0,0.0
2023-03-07,ATPPCH5X5K,A,ATPPCH,0.0,0,0.0,0.0
2023-03-07,ATWWP001K24P,A,ATWWP,82.0,0,78.0,103.0
2023-03-07,ATWWP002K12P,A,ATWWP,36.0,0,39.0,1.0
2023-03-07,EEA200G24P,E,EEA,0.0,0,0.0,0.0
2023-03-07,EEA500G12P,E,EEA,0.0,0,0.0,0.0
2023-03-07,MAC1K25P,M,MAC,0.0,0,0.0,0.0
2023-03-07,MAHS025K,M,MAHS,65.0,0,5.0,0.0
2023-03-07,MAP1K25P,M,MAP,0.0,0,0.0,0.0
2023-03-07,MAPA1K24P,M,MAPA,0.0,0,0.0,0.0
2023-03-07,MAR01K24P,M,MAR,965.0,2500,1222.0,660.0
2023-03-07,MAR02K12P,M,MAR,97.0,500,73.0,450.0
2023-03-07,MASR025K,M,MASR,3.0,0,142.0,5.0
2023-03-07,POP001L12P,P,POP,1855.9999999999998,2000,4792.0,5740.0
2023-03-07,POP002L09P,P,POP,391.0000000000001,224,91.00000000000004,92.0
2023-03-07,POP005L04P,P,POP,182.0,105,57.00000000000001,217.0
2023-03-07,POP015K,P,POP,0.0,0,0.0,0.0
2023-03-07,POP500M24P,P,POP,404.9999999999999,500,171.0,415.0
2023-03-07,POPF01L12P,P,POPF,60.00000000000001,0,71.0,701.0
2023-03-07,POV001L24P,P,POV,2506.0,1000,2308.0,2305.0
2023-03-07,POV002L09P,P,POV,814.9999999999999,705,428.0000000000001,300.0
2023-03-07,POV005L04P,P,POV,817.0,1005,250.0,58.0
2023-03-07,POV500M24P,P,POV,1790.0,1710,1704.0,1140.0
2023-03-07,SE200G24P,S,SE,65.0,100,133.0,30.0
2023-03-07,SE500G24P,S,SE,1089.0,1000,1174.0,215.0
2023-03-07,SO0001L12P,S,SO,0.0,0,0.0,0.0
2023-03-07,SO0002L09P,S,SO,0.0,0,0.0,0.0
2023-03-07,SO0005L04P,S,SO,0.0,0,0.0,0.0
2023-03-07,SO0500M24P,S,SO,0.0,0,0.0,0.0
2023-03-07,SOP001L12P,S,SOP,130.0,0,10.0,70.0
2023-03-07,SOS001L12P,S,SOS,17482.99999999999,13994,13982.25,15485.0
2023-03-07,SOS002L09P,S,SOS,10081.77801932367,3234,7815.999999999999,3988.0
2023-03-07,SOS003L04P,S,SOS,2158.000000000001,0,1323.0,1541.0
2023-03-07,SOS005L04P,S,SOS,21303.0,12753,13671.0,14489.0
2023-03-07,SOS008L02P,S,SOS,409.0000000000001,1068,1206.0,680.0
2023-03-07,SOS250M48P,S,SOS,174.0,0,10.0,0.0
2023-03-07,SOS500M24P,S,SOS,5518.000000000004,5001,4544.0,4940.0
2023-03-08,AT5X5K,A,AT,0.0,0,244.0,110.0
2023-03-08,ATN01K24P,A,ATN,20.0,0,1688.0,2784.0
2023-03-08,ATN02K12P,A,ATN,0.0,0,181.0,490.0
2023-03-08,ATPA1K24P,A,ATPA,0.0,0,0.0,0.0
2023-03-08,ATPPCH5X5K,A,ATPPCH,0.0,0,0.0,0.0
2023-03-08,ATWWP001K24P,A,ATWWP,0.0,0,72.97,12.0
2023-03-08,ATWWP002K12P,A,ATWWP,0.0,0,12.0,100.0
2023-03-08,EEA200G24P,E,EEA,0.0,0,0.0,0.0
2023-03-08,EEA500G12P,E,EEA,0.0,0,0.0,0.0
2023-03-08,MAC1K25P,M,MAC,0.0,0,10.0,0.0
2023-03-08,MAHS025K,M,MAHS,0.0,0,25.0,0.0
2023-03-08,MAP1K25P,M,MAP,0.0,0,0.0,0.0
2023-03-08,MAPA1K24P,M,MAPA,0.0,0,0.0,0.0
2023-03-08,MAR01K24P,M,MAR,0.0,0,556.0,860.0
2023-03-08,MAR02K12P,M,MAR,0.0,0,5.0,104.0
2023-03-08,MASR025K,M,MASR,0.0,181,0.0,80.0
2023-03-08,POP001L12P,P,POP,0.0,2016,4420.0,3828.0
2023-03-08,POP002L09P,P,POP,0.0,0,328.9999999999999,120.0
2023-03-08,POP005L04P,P,POP,0.0,0,226.0,123.0
2023-03-08,POP015K,P,POP,0.0,0,0.0,0.0
2023-03-08,POP500M24P,P,POP,0.0,308,448.0000000000001,410.0
2023-03-08,POPF01L12P,P,POPF,0.0,0,474.0000000000001,400.0
2023-03-08,POV001L24P,P,POV,0.0,1004,1599.0,1279.0
2023-03-08,POV002L09P,P,POV,0.0,713,396.0000000000001,220.0
2023-03-08,POV005L04P,P,POV,0.0,0,319.0,366.0
2023-03-08,POV500M24P,P,POV,0.0,1210,1213.0,1249.0
2023-03-08,SE200G24P,S,SE,0.0,0,29.0,80.0
2023-03-08,SE500G24P,S,SE,0.0,0,701.0,350.0
2023-03-08,SO0001L12P,S,SO,0.0,0,0.0,0.0
2023-03-08,SO0002L09P,S,SO,0.0,0,0.0,0.0
2023-03-08,SO0005L04P,S,SO,0.0,0,0.0,0.0
2023-03-08,SO0500M24P,S,SO,0.0,0,0.0,0.0
2023-03-08,SOP001L12P,S,SOP,0.0,336,106.0,110.0
2023-03-08,SOS001L12P,S,SOS,200.0,9240,12293.0,12848.0
2023-03-08,SOS002L09P,S,SOS,47.99999999999999,5507,6763.999999999999,4819.0
2023-03-08,SOS003L04P,S,SOS,10.0,0,1549.0,1740.0
2023-03-08,SOS005L04P,S,SOS,49.99999999999999,11446,11462.0,13358.0
2023-03-08,SOS008L02P,S,SOS,0.0,0,162.0,377.0
2023-03-08,SOS250M48P,S,SOS,10.0,0,40.99999999999999,0.0
2023-03-08,SOS500M24P,S,SOS,200.0,1508,5027.0,4393.0
2023-03-09,AT5X5K,A,AT,1276.0,725,350.0,360.0
2023-03-09,ATN01K24P,A,ATN,3861.0,3000,1723.0,1000.0
2023-03-09,ATN02K12P,A,ATN,1158.0,500,347.0,0.0
2023-03-09,ATPA1K24P,A,ATPA,0.0,0,0.0,0.0
2023-03-09,ATPPCH5X5K,A,ATPPCH,0.0,0,0.0,0.0
2023-03-09,ATWWP001K24P,A,ATWWP,92.0,0,54.0,2.0
2023-03-09,ATWWP002K12P,A,ATWWP,12.0,0,55.0,0.0
2023-03-09,EEA200G24P,E,EEA,0.0,0,0.0,0.0
2023-03-09,EEA500G12P,E,EEA,0.0,0,0.0,0.0
2023-03-09,MAC1K25P,M,MAC,0.0,25,0.0,25.0
2023-03-09,MAHS025K,M,MAHS,65.0,200,45.0,109.0
2023-03-09,MAP1K25P,M,MAP,0.0,0,0.0,0.0
2023-03-09,MAPA1K24P,M,MAPA,0.0,0,0.0,0.0
2023-03-09,MAR01K24P,M,MAR,1293.0,1200,519.0,410.0
2023-03-09,MAR02K12P,M,MAR,560.0,406,202.0,0.0
2023-03-09,MASR025K,M,MASR,5.0,0,77.0,3.0
2023-03-09,POP001L12P,P,POP,13026.0,3586,1324.0,1370.0
2023-03-09,POP002L09P,P,POP,558.0,2,145.0,195.0
2023-03-09,POP005L04P,P,POP,215.0,401,111.0,97.0
2023-03-09,POP015K,P,POP,0.0,0,0.0,0.0
2023-03-09,POP500M24P,P,POP,940.0,731,449.0,725.0
2023-03-09,POPF01L12P,P,POPF,170.0,0,51.00000000000001,50.0
2023-03-09,POV001L24P,P,POV,5999.000000000001,685,1114.0,1310.0
2023-03-09,POV002L09P,P,POV,1550.0,0,405.0000000000001,390.0
2023-03-09,POV005L04P,P,POV,462.0,1600,440.0,480.0
2023-03-09,POV500M24P,P,POV,2868.000000000001,1000,451.0,865.0
2023-03-09,SE200G24P,S,SE,100.0,2,147.0,40.0
2023-03-09,SE500G24P,S,SE,1094.0,500,544.0,440.0
2023-03-09,SO0001L12P,S,SO,0.0,0,0.0,0.0
2023-03-09,SO0002L09P,S,SO,0.0,0,0.0,0.0
2023-03-09,SO0005L04P,S,SO,0.0,0,0.0,0.0
2023-03-09,SO0500M24P,S,SO,0.0,0,0.0,0.0
2023-03-09,SOP001L12P,S,SOP,201.0,306,10.0,5.0
2023-03-09,SOS001L12P,S,SOS,22738.1660326087,10563,13115.0,11456.0
2023-03-09,SOS002L09P,S,SOS,14697.33297101451,5046,5625.999999999998,4204.0
2023-03-09,SOS003L04P,S,SOS,3998.000000000004,0,1123.0,136.0
2023-03-09,SOS005L04P,S,SOS,28774.0,10280,15194.0,13126.0
2023-03-09,SOS008L02P,S,SOS,2777.0,2062,470.9999999999999,708.0
2023-03-09,SOS250M48P,S,SOS,474.9999999999999,0,12.0,0.0
2023-03-09,SOS500M24P,S,SOS,8654.999999999989,3571,3510.999999999999,4207.0
2023-03-10,AT5X5K,A,AT,0.0,500,355.0,225.0
2023-03-10,ATN01K24P,A,ATN,0.0,2500,1984.0,1278.958
2023-03-10,ATN02K12P,A,ATN,0.0,505,380.0,71.0
2023-03-10,ATPA1K24P,A,ATPA,0.0,0,0.0,0.0
2023-03-10,ATPPCH5X5K,A,ATPPCH,0.0,0,0.0,0.0
2023-03-10,ATWWP001K24P,A,ATWWP,0.0,0,28.0,50.0
2023-03-10,ATWWP002K12P,A,ATWWP,0.0,0,0.0,0.0
2023-03-10,EEA200G24P,E,EEA,0.0,0,0.0,0.0
2023-03-10,EEA500G12P,E,EEA,0.0,0,0.0,0.0
2023-03-10,MAC1K25P,M,MAC,0.0,0,0.0,0.0
2023-03-10,MAHS025K,M,MAHS,0.0,0,61.0,41.0
2023-03-10,MAP1K25P,M,MAP,0.0,0,0.0,0.0
2023-03-10,MAPA1K24P,M,MAPA,0.0,0,0.0,0.0
2023-03-10,MAR01K24P,M,MAR,0.0,500,602.0,810.0
2023-03-10,MAR02K12P,M,MAR,0.0,0,38.0,0.0
2023-03-10,MASR025K,M,MASR,0.0,0,5.0,5.0
2023-03-10,POP001L12P,P,POP,0.0,1314,500.0,1760.0
2023-03-10,POP002L09P,P,POP,0.0,0,84.0,64.0
2023-03-10,POP005L04P,P,POP,0.0,0,20.0,155.0
2023-03-10,POP015K,P,POP,0.0,0,0.0,0.0
2023-03-10,POP500M24P,P,POP,0.0,0,125.0,445.0
2023-03-10,POPF01L12P,P,POPF,0.0,0,238.0,0.0
2023-03-10,POV001L24P,P,POV,0.0,1736,1873.0,2073.0
2023-03-10,POV002L09P,P,POV,0.0,1103,430.0000000000001,770.0
2023-03-10,POV005L04P,P,POV,0.0,0,390.0,625.0
2023-03-10,POV500M24P,P,POV,0.0,0,1062.0,1529.0
2023-03-10,SE200G24P,S,SE,0.0,0,10.0,25.0
2023-03-10,SE500G24P,S,SE,0.0,300,459.0,221.0
2023-03-10,SO0001L12P,S,SO,0.0,0,0.0,0.0
2023-03-10,SO0002L09P,S,SO,0.0,0,0.0,0.0
2023-03-10,SO0005L04P,S,SO,0.0,0,0.0,0.0
2023-03-10,SO0500M24P,S,SO,0.0,0,0.0,0.0
2023-03-10,SOP001L12P,S,SOP,0.0,0,0.0,5.0
2023-03-10,SOS001L12P,S,SOS,5.0,10799,8548.0,11309.0
2023-03-10,SOS002L09P,S,SOS,20.0,8481,4670.999999999998,6669.0
2023-03-10,SOS003L04P,S,SOS,0.0,0,291.9999999999999,0.0
2023-03-10,SOS005L04P,S,SOS,20.0,11007,10220.0,11438.0
2023-03-10,SOS008L02P,S,SOS,0.0,0,115.0,305.0
2023-03-10,SOS250M48P,S,SOS,0.0,0,0.0,0.0
2023-03-10,SOS500M24P,S,SOS,0.0,2603,3319.0,4671.0
2023-03-11,AT5X5K,A,AT,186.8,0,568.0,525.0
2023-03-11,ATN01K24P,A,ATN,498.167,1000,1658.0,930.0
2023-03-11,ATN02K12P,A,ATN,117.167,502,732.167,225.0
2023-03-11,ATPA1K24P,A,ATPA,0.0,0,0.0,0.0
2023-03-11,ATPPCH5X5K,A,ATPPCH,0.0,0,0.0,0.0
2023-03-11,ATWWP001K24P,A,ATWWP,61.0,0,45.0,8.0
2023-03-11,ATWWP002K12P,A,ATWWP,1.0,0,10.0,0.0
2023-03-11,EEA200G24P,E,EEA,0.0,0,0.0,0.0
2023-03-11,EEA500G12P,E,EEA,0.0,0,0.0,0.0
2023-03-11,MAC1K25P,M,MAC,0.0,0,0.0,0.0
2023-03-11,MAHS025K,M,MAHS,0.0,0,24.0,20.0
2023-03-11,MAP1K25P,M,MAP,0.0,0,0.0,0.0
2023-03-11,MAPA1K24P,M,MAPA,0.0,0,0.0,0.0
2023-03-11,MAR01K24P,M,MAR,310.417,800,731.0,218.0
2023-03-11,MAR02K12P,M,MAR,70.5,0,334.0,100.0
2023-03-11,MASR025K,M,MASR,10.0,113,15.0,200.0
2023-03-11,POP001L12P,P,POP,880.0,4002,5146.0,3102.0
2023-03-11,POP002L09P,P,POP,68.00000000000001,0,100.0,0.0
2023-03-11,POP005L04P,P,POP,53.0,0,157.0,55.0
2023-03-11,POP015K,P,POP,0.0,0,0.0,0.0
2023-03-11,POP500M24P,P,POP,131.0,0,964.0,200.0
2023-03-11,POPF01L12P,P,POPF,0.0,0,229.0,0.0
2023-03-11,POV001L24P,P,POV,490.0,2001,1624.0,934.0
2023-03-11,POV002L09P,P,POV,285.0000000000001,0,488.0000000000001,445.0
2023-03-11,POV005L04P,P,POV,131.0,0,219.0,229.0
2023-03-11,POV500M24P,P,POV,296.0,0,900.0,502.0
2023-03-11,SE200G24P,S,SE,30.0,0,62.03500000000001,15.0
2023-03-11,SE500G24P,S,SE,91.083,500,568.0,499.0
2023-03-11,SO0001L12P,S,SO,0.0,0,0.0,0.0
2023-03-11,SO0002L09P,S,SO,0.0,0,0.0,0.0
2023-03-11,SO0005L04P,S,SO,0.0,0,0.0,0.0
2023-03-11,SO0500M24P,S,SO,0.0,0,0.0,0.0
2023-03-11,SOP001L12P,S,SOP,0.0,0,40.0,0.0
2023-03-11,SOS001L12P,S,SOS,4573.082971014493,8746,11470.16603260869,5698.0
2023-03-11,SOS002L09P,S,SOS,1458.0,6456,5376.999999999998,2765.0
2023-03-11,SOS003L04P,S,SOS,866.4999999999998,3000,2697.0,470.0
2023-03-11,SOS005L04P,S,SOS,4088.75,11652,12028.5,5523.0
2023-03-11,SOS008L02P,S,SOS,132.0,0,245.9999999999999,360.0
2023-03-11,SOS250M48P,S,SOS,10.0,0,12.0,0.0
2023-03-11,SOS500M24P,S,SOS,1353.999999999999,3420,3706.0,2240.0
2023-03-12,AT5X5K,A,AT,690.0,500,438.0,152.0
2023-03-12,ATN01K24P,A,ATN,3098.0,1000,1530.667,1094.0
2023-03-12,ATN02K12P,A,ATN,669.0,205,415.0,935.0
2023-03-12,ATPA1K24P,A,ATPA,0.0,0,0.0,0.0
2023-03-12,ATPPCH5X5K,A,ATPPCH,0.0,0,0.0,0.0
2023-03-12,ATWWP001K24P,A,ATWWP,65.0,0,61.0,9.0
2023-03-12,ATWWP002K12P,A,ATWWP,92.0,0,21.0,40.0
2023-03-12,EEA200G24P,E,EEA,0.0,0,0.0,0.0
2023-03-12,EEA500G12P,E,EEA,0.0,0,0.0,0.0
2023-03-12,MAC1K25P,M,MAC,0.0,0,0.0,0.0
2023-03-12,MAHS025K,M,MAHS,7.0,0,35.0,0.0
2023-03-12,MAP1K25P,M,MAP,0.0,0,0.0,0.0
2023-03-12,MAPA1K24P,M,MAPA,0.0,0,0.0,0.0
2023-03-12,MAR01K24P,M,MAR,1087.0,565,359.0,130.0
2023-03-12,MAR02K12P,M,MAR,113.0,0,131.0,310.0
2023-03-12,MASR025K,M,MASR,210.0,0,18.0,0.0
2023-03-12,POP001L12P,P,POP,6320.000000000002,4928,2482.0,2460.0
2023-03-12,POP002L09P,P,POP,15.0,509,3.0,0.0
2023-03-12,POP005L04P,P,POP,160.0,300,95.0,140.0
2023-03-12,POP015K,P,POP,0.0,0,0.0,0.0
2023-03-12,POP500M24P,P,POP,460.9999999999999,501,243.0,400.0
2023-03-12,POPF01L12P,P,POPF,671.0,352,122.0,150.0
2023-03-12,POV001L24P,P,POV,7042.999999999997,2000,1553.0,1854.0
2023-03-12,POV002L09P,P,POV,15.0,1008,512.0000000000001,589.0
2023-03-12,POV005L04P,P,POV,1345.0,1200,354.0,350.0
2023-03-12,POV500M24P,P,POV,4111.999999999999,1234,1018.0,986.0
2023-03-12,SE200G24P,S,SE,150.0,0,44.0,8.0
2023-03-12,SE500G24P,S,SE,1157.0,520,216.0,300.0
2023-03-12,SO0001L12P,S,SO,0.0,0,0.0,0.0
2023-03-12,SO0002L09P,S,SO,0.0,0,0.0,0.0
2023-03-12,SO0005L04P,S,SO,0.0,0,0.0,0.0
2023-03-12,SO0500M24P,S,SO,0.0,0,0.0,0.0
2023-03-12,SOP001L12P,S,SOP,280.0,300,5.0,0.0
2023-03-12,SOS001L12P,S,SOS,23724.83297101448,16262,9239.082971014492,8455.0
2023-03-12,SOS002L09P,S,SOS,70.0,3500,5850.439975845412,8351.0
2023-03-12,SOS003L04P,S,SOS,3784.000000000004,2000,1551.999999999999,1702.0
2023-03-12,SOS005L04P,S,SOS,25023.99999999999,15000,11336.0,13222.0
2023-03-12,SOS008L02P,S,SOS,1004.0,0,971.0,436.0
2023-03-12,SOS250M48P,S,SOS,515.9999999999998,0,0.0,0.0
2023-03-12,SOS500M24P,S,SOS,8503.99999999999,4538,3222.000000000001,3148.0
2023-03-13,AT5X5K,A,AT,325.0,0,622.8,581.0
2023-03-13,ATN01K24P,A,ATN,2082.0,1060,2035.167,1546.0
2023-03-13,ATN02K12P,A,ATN,118.0,312,426.0,613.0
2023-03-13,ATPA1K24P,A,ATPA,0.0,0,0.0,0.0
2023-03-13,ATPPCH5X5K,A,ATPPCH,0.0,0,0.0,0.0
2023-03-13,ATWWP001K24P,A,ATWWP,16.0,0,62.0,24.0
2023-03-13,ATWWP002K12P,A,ATWWP,21.0,0,54.0,20.0
2023-03-13,EEA200G24P,E,EEA,0.0,0,0.0,0.0
2023-03-13,EEA500G12P,E,EEA,0.0,0,0.0,0.0
2023-03-13,MAC1K25P,M,MAC,70.0,0,0.0,0.0
2023-03-13,MAHS025K,M,MAHS,0.0,0,2.0,20.0
2023-03-13,MAP1K25P,M,MAP,0.0,0,0.0,0.0
2023-03-13,MAPA1K24P,M,MAPA,0.0,0,0.0,0.0
2023-03-13,MAR01K24P,M,MAR,1164.0,0,1080.417,2035.0
2023-03-13,MAR02K12P,M,MAR,15.0,302,149.0,170.0
2023-03-13,MASR025K,M,MASR,0.0,0,80.0,0.0
2023-03-13,POP001L12P,P,POP,5298.0,5702,1167.9999999999998,1580.0
2023-03-13,POP002L09P,P,POP,0.0,502,105.0,293.0
2023-03-13,POP005L04P,P,POP,151.0,0,165.0,150.0
2023-03-13,POP015K,P,POP,0.0,0,0.0,0.0
2023-03-13,POP500M24P,P,POP,413.0,500,346.0,210.0
2023-03-13,POPF01L12P,P,POPF,220.0,834,307.0000000000001,170.0
2023-03-13,POV001L24P,P,POV,3819.999999999999,2838,2191.0,1817.0
2023-03-13,POV002L09P,P,POV,0.0,1503,245.0,330.0
2023-03-13,POV005L04P,P,POV,909.0000000000002,0,523.0,518.0
2023-03-13,POV500M24P,P,POV,2129.0,1100,1002.0,655.0
2023-03-13,SE200G24P,S,SE,75.0,300,25.965,0.0
2023-03-13,SE500G24P,S,SE,699.0,0,623.583,971.0
2023-03-13,SO0001L12P,S,SO,0.0,0,0.0,0.0
2023-03-13,SO0002L09P,S,SO,0.0,0,0.0,0.0
2023-03-13,SO0005L04P,S,SO,0.0,0,0.0,0.0
2023-03-13,SO0500M24P,S,SO,0.0,0,0.0,0.0
2023-03-13,SOP001L12P,S,SOP,49.99999999999999,300,28.0,15.0
2023-03-13,SOS001L12P,S,SOS,15445.0,10740,16336.24592391304,14997.0
2023-03-13,SOS002L09P,S,SOS,127.7769927536232,2001,4081.892995169082,5171.0
2023-03-13,SOS003L04P,S,SOS,2056.000000000002,3027,2871.0,3072.0
2023-03-13,SOS005L04P,S,SOS,15070.0,18000,18111.75,14701.0
2023-03-13,SOS008L02P,S,SOS,460.0000000000001,0,827.0000000000001,1927.0
2023-03-13,SOS250M48P,S,SOS,21.0,0,0.0,0.0
2023-03-13,SOS500M24P,S,SOS,5258.000000000001,2007,5305.000000000004,3530.0
2023-03-14,AT5X5K,A,AT,403.0,0,597.0,370.0
2023-03-14,ATN01K24P,A,ATN,2081.0,2000,1587.0,1690.0
2023-03-14,ATN02K12P,A,ATN,428.5,500,496.0,366.0
2023-03-14,ATPA1K24P,A,ATPA,0.0,0,0.0,0.0
2023-03-14,ATPPCH5X5K,A,ATPPCH,0.0,0,0.0,0.0
2023-03-14,ATWWP001K24P,A,ATWWP,16.0,0,28.0,31.0
2023-03-14,ATWWP002K12P,A,ATWWP,7.0,0,15.0,0.0
2023-03-14,EEA200G24P,E,EEA,0.0,0,0.0,0.0
2023-03-14,EEA500G12P,E,EEA,0.0,0,0.0,0.0
2023-03-14,MAC1K25P,M,MAC,0.0,0,25.0,0.0
2023-03-14,MAHS025K,M,MAHS,200.0,0,20.0,0.0
2023-03-14,MAP1K25P,M,MAP,0.0,0,0.0,0.0
2023-03-14,MAPA1K24P,M,MAPA,0.0,0,0.0,0.0
2023-03-14,MAR01K24P,M,MAR,1031.0,500,980.0,860.0
2023-03-14,MAR02K12P,M,MAR,42.0,200,101.0,120.0
2023-03-14,MASR025K,M,MASR,178.0,0,73.0,5.0
2023-03-14,POP001L12P,P,POP,3470.0,2306,2134.0000000000005,2930.0
2023-03-14,POP002L09P,P,POP,37.0,505,189.0,169.0
2023-03-14,POP005L04P,P,POP,100.0,300,161.0,165.0
2023-03-14,POP015K,P,POP,0.0,0,0.0,0.0
2023-03-14,POP500M24P,P,POP,465.0,501,394.9999999999999,250.0
2023-03-14,POPF01L12P,P,POPF,725.0,0,285.0,305.0
2023-03-14,POV001L24P,P,POV,3325.0,4281,3573.0,3747.0
2023-03-14,POV002L09P,P,POV,58.0,1936,812.0,830.0
2023-03-14,POV005L04P,P,POV,688.0,1500,1379.0,1427.0
2023-03-14,POV500M24P,P,POV,1445.0,3000,1901.0,1998.0
2023-03-14,SE200G24P,S,SE,60.0,0,8.0,155.0
2023-03-14,SE500G24P,S,SE,692.0,32,532.5,537.0
2023-03-14,SO0001L12P,S,SO,0.0,0,0.0,0.0
2023-03-14,SO0002L09P,S,SO,0.0,0,0.0,0.0
2023-03-14,SO0005L04P,S,SO,0.0,0,0.0,0.0
2023-03-14,SO0500M24P,S,SO,0.0,0,0.0,0.0
2023-03-14,SOP001L12P,S,SOP,49.99999999999999,637,55.99999999999999,100.0
2023-03-14,SOS001L12P,S,SOS,11965.66702898551,16872,11984.00000000001,13531.0
2023-03-14,SOS002L09P,S,SOS,131.0,2012,1573.555012077294,851.0
2023-03-14,SOS003L04P,S,SOS,3172.0,3009,3076.500000000001,2819.0
2023-03-14,SOS005L04P,S,SOS,16018.99999999999,11613,18516.99999999999,18719.0
2023-03-14,SOS008L02P,S,SOS,626.0,0,379.0000000000001,605.0
2023-03-14,SOS250M48P,S,SOS,154.0,0,0.0,0.0
2023-03-14,SOS500M24P,S,SOS,4970.0,2509,5149.0,4094.0
2023-03-15,AT5X5K,A,AT,50.0,500,477.0,340.0
2023-03-15,ATN01K24P,A,ATN,1760.0,2100,2015.0,3084.0
2023-03-15,ATN02K12P,A,ATN,386.25,300,331.677,0.0
2023-03-15,ATPA1K24P,A,ATPA,0.0,0,0.0,0.0
2023-03-15,ATPPCH5X5K,A,ATPPCH,0.0,0,0.0,0.0
2023-03-15,ATWWP001K24P,A,ATWWP,4.0,0,33.0,0.0
2023-03-15,ATWWP002K12P,A,ATWWP,0.0,0,0.0,0.0
2023-03-15,EEA200G24P,E,EEA,0.0,0,0.0,0.0
2023-03-15,EEA500G12P,E,EEA,0.0,0,0.0,0.0
2023-03-15,MAC1K25P,M,MAC,0.0,0,0.0,0.0
2023-03-15,MAHS025K,M,MAHS,0.0,0,0.0,0.0
2023-03-15,MAP1K25P,M,MAP,0.0,0,0.0,0.0
2023-03-15,MAPA1K24P,M,MAPA,0.0,0,0.0,0.0
2023-03-15,MAR01K24P,M,MAR,577.25,1300,889.958,215.0
2023-03-15,MAR02K12P,M,MAR,30.0,0,155.0,0.0
2023-03-15,MASR025K,M,MASR,107.0,100,98.0,73.0
2023-03-15,POP001L12P,P,POP,1370.0,606,4170.0,5070.0
2023-03-15,POP002L09P,P,POP,24.0,304,66.00000000000001,230.0
2023-03-15,POP005L04P,P,POP,81.0,201,46.00000000000001,20.0
2023-03-15,POP015K,P,POP,0.0,0,0.0,0.0
2023-03-15,POP500M24P,P,POP,435.0000000000001,0,155.0,390.0
2023-03-15,POPF01L12P,P,POPF,95.0,1014,188.0,155.0
2023-03-15,POV001L24P,P,POV,2016.0,5631,4748.0,4940.0
2023-03-15,POV002L09P,P,POV,100.0,480,773.0,645.0
2023-03-15,POV005L04P,P,POV,509.0000000000001,941,626.9999999999999,562.0
2023-03-15,POV500M24P,P,POV,816.0,3137,1607.0,1768.0
2023-03-15,SE200G24P,S,SE,55.0,0,130.0,145.0
2023-03-15,SE500G24P,S,SE,457.166,1200,816.0,40.0
2023-03-15,SO0001L12P,S,SO,0.0,0,0.0,0.0
2023-03-15,SO0002L09P,S,SO,0.0,0,0.0,0.0
2023-03-15,SO0005L04P,S,SO,0.0,0,0.0,0.0
2023-03-15,SO0500M24P,S,SO,0.0,0,0.0,0.0
2023-03-15,SOP001L12P,S,SOP,300.9999999999999,339,25.58297101449275,27.0
2023-03-15,SOS001L12P,S,SOS,9777.67300724638,10320,13404.84003623188,17711.0
2023-03-15,SOS002L09P,S,SOS,721.3329710144927,10474,733.9999999999999,1970.0
2023-03-15,SOS003L04P,S,SOS,2043.000000000001,3272,2584.0,3474.0
2023-03-15,SOS005L04P,S,SOS,10378.75,14797,13646.0,17198.0
2023-03-15,SOS008L02P,S,SOS,410.0000000000001,0,482.4999999999999,305.0
2023-03-15,SOS250M48P,S,SOS,128.0,0,0.0,0.0
2023-03-15,SOS500M24P,S,SOS,3844.999999999999,3856,4488.000000000001,4887.0
2023-03-16,AT5X5K,A,AT,127.4,500,125.0,0.0
2023-03-16,ATN01K24P,A,ATN,2064.749,2000,1740.0,1835.0
2023-03-16,ATN02K12P,A,ATN,412.75,600,218.5,790.0
2023-03-16,ATPA1K24P,A,ATPA,0.0,0,0.0,0.0
2023-03-16,ATPPCH5X5K,A,ATPPCH,0.0,0,0.0,0.0
2023-03-16,ATWWP001K24P,A,ATWWP,96.0,0,11.0,20.0
2023-03-16,ATWWP002K12P,A,ATWWP,11.083,0,19.0,80.0
2023-03-16,EEA200G24P,E,EEA,0.0,0,0.0,0.0
2023-03-16,EEA500G12P,E,EEA,0.0,0,0.0,0.0
2023-03-16,MAC1K25P,M,MAC,0.0,0,0.0,0.0
2023-03-16,MAHS025K,M,MAHS,200.0,500,0.0,500.0
2023-03-16,MAP1K25P,M,MAP,0.0,0,0.0,0.0
2023-03-16,MAPA1K24P,M,MAPA,0.0,0,0.0,0.0
2023-03-16,MAR01K24P,M,MAR,1078.292,1090,553.0,1015.0
2023-03-16,MAR02K12P,M,MAR,173.0,199,150.0,250.0
2023-03-16,MASR025K,M,MASR,4.0,0,106.0,260.0
2023-03-16,POP001L12P,P,POP,4506.0,3814,4464.0,5074.0
2023-03-16,POP002L09P,P,POP,283.0000000000001,0,140.0,435.0
2023-03-16,POP005L04P,P,POP,420.0,205,167.0,280.0
2023-03-16,POP015K,P,POP,0.0,0,0.0,0.0
2023-03-16,POP500M24P,P,POP,716.0,0,542.0,560.0
2023-03-16,POPF01L12P,P,POPF,510.0,138,410.0,430.0
2023-03-16,POV001L24P,P,POV,3218.0,2052,4700.0,5063.0
2023-03-16,POV002L09P,P,POV,2187.0,0,290.0,465.0
2023-03-16,POV005L04P,P,POV,625.0,1000,855.0,1212.0
2023-03-16,POV500M24P,P,POV,1469.0,852,2790.0,2988.0
2023-03-16,SE200G24P,S,SE,35.0,0,15.0,0.0
2023-03-16,SE500G24P,S,SE,283.667,700,354.0,820.0
2023-03-16,SO0001L12P,S,SO,0.0,0,0.0,0.0
2023-03-16,SO0002L09P,S,SO,0.0,0,0.0,0.0
2023-03-16,SO0005L04P,S,SO,0.0,0,0.0,0.0
2023-03-16,SO0500M24P,S,SO,0.0,0,0.0,0.0
2023-03-16,SOP001L12P,S,SOP,27.0,0,651.9999999999999,660.0
2023-03-16,SOS001L12P,S,SOS,18418.25597826087,13000,14697.66702898551,14961.0
2023-03-16,SOS002L09P,S,SOS,12510.67198067632,17541,1575.0,10415.0
2023-03-16,SOS003L04P,S,SOS,2726.250000000003,6410,3112.000000000001,2814.0
2023-03-16,SOS005L04P,S,SOS,16046.75,16000,18147.0,17192.0
2023-03-16,SOS008L02P,S,SOS,273.4999999999999,0,573.0000000000001,617.0
2023-03-16,SOS250M48P,S,SOS,247.0,0,0.0,0.0
2023-03-16,SOS500M24P,S,SOS,4490.000000000005,4658,5864.000000000001,4846.0
2023-03-17,AT5X5K,A,AT,0.0,300,128.4,90.0
2023-03-17,ATN01K24P,A,ATN,0.0,2500,1058.749,751.0
2023-03-17,ATN02K12P,A,ATN,0.0,400,205.75,210.0
2023-03-17,ATPA1K24P,A,ATPA,0.0,0,0.0,0.0
2023-03-17,ATPPCH5X5K,A,ATPPCH,0.0,0,0.0,0.0
2023-03-17,ATWWP001K24P,A,ATWWP,0.0,0,44.0,8.0
2023-03-17,ATWWP002K12P,A,ATWWP,0.0,0,1.083,0.0
2023-03-17,EEA200G24P,E,EEA,0.0,0,0.0,0.0
2023-03-17,EEA500G12P,E,EEA,0.0,0,0.0,0.0
2023-03-17,MAC1K25P,M,MAC,0.0,0,0.0,0.0
2023-03-17,MAHS025K,M,MAHS,0.0,200,0.0,0.0
2023-03-17,MAP1K25P,M,MAP,0.0,0,0.0,0.0
2023-03-17,MAPA1K24P,M,MAPA,0.0,0,0.0,0.0
2023-03-17,MAR01K24P,M,MAR,0.0,500,582.292,630.0
2023-03-17,MAR02K12P,M,MAR,0.0,200,2.0,70.0
2023-03-17,MASR025K,M,MASR,0.0,0,0.0,0.0
2023-03-17,POP001L12P,P,POP,0.0,1382,3292.0,2896.0
2023-03-17,POP002L09P,P,POP,0.0,0,118.0,242.0
2023-03-17,POP005L04P,P,POP,0.0,0,210.0,300.0
2023-03-17,POP015K,P,POP,0.0,0,0.0,0.0
2023-03-17,POP500M24P,P,POP,0.0,501,375.0,430.0
2023-03-17,POPF01L12P,P,POPF,0.0,0,60.00000000000001,60.0
2023-03-17,POV001L24P,P,POV,0.0,2786,3023.0,3171.0
2023-03-17,POV002L09P,P,POV,0.0,0,917.0,860.0
2023-03-17,POV005L04P,P,POV,0.0,0,828.0,915.0
2023-03-17,POV500M24P,P,POV,0.0,1508,1522.0,1491.0
2023-03-17,SE200G24P,S,SE,0.0,0,50.0,0.0
2023-03-17,SE500G24P,S,SE,0.0,700,270.667,620.0
2023-03-17,SO0001L12P,S,SO,0.0,0,0.0,0.0
2023-03-17,SO0002L09P,S,SO,0.0,0,0.0,0.0
2023-03-17,SO0005L04P,S,SO,0.0,0,0.0,0.0
2023-03-17,SO0500M24P,S,SO,0.0,0,0.0,0.0
2023-03-17,SOP001L12P,S,SOP,0.0,0,20.0,10.0
2023-03-17,SOS001L12P,S,SOS,0.0,11625,11558.99891304348,12680.0
2023-03-17,SOS002L09P,S,SOS,0.0,6780,5359.221980676328,12104.0
2023-03-17,SOS003L04P,S,SOS,0.0,3435,1724.249999999999,1648.0
2023-03-17,SOS005L04P,S,SOS,0.0,12618,9895.75,12662.0
2023-03-17,SOS008L02P,S,SOS,0.0,0,229.5,270.0
2023-03-17,SOS250M48P,S,SOS,0.0,0,0.0,0.0
2023-03-17,SOS500M24P,S,SOS,0.0,6000,2589.0,1773.0
2023-03-18,AT5X5K,A,AT,10.0,0,1024.0,960.0
2023-03-18,ATN01K24P,A,ATN,281.333,0,1231.0,813.0
2023-03-18,ATN02K12P,A,ATN,239.0,57,342.25,150.0
2023-03-18,ATPA1K24P,A,ATPA,0.0,0,0.0,0.0
2023-03-18,ATPPCH5X5K,A,ATPPCH,0.0,0,0.0,0.0
2023-03-18,ATWWP001K24P,A,ATWWP,10.0,0,42.0,3.0
2023-03-18,ATWWP002K12P,A,ATWWP,6.0,0,0.0,0.0
2023-03-18,EEA200G24P,E,EEA,0.0,0,0.0,0.0
2023-03-18,EEA500G12P,E,EEA,0.0,0,0.0,0.0
2023-03-18,MAC1K25P,M,MAC,0.0,0,0.0,0.0
2023-03-18,MAHS025K,M,MAHS,0.0,79,200.0,221.0
2023-03-18,MAP1K25P,M,MAP,0.0,0,0.0,0.0
2023-03-18,MAPA1K24P,M,MAPA,0.0,0,0.0,0.0
2023-03-18,MAR01K24P,M,MAR,374.292,36,561.292,587.0
2023-03-18,MAR02K12P,M,MAR,86.0,0,138.0,300.0
2023-03-18,MASR025K,M,MASR,160.0,0,54.0,0.0
2023-03-18,POP001L12P,P,POP,110.0,4172,2868.000000000001,1500.0
2023-03-18,POP002L09P,P,POP,0.0,408,261.0000000000001,285.0
2023-03-18,POP005L04P,P,POP,0.0,0,214.0,35.0
2023-03-18,POP015K,P,POP,0.0,0,0.0,0.0
2023-03-18,POP500M24P,P,POP,29.0,0,399.9999999999999,600.0
2023-03-18,POPF01L12P,P,POPF,0.0,0,565.0000000000001,555.0
2023-03-18,POV001L24P,P,POV,542.0,2507,2139.0,1439.0
2023-03-18,POV002L09P,P,POV,354.0000000000001,1502,1001.0,1059.0
2023-03-18,POV005L04P,P,POV,185.0,800,335.0,250.0
2023-03-18,POV500M24P,P,POV,158.0,1966,1382.0,1107.0
2023-03-18,SE200G24P,S,SE,10.0,300,85.0,80.0
2023-03-18,SE500G24P,S,SE,269.166,0,343.166,630.0
2023-03-18,SO0001L12P,S,SO,0.0,0,0.0,0.0
2023-03-18,SO0002L09P,S,SO,0.0,0,0.0,0.0
2023-03-18,SO0005L04P,S,SO,0.0,0,0.0,0.0
2023-03-18,SO0500M24P,S,SO,0.0,0,0.0,0.0
2023-03-18,SOP001L12P,S,SOP,0.3329710144927536,0,65.00099637681159,50.0
2023-03-18,SOS001L12P,S,SOS,1589.5,8504,9461.09003623189,8537.0
2023-03-18,SOS002L09P,S,SOS,2194.441002415459,9234,4703.22095410628,12052.0
2023-03-18,SOS003L04P,S,SOS,378.0000000000001,4028,1770.0,1928.0
2023-03-18,SOS005L04P,S,SOS,3834.25,10501,9540.750000000002,9910.0
2023-03-18,SOS008L02P,S,SOS,242.4999999999999,0,94.0,65.0
2023-03-18,SOS250M48P,S,SOS,0.0,0,0.0,0.0
2023-03-18,SOS500M24P,S,SOS,703.9999999999997,3008,2736.000000000002,3168.0
2023-03-19,AT5X5K,A,AT,249.0,0,80.0,70.0
2023-03-19,ATN01K24P,A,ATN,2297.167,0,782.167,1325.0
2023-03-19,ATN02K12P,A,ATN,213.0,3,158.0,20.0
2023-03-19,ATPA1K24P,A,ATPA,0.0,0,0.0,0.0
2023-03-19,ATPPCH5X5K,A,ATPPCH,0.0,0,0.0,0.0
2023-03-19,ATWWP001K24P,A,ATWWP,162.082,0,23.0,3.0
2023-03-19,ATWWP002K12P,A,ATWWP,54.08333333333334,0,7.0,0.0
2023-03-19,EEA200G24P,E,EEA,0.0,0,0.0,0.0
2023-03-19,EEA500G12P,E,EEA,0.0,0,0.0,0.0
2023-03-19,MAC1K25P,M,MAC,0.0,0,0.0,0.0
2023-03-19,MAHS025K,M,MAHS,10.0,127,246.0,181.0
2023-03-19,MAP1K25P,M,MAP,15.0,0,0.0,0.0
2023-03-19,MAPA1K24P,M,MAPA,0.0,0,0.0,0.0
2023-03-19,MAR01K24P,M,MAR,1067.417,1500,953.417,1910.0
2023-03-19,MAR02K12P,M,MAR,97.0,143,186.0,50.0
2023-03-19,MASR025K,M,MASR,285.0,2,45.0,15.0
2023-03-19,POP001L12P,P,POP,6474.0,6120,2408.0,4060.0
2023-03-19,POP002L09P,P,POP,421.0000000000001,0,197.0,206.0
2023-03-19,POP005L04P,P,POP,262.0000000000001,0,61.00000000000001,88.0
2023-03-19,POP015K,P,POP,0.0,0,0.0,0.0
2023-03-19,POP500M24P,P,POP,552.9999999999999,504,133.0,270.0
2023-03-19,POPF01L12P,P,POPF,970.0,602,32.0,200.0
2023-03-19,POV001L24P,P,POV,5633.999999999998,3000,2050.0,2718.0
2023-03-19,POV002L09P,P,POV,2638.999999999999,0,605.0,702.0
2023-03-19,POV005L04P,P,POV,1102.0,0,400.0,340.0
2023-03-19,POV500M24P,P,POV,3023.000000000001,2001,962.9999999999998,1340.0
2023-03-19,SE200G24P,S,SE,15.0,0,5.0,40.0
2023-03-19,SE500G24P,S,SE,666.0,200,638.0,347.0
2023-03-19,SO0001L12P,S,SO,20.0,0,0.0,0.0
2023-03-19,SO0002L09P,S,SO,14.0,0,0.0,0.0
2023-03-19,SO0005L04P,S,SO,0.0,0,0.0,0.0
2023-03-19,SO0500M24P,S,SO,0.0,0,0.0,0.0
2023-03-19,SOP001L12P,S,SOP,91.0,0,100.0,220.0
2023-03-19,SOS001L12P,S,SOS,23080.34003623187,13655,4590.000000000001,8501.0
2023-03-19,SOS002L09P,S,SOS,20880.8899758454,14408,3908.889975845409,8200.0
2023-03-19,SOS003L04P,S,SOS,3756.000000000002,2035,1060.0,4065.0
2023-03-19,SOS005L04P,S,SOS,24302.0,15046,7632.749999999999,8242.0
2023-03-19,SOS008L02P,S,SOS,912.0,0,650.9999999999999,50.0
2023-03-19,SOS250M48P,S,SOS,272.9999999999999,0,0.0,0.0
2023-03-19,SOS500M24P,S,SOS,8002.99999999999,4007,1383.0,5280.0
2023-03-20,AT5X5K,A,AT,140.0,0,199.0,0.0
2023-03-20,ATN01K24P,A,ATN,2199.666,0,1515.0,0.0
2023-03-20,ATN02K12P,A,ATN,1161.0,435,424.0,250.0
2023-03-20,ATPA1K24P,A,ATPA,0.0,0,0.0,0.0
2023-03-20,ATPPCH5X5K,A,ATPPCH,0.0,0,0.0,0.0
2023-03-20,ATWWP001K24P,A,ATWWP,87.58333333333333,0,46.0,134.0
2023-03-20,ATWWP002K12P,A,ATWWP,16.41666666666667,0,12.0,0.0
2023-03-20,EEA200G24P,E,EEA,0.0,0,0.0,0.0
2023-03-20,EEA500G12P,E,EEA,0.0,0,0.0,0.0
2023-03-20,MAC1K25P,M,MAC,0.0,0,0.0,0.0
2023-03-20,MAHS025K,M,MAHS,0.0,0,0.0,0.0
2023-03-20,MAP1K25P,M,MAP,0.0,0,0.0,0.0
2023-03-20,MAPA1K24P,M,MAPA,0.0,0,0.0,0.0
2023-03-20,MAR01K24P,M,MAR,998.0,925,359.0,0.0
2023-03-20,MAR02K12P,M,MAR,421.0,100,50.0,0.0
2023-03-20,MASR025K,M,MASR,0.0,100,58.0,80.0
2023-03-20,POP001L12P,P,POP,7482.0,5020,2628.0,4140.0
2023-03-20,POP002L09P,P,POP,514.0,0,311.0000000000001,126.0
2023-03-20,POP005L04P,P,POP,402.0,300,155.0,88.0
2023-03-20,POP015K,P,POP,0.0,0,0.0,0.0
2023-03-20,POP500M24P,P,POP,474.0,1003,328.0,351.0
2023-03-20,POPF01L12P,P,POPF,630.0,403,116.0,170.0
2023-03-20,POV001L24P,P,POV,3471.0,5504,2831.0,2512.0
2023-03-20,POV002L09P,P,POV,1774.0,0,1092.0,1175.0
2023-03-20,POV005L04P,P,POV,972.0,700,536.0000000000001,381.0
2023-03-20,POV500M24P,P,POV,1943.0,2000,1563.0,1470.0
2023-03-20,SE200G24P,S,SE,263.0000000000001,200,35.0,0.0
2023-03-20,SE500G24P,S,SE,878.0,500,465.333,0.0
2023-03-20,SO0001L12P,S,SO,3.0,0,0.1309782608695652,0.0
2023-03-20,SO0002L09P,S,SO,0.9999999999999998,0,0.1379830917874396,0.0
2023-03-20,SO0005L04P,S,SO,0.9999999999999998,0,0.4999999999999999,0.0
2023-03-20,SO0500M24P,S,SO,1.0,0,0.1220108695652174,0.0
2023-03-20,SOP001L12P,S,SOP,509.9999999999999,0,323.0,560.0
2023-03-20,SOS001L12P,S,SOS,14641.99900362318,10182,14743.67001811594,13067.0
2023-03-20,SOS002L09P,S,SOS,13414.0,13232,12687.33001207729,12991.0
2023-03-20,SOS003L04P,S,SOS,2318.000000000001,0,2891.0,2398.0
2023-03-20,SOS005L04P,S,SOS,14808.0,10189,14513.25,12679.0
2023-03-20,SOS008L02P,S,SOS,443.0000000000001,2026,143.9999999999999,793.0
2023-03-20,SOS250M48P,S,SOS,178.0,1174,30.0,30.0
2023-03-20,SOS500M24P,S,SOS,4109.999999999999,2010,4287.000000000002,3452.0
2023-03-21,AT5X5K,A,AT,182.0,0,35.0,100.0
2023-03-21,ATN01K24P,A,ATN,1451.583,1025,1829.0,1415.0
2023-03-21,ATN02K12P,A,ATN,190.0,500,373.0,450.0
2023-03-21,ATPA1K24P,A,ATPA,0.0,0,0.0,0.0
2023-03-21,ATPPCH5X5K,A,ATPPCH,0.0,0,0.0,0.0
2023-03-21,ATWWP001K24P,A,ATWWP,23.66666666666667,0,84.0,148.0
2023-03-21,ATWWP002K12P,A,ATWWP,10.0,0,36.0,0.0
2023-03-21,EEA200G24P,E,EEA,0.0,0,0.0,0.0
2023-03-21,EEA500G12P,E,EEA,0.0,0,0.0,0.0
2023-03-21,MAC1K25P,M,MAC,0.0,0,0.0,0.0
2023-03-21,MAHS025K,M,MAHS,40.0,0,0.0,0.0
2023-03-21,MAP1K25P,M,MAP,0.0,0,0.0,0.0
2023-03-21,MAPA1K24P,M,MAPA,0.0,0,0.0,0.0
2023-03-21,MAR01K24P,M,MAR,859.25,0,1136.0,475.0
2023-03-21,MAR02K12P,M,MAR,15.0,200,70.0,20.0
2023-03-21,MASR025K,M,MASR,0.0,70,0.0,80.0
2023-03-21,POP001L12P,P,POP,3096.0,6478,7526.0,6230.0
2023-03-21,POP002L09P,P,POP,300.0,505,271.0,252.0
2023-03-21,POP005L04P,P,POP,150.0,300,233.0,230.0
2023-03-21,POP015K,P,POP,0.0,0,0.0,0.0
2023-03-21,POP500M24P,P,POP,499.0,0,620.0,595.0
2023-03-21,POPF01L12P,P,POPF,200.0,300,813.9999999999999,650.0
2023-03-21,POV001L24P,P,POV,2267.0,3369,3661.0,4415.0
2023-03-21,POV002L09P,P,POV,1372.0,3501,1638.0,1905.0
2023-03-21,POV005L04P,P,POV,1340.0,700,789.0,915.0
2023-03-21,POV500M24P,P,POV,1184.0,0,1557.0,1661.0
2023-03-21,SE200G24P,S,SE,114.0,0,66.0,0.0
2023-03-21,SE500G24P,S,SE,432.5,200,604.0,540.0
2023-03-21,SO0001L12P,S,SO,0.0,0,0.0,0.0
2023-03-21,SO0002L09P,S,SO,0.0,0,0.0,0.0
2023-03-21,SO0005L04P,S,SO,0.0,0,0.0,0.0
2023-03-21,SO0500M24P,S,SO,0.0,0,0.0,0.0
2023-03-21,SOP001L12P,S,SOP,280.0,0,130.0,30.0
2023-03-21,SOS001L12P,S,SOS,9256.079981884057,14503,14626.83605072463,16647.0
2023-03-21,SOS002L09P,S,SOS,8728.439975845415,10510,12095.0,15733.0
2023-03-21,SOS003L04P,S,SOS,1762.0,0,2208.000000000001,2669.0
2023-03-21,SOS005L04P,S,SOS,10881.0,11008,13566.0,18360.0
2023-03-21,SOS008L02P,S,SOS,240.0,5000,699.0000000000002,564.0
2023-03-21,SOS250M48P,S,SOS,150.0,5000,662.9999999999998,1522.0
2023-03-21,SOS500M24P,S,SOS,4129.167028985509,0,4903.000000000001,2811.0
2023-03-22,AT5X5K,A,AT,577.0,0,105.0,205.0
2023-03-22,ATN01K24P,A,ATN,900.083,1500,1696.584,1975.0
2023-03-22,ATN02K12P,A,ATN,216.0,500,145.0,10.0
2023-03-22,ATPA1K24P,A,ATPA,0.0,0,0.0,0.0
2023-03-22,ATPPCH5X5K,A,ATPPCH,0.0,0,0.0,0.0
2023-03-22,ATWWP001K24P,A,ATWWP,20.58333333333333,0,56.69600000000001,60.0
2023-03-22,ATWWP002K12P,A,ATWWP,0.0,0,27.249,0.0
2023-03-22,EEA200G24P,E,EEA,0.0,0,0.0,0.0
2023-03-22,EEA500G12P,E,EEA,0.0,0,0.0,0.0
2023-03-22,MAC1K25P,M,MAC,0.0,0,0.0,0.0
2023-03-22,MAHS025K,M,MAHS,0.0,0,0.0,0.0
2023-03-22,MAP1K25P,M,MAP,0.0,0,0.0,0.0
2023-03-22,MAPA1K24P,M,MAPA,0.0,0,0.0,0.0
2023-03-22,MAR01K24P,M,MAR,334.083,1117,746.542,1460.0
2023-03-22,MAR02K12P,M,MAR,25.0,206,77.0,50.0
2023-03-22,MASR025K,M,MASR,80.0,100,185.0,0.0
2023-03-22,POP001L12P,P,POP,2920.0000000000005,7604,7660.0,6884.0
2023-03-22,POP002L09P,P,POP,144.0,505,611.0,400.0
2023-03-22,POP005L04P,P,POP,100.0,500,233.0,330.0
2023-03-22,POP015K,P,POP,0.0,0,0.0,0.0
2023-03-22,POP500M24P,P,POP,321.0000000000001,0,601.0,400.0
2023-03-22,POPF01L12P,P,POPF,21.0,328,473.0,450.0
2023-03-22,POV001L24P,P,POV,1980.0,3933,3397.0,4290.0
2023-03-22,POV002L09P,P,POV,1357.0,951,1830.0,1780.0
2023-03-22,POV005L04P,P,POV,952.0,200,933.0,980.0
2023-03-22,POV500M24P,P,POV,903.9999999999995,0,1503.0,1638.0
2023-03-22,SE200G24P,S,SE,50.0,0,34.0,299.0
2023-03-22,SE500G24P,S,SE,386.0,780,301.666,895.0
2023-03-22,SO0001L12P,S,SO,0.0,0,0.0,0.0
2023-03-22,SO0002L09P,S,SO,0.0,0,0.0,0.0
2023-03-22,SO0005L04P,S,SO,0.0,0,0.0,0.0
2023-03-22,SO0500M24P,S,SO,0.0,0,0.0,0.0
2023-03-22,SOP001L12P,S,SOP,14.0,211,264.0,130.0
2023-03-22,SOS001L12P,S,SOS,12263.99999999999,12014,11893.57998188406,12299.0
2023-03-22,SOS002L09P,S,SOS,10378.1100241546,10737,13787.77699275362,11962.0
2023-03-22,SOS003L04P,S,SOS,2431.000000000002,1252,2242.0,1716.0
2023-03-22,SOS005L04P,S,SOS,14527.0,12609,15609.25,11148.0
2023-03-22,SOS008L02P,S,SOS,376.9999999999999,2014,569.5,647.0
2023-03-22,SOS250M48P,S,SOS,135.0,2788,637.9999999999998,1373.0
2023-03-22,SOS500M24P,S,SOS,4572.0,4369,2820.167028985507,379.0
2023-03-23,AT5X5K,A,AT,70.0,0,553.0,540.0
2023-03-23,ATN01K24P,A,ATN,2678.583,2000,893.665,1095.0
2023-03-23,ATN02K12P,A,ATN,130.0,500,201.0,155.0
2023-03-23,ATPA1K24P,A,ATPA,0.0,0,0.0,0.0
2023-03-23,ATPPCH5X5K,A,ATPPCH,0.0,0,0.0,0.0
2023-03-23,ATWWP001K24P,A,ATWWP,5.416666666666667,0,38.0,90.0
2023-03-23,ATWWP002K12P,A,ATWWP,0.0,0,0.0,0.0
2023-03-23,EEA200G24P,E,EEA,0.0,0,0.0,0.0
2023-03-23,EEA500G12P,E,EEA,0.0,0,0.0,0.0
2023-03-23,MAC1K25P,M,MAC,0.0,70,0.0,70.0
2023-03-23,MAHS025K,M,MAHS,15.0,40,0.0,50.0
2023-03-23,MAP1K25P,M,MAP,0.0,0,0.0,0.0
2023-03-23,MAPA1K24P,M,MAPA,0.0,0,0.0,0.0
2023-03-23,MAR01K24P,M,MAR,1803.833,1010,376.0,145.0
2023-03-23,MAR02K12P,M,MAR,56.0,12,47.0,50.0
2023-03-23,MASR025K,M,MASR,204.0,0,40.0,140.0
2023-03-23,POP001L12P,P,POP,4190.0,8596,3502.0,4218.0
2023-03-23,POP002L09P,P,POP,75.0,500,167.0029914529915,265.0
2023-03-23,POP005L04P,P,POP,40.0,220,145.0,139.0
2023-03-23,POP015K,P,POP,0.0,0,0.0,0.0
2023-03-23,POP500M24P,P,POP,185.0,1000,275.9999999999999,62.0
2023-03-23,POPF01L12P,P,POPF,105.0,627,86.0,70.0
2023-03-23,POV001L24P,P,POV,5663.999999999999,3377,1555.0,2085.0
2023-03-23,POV002L09P,P,POV,2171.000000000001,1500,855.0,695.0
2023-03-23,POV005L04P,P,POV,1500.0,1300,315.0,180.0
2023-03-23,POV500M24P,P,POV,2453.0,3004,659.0000000000001,784.0
2023-03-23,SE200G24P,S,SE,60.0,0,41.00000000000001,81.0
2023-03-23,SE500G24P,S,SE,611.0,500,247.0,460.0
2023-03-23,SO0001L12P,S,SO,0.0,0,0.0,0.0
2023-03-23,SO0002L09P,S,SO,0.0,0,0.0,0.0
2023-03-23,SO0005L04P,S,SO,0.0,0,0.0,0.0
2023-03-23,SO0500M24P,S,SO,0.0,0,0.0,0.0
2023-03-23,SOP001L12P,S,SOP,5.999999999999999,233,69.99999999999999,90.0
2023-03-23,SOS001L12P,S,SOS,16164.5829710145,12386,12582.0,13036.0
2023-03-23,SOS002L09P,S,SOS,13366.77693236715,12797,10779.44196859903,11076.44
2023-03-23,SOS003L04P,S,SOS,2796.000000000001,2572,1708.0,1320.0
2023-03-23,SOS005L04P,S,SOS,17232.5,16551,13002.0,12569.0
2023-03-23,SOS008L02P,S,SOS,496.0000000000001,0,715.0000000000001,350.0
2023-03-23,SOS250M48P,S,SOS,220.0,0,1100.021014492753,960.0
2023-03-23,SOS500M24P,S,SOS,5225.000000000001,8204,5025.000000000002,5267.0
2023-03-24,AT5X5K,A,AT,0.0,700,28.0,50.0
2023-03-24,ATN01K24P,A,ATN,0.0,2500,1444.5,1868.0
2023-03-24,ATN02K12P,A,ATN,0.0,500,59.0,30.0
2023-03-24,ATPA1K24P,A,ATPA,0.0,0,0.0,0.0
2023-03-24,ATPPCH5X5K,A,ATPPCH,0.0,0,0.0,0.0
2023-03-24,ATWWP001K24P,A,ATWWP,0.0,0,43.0,103.0
2023-03-24,ATWWP002K12P,A,ATWWP,0.0,0,0.0,0.0
2023-03-24,EEA200G24P,E,EEA,0.0,0,0.0,0.0
2023-03-24,EEA500G12P,E,EEA,0.0,0,0.0,0.0
2023-03-24,MAC1K25P,M,MAC,0.0,0,0.0,0.0
2023-03-24,MAHS025K,M,MAHS,0.0,0,0.0,0.0
2023-03-24,MAP1K25P,M,MAP,0.0,0,0.0,0.0
2023-03-24,MAPA1K24P,M,MAPA,0.0,0,0.0,0.0
2023-03-24,MAR01K24P,M,MAR,0.0,400,802.0,680.0
2023-03-24,MAR02K12P,M,MAR,0.0,0,0.0,0.0
2023-03-24,MASR025K,M,MASR,0.0,0,0.0,0.0
2023-03-24,POP001L12P,P,POP,0.0,4702,4132.0,5350.0
2023-03-24,POP002L09P,P,POP,0.0,508,92.0,50.0
2023-03-24,POP005L04P,P,POP,0.0,0,35.0,50.0
2023-03-24,POP015K,P,POP,0.0,0,0.0,0.0
2023-03-24,POP500M24P,P,POP,0.0,982,230.0,138.0
2023-03-24,POPF01L12P,P,POPF,0.0,0,100.0,100.0
2023-03-24,POV001L24P,P,POV,0.0,1165,2536.0,1421.0
2023-03-24,POV002L09P,P,POV,0.0,2998,716.0,641.0
2023-03-24,POV005L04P,P,POV,0.0,2000,190.0,455.0
2023-03-24,POV500M24P,P,POV,0.0,2310,1241.0,820.0
2023-03-24,SE200G24P,S,SE,0.0,0,30.0,0.0
2023-03-24,SE500G24P,S,SE,0.0,500,395.0,140.0
2023-03-24,SO0001L12P,S,SO,0.0,0,0.0,0.0
2023-03-24,SO0002L09P,S,SO,0.0,0,0.0,0.0
2023-03-24,SO0005L04P,S,SO,0.0,0,0.0,0.0
2023-03-24,SO0500M24P,S,SO,0.0,0,0.0,0.0
2023-03-24,SOP001L12P,S,SOP,0.0,0,0.0,0.0
2023-03-24,SOS001L12P,S,SOS,0.0,10422,9233.582971014494,9765.0
2023-03-24,SOS002L09P,S,SOS,0.0,1571,7053.444987922702,9351.0
2023-03-24,SOS003L04P,S,SOS,0.0,2344,1895.0,1990.0
2023-03-24,SOS005L04P,S,SOS,0.0,12150,9194.0,13059.0
2023-03-24,SOS008L02P,S,SOS,0.0,0,135.0,140.0
2023-03-24,SOS250M48P,S,SOS,0.0,0,456.0,465.0
2023-03-24,SOS500M24P,S,SOS,0.0,5220,3578.0,5311.0
2023-03-25,AT5X5K,A,AT,30.0,500,716.0,510.0
2023-03-25,ATN01K24P,A,ATN,850.1700000000001,2500,1581.75,240.0
2023-03-25,ATN02K12P,A,ATN,155.0,0,339.0,0.0
2023-03-25,ATPA1K24P,A,ATPA,0.0,0,0.0,0.0
2023-03-25,ATPPCH5X5K,A,ATPPCH,0.0,0,0.0,0.0
2023-03-25,ATWWP001K24P,A,ATWWP,0.0,0,6.0,0.0
2023-03-25,ATWWP002K12P,A,ATWWP,0.0,0,13.0,0.0
2023-03-25,EEA200G24P,E,EEA,0.0,0,0.0,0.0
2023-03-25,EEA500G12P,E,EEA,0.0,0,0.0,0.0
2023-03-25,MAC1K25P,M,MAC,0.0,0,0.0,0.0
2023-03-25,MAHS025K,M,MAHS,0.0,220,50.0,0.0
2023-03-25,MAP1K25P,M,MAP,0.0,15,0.0,0.0
2023-03-25,MAPA1K24P,M,MAPA,0.0,0,0.0,0.0
2023-03-25,MAR01K24P,M,MAR,160.0,400,1169.083,538.0
2023-03-25,MAR02K12P,M,MAR,8.0,0,57.0,0.0
2023-03-25,MASR025K,M,MASR,100.0,100,44.0,0.0
2023-03-25,POP001L12P,P,POP,1070.0000000000002,3052,7314.0,6320.0
2023-03-25,POP002L09P,P,POP,173.0,0,175.0,50.0
2023-03-25,POP005L04P,P,POP,259.0,0,159.0,30.0
2023-03-25,POP015K,P,POP,0.0,0,0.0,0.0
2023-03-25,POP500M24P,P,POP,185.0,0,266.9999999999999,580.0
2023-03-25,POPF01L12P,P,POPF,280.0,500,124.0,0.0
2023-03-25,POV001L24P,P,POV,770.0000000000001,0,2897.0,2382.0
2023-03-25,POV002L09P,P,POV,435.0000000000001,704,1527.0,1020.0
2023-03-25,POV005L04P,P,POV,425.0,0,1073.0,870.0
2023-03-25,POV500M24P,P,POV,555.0,2500,1697.0,2083.0
2023-03-25,SE200G24P,S,SE,0.0,200,115.0,50.0
2023-03-25,SE500G24P,S,SE,51.0,0,481.0,300.0
2023-03-25,SO0001L12P,S,SO,0.0,0,0.0,0.0
2023-03-25,SO0002L09P,S,SO,0.0,0,0.0,0.0
2023-03-25,SO0005L04P,S,SO,0.0,0,0.0,0.0
2023-03-25,SO0500M24P,S,SO,0.0,0,0.0,0.0
2023-03-25,SOP001L12P,S,SOP,13.0,500,221.9999999999999,200.0
2023-03-25,SOS001L12P,S,SOS,6028.000000000002,9592,8198.0,5695.0
2023-03-25,SOS002L09P,S,SOS,3135.88997584541,3344,7276.443961352661,3603.0
2023-03-25,SOS003L04P,S,SOS,618.9999999999998,3086,1833.0,1740.0
2023-03-25,SOS005L04P,S,SOS,5479.999999999998,10000,9507.499999999998,8570.0
2023-03-25,SOS008L02P,S,SOS,5.999999999999999,0,328.9999999999999,715.0
2023-03-25,SOS250M48P,S,SOS,60.0,0,708.9999999999995,394.0
2023-03-25,SOS500M24P,S,SOS,2005.999999999999,4584,3159.0,4469.0
2023-03-26,AT5X5K,A,AT,0.0,0,43.0,25.0
2023-03-26,ATN01K24P,A,ATN,0.0,0,1264.0,820.0
2023-03-26,ATN02K12P,A,ATN,0.0,0,25.0,35.0
2023-03-26,ATPA1K24P,A,ATPA,0.0,0,0.0,0.0
2023-03-26,ATPPCH5X5K,A,ATPPCH,0.0,0,0.0,0.0
2023-03-26,ATWWP001K24P,A,ATWWP,0.0,0,0.0,1.0
2023-03-26,ATWWP002K12P,A,ATWWP,0.0,0,15.0,10.0
2023-03-26,EEA200G24P,E,EEA,0.0,0,0.0,0.0
2023-03-26,EEA500G12P,E,EEA,0.0,0,0.0,0.0
2023-03-26,MAC1K25P,M,MAC,0.0,0,0.0,0.0
2023-03-26,MAHS025K,M,MAHS,0.0,0,0.0,200.0
2023-03-26,MAP1K25P,M,MAP,0.0,0,0.0,15.0
2023-03-26,MAPA1K24P,M,MAPA,0.0,0,0.0,0.0
2023-03-26,MAR01K24P,M,MAR,0.0,0,317.0,455.0
2023-03-26,MAR02K12P,M,MAR,0.0,0,15.0,0.0
2023-03-26,MASR025K,M,MASR,0.0,0,150.0,0.0
2023-03-26,POP001L12P,P,POP,0.0,3950,6258.0,5220.0
2023-03-26,POP002L09P,P,POP,0.0,0,255.0,130.0
2023-03-26,POP005L04P,P,POP,0.0,0,195.0,180.0
2023-03-26,POP015K,P,POP,0.0,0,0.0,0.0
2023-03-26,POP500M24P,P,POP,0.0,0,190.0,276.0
2023-03-26,POPF01L12P,P,POPF,0.0,0,1260.0,1500.0
2023-03-26,POV001L24P,P,POV,0.0,2506,3514.0,4418.0
2023-03-26,POV002L09P,P,POV,0.0,0,1488.0,2470.0
2023-03-26,POV005L04P,P,POV,0.0,0,1588.0,1789.0
2023-03-26,POV500M24P,P,POV,0.0,1376,1496.0,1610.0
2023-03-26,SE200G24P,S,SE,0.0,0,174.0,120.0
2023-03-26,SE500G24P,S,SE,0.0,0,497.0,405.0
2023-03-26,SO0001L12P,S,SO,0.0,0,0.0,0.0
2023-03-26,SO0002L09P,S,SO,0.0,0,0.0,0.0
2023-03-26,SO0005L04P,S,SO,0.0,0,0.0,0.0
2023-03-26,SO0500M24P,S,SO,0.0,0,0.0,0.0
2023-03-26,SOP001L12P,S,SOP,0.0,0,78.0,13.0
2023-03-26,SOS001L12P,S,SOS,0.0,10619,7774.999999999999,14080.0
2023-03-26,SOS002L09P,S,SOS,0.0,5052,5046.999999999996,6115.0
2023-03-26,SOS003L04P,S,SOS,0.0,0,1117.0,1134.0
2023-03-26,SOS005L04P,S,SOS,0.0,4603,7554.999999999999,12703.0
2023-03-26,SOS008L02P,S,SOS,0.0,0,474.0,570.0
2023-03-26,SOS250M48P,S,SOS,0.0,0,367.0000000000001,355.0
2023-03-26,SOS500M24P,S,SOS,0.0,6506,2754.0,5550.0
2023-03-27,AT5X5K,A,AT,257.0,0,150.0,0.0
2023-03-27,ATN01K24P,A,ATN,2745.0,502,1143.0,100.0
2023-03-27,ATN02K12P,A,ATN,341.0,0,306.0,230.0
2023-03-27,ATPA1K24P,A,ATPA,0.0,0,0.0,0.0
2023-03-27,ATPPCH5X5K,A,ATPPCH,0.0,0,0.0,0.0
2023-03-27,ATWWP001K24P,A,ATWWP,17.08333333333333,0,10.875,0.0
2023-03-27,ATWWP002K12P,A,ATWWP,26.66666666666667,0,2.0,0.0
2023-03-27,EEA200G24P,E,EEA,0.0,0,0.0,0.0
2023-03-27,EEA500G12P,E,EEA,0.0,0,0.0,0.0
2023-03-27,MAC1K25P,M,MAC,0.0,0,70.0,0.0
2023-03-27,MAHS025K,M,MAHS,230.0,0,200.0,0.0
2023-03-27,MAP1K25P,M,MAP,0.0,0,0.0,0.0
2023-03-27,MAPA1K24P,M,MAPA,0.0,0,0.0,0.0
2023-03-27,MAR01K24P,M,MAR,1883.0,464,376.0,50.0
2023-03-27,MAR02K12P,M,MAR,154.0,0,150.0,0.0
2023-03-27,MASR025K,M,MASR,0.0,0,10.0,20.0
2023-03-27,POP001L12P,P,POP,4016.0,7002,8850.0,8938.0
2023-03-27,POP002L09P,P,POP,455.0000000000002,0,110.0,593.0
2023-03-27,POP005L04P,P,POP,140.0,0,59.0,185.0
2023-03-27,POP015K,P,POP,0.0,0,0.0,0.0
2023-03-27,POP500M24P,P,POP,363.9999999999999,305,593.0,400.0
2023-03-27,POPF01L12P,P,POPF,130.0,0,55.0,0.0
2023-03-27,POV001L24P,P,POV,6066.999999999999,791,1527.0,1490.0
2023-03-27,POV002L09P,P,POV,2261.000000000001,0,486.0,510.0
2023-03-27,POV005L04P,P,POV,1617.0,0,302.0,110.0
2023-03-27,POV500M24P,P,POV,3234.000000000001,700,1201.0,1265.0
2023-03-27,SE200G24P,S,SE,434.0,50,165.0,20.0
2023-03-27,SE500G24P,S,SE,1295.0,220,433.0,0.0
2023-03-27,SO0001L12P,S,SO,0.0,0,0.0,0.0
2023-03-27,SO0002L09P,S,SO,0.0,0,0.0,0.0
2023-03-27,SO0005L04P,S,SO,0.0,0,0.0,0.0
2023-03-27,SO0500M24P,S,SO,0.0,0,0.0,0.0
2023-03-27,SOP001L12P,S,SOP,145.0,0,49.99999999999999,50.0
2023-03-27,SOS001L12P,S,SOS,15930.33297101449,6649,7309.832971014496,8390.0
2023-03-27,SOS002L09P,S,SOS,13149.6699879227,4220,3243.0,4065.0
2023-03-27,SOS003L04P,S,SOS,2643.000000000003,0,703.9999999999998,1865.0
2023-03-27,SOS005L04P,S,SOS,15551.0,9000,5041.0,7783.0
2023-03-27,SOS008L02P,S,SOS,576.0,0,187.0,631.0
2023-03-27,SOS250M48P,S,SOS,410.9999999999999,0,476.9999999999999,357.0
2023-03-27,SOS500M24P,S,SOS,7344.000000000003,3000,3150.0,6835.0
2023-03-28,AT5X5K,A,AT,190.0,0,70.0,45.0
2023-03-28,ATN01K24P,A,ATN,2064.333,0,1702.0,601.0
2023-03-28,ATN02K12P,A,ATN,68.0,0,228.0,210.0
2023-03-28,ATPA1K24P,A,ATPA,0.0,0,0.0,0.0
2023-03-28,ATPPCH5X5K,A,ATPPCH,0.0,0,0.0,0.0
2023-03-28,ATWWP001K24P,A,ATWWP,11.43333333333333,0,9.1,0.0
2023-03-28,ATWWP002K12P,A,ATWWP,31.41666666666667,0,18.0,24.0
2023-03-28,EEA200G24P,E,EEA,0.0,0,0.0,0.0
2023-03-28,EEA500G12P,E,EEA,0.0,0,0.0,0.0
2023-03-28,MAC1K25P,M,MAC,0.0,0,0.0,0.0
2023-03-28,MAHS025K,M,MAHS,0.0,20,0.0,15.0
2023-03-28,MAP1K25P,M,MAP,0.0,0,0.0,0.0
2023-03-28,MAPA1K24P,M,MAPA,0.0,0,0.0,0.0
2023-03-28,MAR01K24P,M,MAR,968.0,1500,1153.0,830.0
2023-03-28,MAR02K12P,M,MAR,17.0,0,39.0,200.0
2023-03-28,MASR025K,M,MASR,10.0,3,51.0,50.0
2023-03-28,POP001L12P,P,POP,4870.0,10054,2778.0,2960.0
2023-03-28,POP002L09P,P,POP,782.9999999999999,0,233.0,230.0
2023-03-28,POP005L04P,P,POP,402.0,500,117.0,150.0
2023-03-28,POP015K,P,POP,0.0,0,0.0,0.0
2023-03-28,POP500M24P,P,POP,758.0000000000002,504,228.0,353.0
2023-03-28,POPF01L12P,P,POPF,573.0,0,65.0,50.0
2023-03-28,POV001L24P,P,POV,2358.000000000001,4001,1776.0,1055.0
2023-03-28,POV002L09P,P,POV,1375.0,0,1110.0,622.0
2023-03-28,POV005L04P,P,POV,528.0,3000,271.0000000000001,239.0
2023-03-28,POV500M24P,P,POV,869.0000000000001,1000,1336.0,3440.0
2023-03-28,SE200G24P,S,SE,15.0,400,25.0,0.0
2023-03-28,SE500G24P,S,SE,817.0,500,592.0,245.0
2023-03-28,SO0001L12P,S,SO,0.0,0,0.0,0.0
2023-03-28,SO0002L09P,S,SO,0.0,0,0.0,0.0
2023-03-28,SO0005L04P,S,SO,0.0,0,0.0,0.0
2023-03-28,SO0500M24P,S,SO,0.0,0,0.0,0.0
2023-03-28,SOP001L12P,S,SOP,95.0,0,4.0,10.0
2023-03-28,SOS001L12P,S,SOS,17396.41105072463,12793,9986.245018115938,13058.333
2023-03-28,SOS002L09P,S,SOS,11503.71998792271,7055,8461.116002415461,5314.0
2023-03-28,SOS003L04P,S,SOS,2027.000000000001,2500,1696.0,2237.0
2023-03-28,SOS005L04P,S,SOS,13891.0,13084,10454.0,9720.0
2023-03-28,SOS008L02P,S,SOS,355.9999999999999,0,295.0,60.0
2023-03-28,SOS250M48P,S,SOS,181.0,0,187.0,92.0
2023-03-28,SOS500M24P,S,SOS,4981.000000000006,9500,4970.000000000001,6835.0
2023-03-29,AT5X5K,A,AT,88.0,0,97.0,265.0
2023-03-29,ATN01K24P,A,ATN,1034.0,1000,1363.666,2460.0
2023-03-29,ATN02K12P,A,ATN,140.0,0,172.0,340.0
2023-03-29,ATPA1K24P,A,ATPA,0.0,0,0.0,0.0
2023-03-29,ATPPCH5X5K,A,ATPPCH,0.0,0,0.0,0.0
2023-03-29,ATWWP001K24P,A,ATWWP,6.083333333333333,0,1.0,3.0
2023-03-29,ATWWP002K12P,A,ATWWP,0.0,0,9.0,0.0
2023-03-29,EEA200G24P,E,EEA,0.0,0,0.0,0.0
2023-03-29,EEA500G12P,E,EEA,0.0,0,0.0,0.0
2023-03-29,MAC1K25P,M,MAC,0.0,0,0.0,0.0
2023-03-29,MAHS025K,M,MAHS,15.0,5,0.0,30.0
2023-03-29,MAP1K25P,M,MAP,0.0,0,0.0,0.0
2023-03-29,MAPA1K24P,M,MAPA,0.0,0,0.0,0.0
2023-03-29,MAR01K24P,M,MAR,405.0,1005,172.333,2085.0
2023-03-29,MAR02K12P,M,MAR,4.0,0,101.0,260.0
2023-03-29,MASR025K,M,MASR,36.0,0,0.0,0.0
2023-03-29,POP001L12P,P,POP,1289.9999999999998,9004,4506.0,4132.0
2023-03-29,POP002L09P,P,POP,110.0,0,315.0000000000001,180.0
2023-03-29,POP005L04P,P,POP,55.0,306,188.0,110.0
2023-03-29,POP015K,P,POP,0.0,0,0.0,0.0
2023-03-29,POP500M24P,P,POP,244.9999999999999,0,325.0,220.0
2023-03-29,POPF01L12P,P,POPF,202.0,0,191.0,150.0
2023-03-29,POV001L24P,P,POV,2202.0,2554,4011.0,3030.0
2023-03-29,POV002L09P,P,POV,1089.0,2635,1095.0,945.0
2023-03-29,POV005L04P,P,POV,715.0,1000,1489.0,1190.0
2023-03-29,POV500M24P,P,POV,862.9999999999998,1509,1899.0,2039.0
2023-03-29,SE200G24P,S,SE,40.0,4,20.0,94.0
2023-03-29,SE500G24P,S,SE,617.0,130,224.0,625.0
2023-03-29,SO0001L12P,S,SO,0.0,0,0.0,0.0
2023-03-29,SO0002L09P,S,SO,0.0,0,0.0,0.0
2023-03-29,SO0005L04P,S,SO,0.0,0,0.0,0.0
2023-03-29,SO0500M24P,S,SO,0.0,0,0.0,0.0
2023-03-29,SOP001L12P,S,SOP,0.0,0,563.9999999999999,594.0
2023-03-29,SOS001L12P,S,SOS,5353.5,15080,16392.49900362319,13145.0
2023-03-29,SOS002L09P,S,SOS,4066.223007246374,4655,11601.72300724639,8152.0
2023-03-29,SOS003L04P,S,SOS,794.9999999999999,2500,1963.0,1268.0
2023-03-29,SOS005L04P,S,SOS,5971.999999999999,10246,12824.5,13112.0
2023-03-29,SOS008L02P,S,SOS,192.0,0,591.0,680.0
2023-03-29,SOS250M48P,S,SOS,255.0,0,257.0,515.0
2023-03-29,SOS500M24P,S,SOS,1899.0,8653,4501.000000000002,4328.0
2023-03-30,AT5X5K,A,AT,86.2,0,110.0,0.0
2023-03-30,ATN01K24P,A,ATN,1262.67,1500,1346.712,2200.0
2023-03-30,ATN02K12P,A,ATN,61.71333333333333,0,157.3,320.0
2023-03-30,ATPA1K24P,A,ATPA,0.0,0,0.0,0.0
2023-03-30,ATPPCH5X5K,A,ATPPCH,0.0,0,0.0,0.0
2023-03-30,ATWWP001K24P,A,ATWWP,0.29,0,2.833,2.0
2023-03-30,ATWWP002K12P,A,ATWWP,0.25,0,0.0,0.0
2023-03-30,EEA200G24P,E,EEA,0.0,0,0.0,0.0
2023-03-30,EEA500G12P,E,EEA,0.0,0,0.0,0.0
2023-03-30,MAC1K25P,M,MAC,0.0,0,0.0,0.0
2023-03-30,MAHS025K,M,MAHS,0.0,12,30.0,0.0
2023-03-30,MAP1K25P,M,MAP,0.0,0,0.0,0.0
2023-03-30,MAPA1K24P,M,MAPA,0.0,0,0.0,0.0
2023-03-30,MAR01K24P,M,MAR,359.958,1200,1118.792,800.0
2023-03-30,MAR02K12P,M,MAR,88.66300000000001,0,87.33300000000001,100.0
2023-03-30,MASR025K,M,MASR,370.0,0,35.0,10.0
2023-03-30,POP001L12P,P,POP,3182.0,9022,2356.0,14662.0
2023-03-30,POP002L09P,P,POP,349.0000000000001,1010,493.0000000000001,422.0
2023-03-30,POP005L04P,P,POP,50.0,0,183.0,310.0
2023-03-30,POP015K,P,POP,0.0,0,0.0,0.0
2023-03-30,POP500M24P,P,POP,474.9999999999998,1001,756.0,577.0
2023-03-30,POPF01L12P,P,POPF,353.0,0,118.0,400.0
2023-03-30,POV001L24P,P,POV,1330.0,2001,2836.0,2920.0
2023-03-30,POV002L09P,P,POV,716.0,1213,1525.0,1457.0
2023-03-30,POV005L04P,P,POV,275.0,0,934.0,1178.0
2023-03-30,POV500M24P,P,POV,866.0,2007,1271.0,1045.0
2023-03-30,SE200G24P,S,SE,25.38,0,9.000000000000002,20.0
2023-03-30,SE500G24P,S,SE,417.996,750,517.333,450.0
2023-03-30,SO0001L12P,S,SO,5.0,0,0.0,0.0
2023-03-30,SO0002L09P,S,SO,4.999999999999999,0,0.0,0.0
2023-03-30,SO0005L04P,S,SO,4.999999999999999,0,0.0,0.0
2023-03-30,SO0500M24P,S,SO,0.0,0,0.0,0.0
2023-03-30,SOP001L12P,S,SOP,61.75,0,43.0,220.0
2023-03-30,SOS001L12P,S,SOS,9653.009148550722,16034,8442.67001811594,7938.5
2023-03-30,SOS002L09P,S,SOS,4150.396980676327,7113,5838.289975845413,4709.0
2023-03-30,SOS003L04P,S,SOS,683.7499999999997,2554,1290.0,990.0
2023-03-30,SOS005L04P,S,SOS,6666.75,16352,9256.249999999998,7794.0
2023-03-30,SOS008L02P,S,SOS,148.0,0,612.0000000000001,875.0
2023-03-30,SOS250M48P,S,SOS,180.0,0,302.9999999999999,266.0
2023-03-30,SOS500M24P,S,SOS,2872.042028985509,7169,2697.042028985508,2546.0
2023-03-31,AT5X5K,A,AT,0.0,0,196.0,20.0
2023-03-31,ATN01K24P,A,ATN,0.0,1500,1625.67,1630.0
2023-03-31,ATN02K12P,A,ATN,0.0,0,20.41333333333333,30.0
2023-03-31,ATPA1K24P,A,ATPA,0.0,0,0.0,0.0
2023-03-31,ATPPCH5X5K,A,ATPPCH,0.0,0,0.0,0.0
2023-03-31,ATWWP001K24P,A,ATWWP,0.0,0,1.29,11.0
2023-03-31,ATWWP002K12P,A,ATWWP,0.0,0,0.25,0.0
2023-03-31,EEA200G24P,E,EEA,0.0,0,0.0,0.0
2023-03-31,EEA500G12P,E,EEA,0.0,0,0.0,0.0
2023-03-31,MAC1K25P,M,MAC,0.0,0,0.0,0.0
2023-03-31,MAHS025K,M,MAHS,0.0,0,15.0,0.0
2023-03-31,MAP1K25P,M,MAP,0.0,0,0.0,0.0
2023-03-31,MAPA1K24P,M,MAPA,0.0,0,0.0,0.0
2023-03-31,MAR01K24P,M,MAR,0.0,775,796.5,680.0
2023-03-31,MAR02K12P,M,MAR,0.0,0,63.33000000000001,0.0
2023-03-31,MASR025K,M,MASR,0.0,0,26.0,26.0
2023-03-31,POP001L12P,P,POP,0.0,0,4256.0,8870.0
2023-03-31,POP002L09P,P,POP,0.0,0,362.0000000000001,180.0
2023-03-31,POP005L04P,P,POP,0.0,0,186.0,52.0
2023-03-31,POP015K,P,POP,0.0,0,0.0,0.0
2023-03-31,POP500M24P,P,POP,0.0,0,319.9999999999999,100.0
2023-03-31,POPF01L12P,P,POPF,0.0,0,466.0,338.0
2023-03-31,POV001L24P,P,POV,0.0,0,1955.0,1709.0
2023-03-31,POV002L09P,P,POV,0.0,0,1865.0,1639.0
2023-03-31,POV005L04P,P,POV,0.0,503,629.0000000000001,1016.0
2023-03-31,POV500M24P,P,POV,0.0,0,958.0,702.0
2023-03-31,SE200G24P,S,SE,0.0,0,110.0,150.0
2023-03-31,SE500G24P,S,SE,0.0,1037,444.33,575.0
2023-03-31,SO0001L12P,S,SO,0.0,0,0.0,0.0
2023-03-31,SO0002L09P,S,SO,0.0,0,0.0,0.0
2023-03-31,SO0005L04P,S,SO,0.0,0,0.0,0.0
2023-03-31,SO0500M24P,S,SO,0.0,0,0.0,0.0
2023-03-31,SOP001L12P,S,SOP,0.0,0,183.5829710144928,0.0
2023-03-31,SOS001L12P,S,SOS,0.0,6674,8096.082065217388,7089.0
2023-03-31,SOS002L09P,S,SOS,0.0,3010,5246.441968599031,3979.0
2023-03-31,SOS003L04P,S,SOS,0.0,0,834.2499999999997,715.0
2023-03-31,SOS005L04P,S,SOS,0.0,11300,6495.5,4864.0
2023-03-31,SOS008L02P,S,SOS,0.0,0,251.5,33.0
2023-03-31,SOS250M48P,S,SOS,0.0,0,240.0,155.0
2023-03-31,SOS500M24P,S,SOS,0.0,3008,3397.0,2845.0
2023-04-01,AT5X5K,A,AT,440.0,0,3.0,0.0
2023-04-01,ATN01K24P,A,ATN,163.125,1000,363.333,520.0
2023-04-01,ATN02K12P,A,ATN,37.167,0,36.0,0.0
2023-04-01,ATPA1K24P,A,ATPA,0.0,0,0.0,0.0
2023-04-01,ATPPCH5X5K,A,ATPPCH,0.0,0,0.0,0.0
2023-04-01,ATWWP001K24P,A,ATWWP,0.0,0,2.0,0.0
2023-04-01,ATWWP002K12P,A,ATWWP,0.0,0,11.91666666666667,0.0
2023-04-01,EEA200G24P,E,EEA,0.0,0,0.0,0.0
2023-04-01,EEA500G12P,E,EEA,0.0,0,0.0,0.0
2023-04-01,MAC1K25P,M,MAC,0.0,0,0.0,0.0
2023-04-01,MAHS025K,M,MAHS,0.0,0,0.0,15.0
2023-04-01,MAP1K25P,M,MAP,0.0,0,15.0,0.0
2023-04-01,MAPA1K24P,M,MAPA,0.0,0,0.0,0.0
2023-04-01,MAR01K24P,M,MAR,40.0,615,412.333,390.0
2023-04-01,MAR02K12P,M,MAR,134.0,150,39.0,100.0
2023-04-01,MASR025K,M,MASR,15.0,100,0.0,0.0
2023-04-01,POP001L12P,P,POP,340.0,5538,506.0,460.0
2023-04-01,POP002L09P,P,POP,45.00000000000001,306,10.0,300.0
2023-04-01,POP005L04P,P,POP,3.0,0,40.0,30.0
2023-04-01,POP015K,P,POP,0.0,0,0.0,0.0
2023-04-01,POP500M24P,P,POP,160.0,501,85.0,105.0
2023-04-01,POPF01L12P,P,POPF,0.0,1000,303.0,100.0
2023-04-01,POV001L24P,P,POV,90.0,7001,252.0,660.0
2023-04-01,POV002L09P,P,POV,0.0,1514,148.0,185.0
2023-04-01,POV005L04P,P,POV,15.0,0,123.0,340.0
2023-04-01,POV500M24P,P,POV,20.0,503,345.0000000000001,530.0
2023-04-01,SE200G24P,S,SE,0.0,0,30.0,30.0
2023-04-01,SE500G24P,S,SE,9.0,546,216.0,844.0
2023-04-01,SO0001L12P,S,SO,0.0,0,0.0,0.0
2023-04-01,SO0002L09P,S,SO,0.0,0,0.0,0.0
2023-04-01,SO0005L04P,S,SO,0.0,0,0.0,0.0
2023-04-01,SO0500M24P,S,SO,0.0,0,0.0,0.0
2023-04-01,SOP001L12P,S,SOP,5.0,0,0.0,0.0
2023-04-01,SOS001L12P,S,SOS,1366.331974637681,4009,2863.340036231884,9904.0
2023-04-01,SOS002L09P,S,SOS,605.5550120772946,2505,831.4429951690821,3489.0
2023-04-01,SOS003L04P,S,SOS,305.75,0,100.0,1690.0
2023-04-01,SOS005L04P,S,SOS,1242.5,8003,1858.0,10005.0
2023-04-01,SOS008L02P,S,SOS,9.999999999999998,0,9.999999999999998,550.0
2023-04-01,SOS250M48P,S,SOS,0.0,0,16.0,140.0
2023-04-01,SOS500M24P,S,SOS,356.9999999999999,4007,515.0,3607.0
2023-04-02,AT5X5K,A,AT,149.0,0,498.0,460.0
2023-04-02,ATN01K24P,A,ATN,1579.833,1000,1556.458,940.0
2023-04-02,ATN02K12P,A,ATN,158.0,7,66.0,0.0
2023-04-02,ATPA1K24P,A,ATPA,0.0,0,0.0,0.0
2023-04-02,ATPPCH5X5K,A,ATPPCH,0.0,0,0.0,0.0
2023-04-02,ATWWP001K24P,A,ATWWP,4.0,0,10.08333333333333,0.0
2023-04-02,ATWWP002K12P,A,ATWWP,0.0,0,0.0,0.0
2023-04-02,EEA200G24P,E,EEA,0.0,0,0.0,0.0
2023-04-02,EEA500G12P,E,EEA,0.0,0,0.0,0.0
2023-04-02,MAC1K25P,M,MAC,20.0,0,0.0,0.0
2023-04-02,MAHS025K,M,MAHS,0.0,0,0.0,0.0
2023-04-02,MAP1K25P,M,MAP,0.0,0,0.0,0.0
2023-04-02,MAPA1K24P,M,MAPA,0.0,0,0.0,0.0
2023-04-02,MAR01K24P,M,MAR,1220.083,0,595.0,700.0
2023-04-02,MAR02K12P,M,MAR,115.0,200,53.0,0.0
2023-04-02,MASR025K,M,MASR,139.0,0,30.0,25.0
2023-04-02,POP001L12P,P,POP,5134.0,7074,1576.0,5840.0
2023-04-02,POP002L09P,P,POP,404.0,0,181.0,370.0
2023-04-02,POP005L04P,P,POP,180.0,0,95.0,20.0
2023-04-02,POP015K,P,POP,0.0,0,0.0,0.0
2023-04-02,POP500M24P,P,POP,504.9999999999999,301,198.0,470.0
2023-04-02,POPF01L12P,P,POPF,900.0,514,55.0,105.0
2023-04-02,POV001L24P,P,POV,3631.999999999999,2000,678.0,4870.0
2023-04-02,POV002L09P,P,POV,1634.0,0,84.99999999999999,565.0
2023-04-02,POV005L04P,P,POV,910.0,0,177.0,265.0
2023-04-02,POV500M24P,P,POV,2260.999999999999,703,435.0000000000002,755.0
2023-04-02,SE200G24P,S,SE,85.0,0,83.0,10.0
2023-04-02,SE500G24P,S,SE,809.666,500,725.0,320.0
2023-04-02,SO0001L12P,S,SO,0.0,0,0.0,0.0
2023-04-02,SO0002L09P,S,SO,0.0,0,0.0,0.0
2023-04-02,SO0005L04P,S,SO,0.0,0,0.0,0.0
2023-04-02,SO0500M24P,S,SO,0.0,0,0.0,0.0
2023-04-02,SOP001L12P,S,SOP,0.0,10,5.0,55.0
2023-04-02,SOS001L12P,S,SOS,12069.66304347826,12000,3618.249003623187,7786.0
2023-04-02,SOS002L09P,S,SOS,8734.21896135266,0,1833.555012077294,631.0
2023-04-02,SOS003L04P,S,SOS,1649.000000000001,2001,594.7499999999998,1680.0
2023-04-02,SOS005L04P,S,SOS,11057.75,9004,2442.0,16085.0
2023-04-02,SOS008L02P,S,SOS,2398.0,0,356.0,230.0
2023-04-02,SOS250M48P,S,SOS,287.0,0,110.0,70.0
2023-04-02,SOS500M24P,S,SOS,3675.5,6098,1208.0,9406.0
2023-04-03,AT5X5K,A,AT,3573.0,0,92.0,20.0
2023-04-03,ATN01K24P,A,ATN,3577.334,1000,2997.666,2411.666
2023-04-03,ATN02K12P,A,ATN,179.0,0,115.0,10.0
2023-04-03,ATPA1K24P,A,ATPA,0.0,0,0.0,0.0
2023-04-03,ATPPCH5X5K,A,ATPPCH,0.0,0,0.0,0.0
2023-04-03,ATWWP001K24P,A,ATWWP,0.916,0,0.916,0.0
2023-04-03,ATWWP002K12P,A,ATWWP,0.0,0,0.0,0.0
2023-04-03,EEA200G24P,E,EEA,0.0,0,0.0,0.0
2023-04-03,EEA500G12P,E,EEA,0.0,0,0.0,0.0
2023-04-03,MAC1K25P,M,MAC,0.0,0,0.0,0.0
2023-04-03,MAHS025K,M,MAHS,0.0,0,10.0,0.0
2023-04-03,MAP1K25P,M,MAP,0.0,0,0.0,0.0
2023-04-03,MAPA1K24P,M,MAPA,0.0,0,0.0,0.0
2023-04-03,MAR01K24P,M,MAR,1140.0,614,1249.666,271.666
2023-04-03,MAR02K12P,M,MAR,232.0,0,9.0,0.0
2023-04-03,MASR025K,M,MASR,60.0,63,105.0,0.0
2023-04-03,POP001L12P,P,POP,2834.0,8008,3281.9999999999995,2380.0
2023-04-03,POP002L09P,P,POP,299.9999999999999,0,285.0,45.0
2023-04-03,POP005L04P,P,POP,155.0,300,30.0,33.0
2023-04-03,POP015K,P,POP,0.0,0,0.0,0.0
2023-04-03,POP500M24P,P,POP,583.0,0,185.0,260.0
2023-04-03,POPF01L12P,P,POPF,329.9999999999999,0,700.0,800.0
2023-04-03,POV001L24P,P,POV,2204.999999999999,2003,3174.0,3644.0
2023-04-03,POV002L09P,P,POV,1110.0,0,589.0000000000001,459.0
2023-04-03,POV005L04P,P,POV,708.0,1110,852.0000000000001,620.0
2023-04-03,POV500M24P,P,POV,1250.0,2000,1741.0,1404.0
2023-04-03,SE200G24P,S,SE,35.0,150,257.0,220.0
2023-04-03,SE500G24P,S,SE,1215.0,500,950.666,511.666
2023-04-03,SO0001L12P,S,SO,0.0,0,0.0,0.0
2023-04-03,SO0002L09P,S,SO,0.0,0,0.0,0.0
2023-04-03,SO0005L04P,S,SO,0.0,0,0.0,0.0
2023-04-03,SO0500M24P,S,SO,0.0,0,0.0,0.0
2023-04-03,SOP001L12P,S,SOP,23.0,0,0.0,0.0
2023-04-03,SOS001L12P,S,SOS,12416.75,13004,11102.16413043477,10231.0
2023-04-03,SOS002L09P,S,SOS,9348.444021739131,0,7055.662983091785,1525.0
2023-04-03,SOS003L04P,S,SOS,1636.5,2500,1310.999999999999,1169.0
2023-04-03,SOS005L04P,S,SOS,9554.999999999998,8004,10108.0,10304.0
2023-04-03,SOS008L02P,S,SOS,875.0,0,365.9999999999999,515.0
2023-04-03,SOS250M48P,S,SOS,399.9999999999999,0,297.9999999999999,110.0
2023-04-03,SOS500M24P,S,SOS,4291.0,6370,3136.5,3479.0
2023-04-04,AT5X5K,A,AT,1386.0,1200,1135.2,1190.0
2023-04-04,ATN01K24P,A,ATN,2698.541,2500,1681.626,1230.0
2023-04-04,ATN02K12P,A,ATN,474.583,0,314.0,160.0
2023-04-04,ATPA1K24P,A,ATPA,0.0,0,0.0,0.0
2023-04-04,ATPPCH5X5K,A,ATPPCH,0.0,0,0.0,0.0
2023-04-04,ATWWP001K24P,A,ATWWP,9.416666666666666,0,0.0,0.0
2023-04-04,ATWWP002K12P,A,ATWWP,2.0,0,0.0,0.0
2023-04-04,EEA200G24P,E,EEA,0.0,0,0.0,0.0
2023-04-04,EEA500G12P,E,EEA,0.0,0,0.0,0.0
2023-04-04,MAC1K25P,M,MAC,0.0,0,0.0,0.0
2023-04-04,MAHS025K,M,MAHS,20.0,0,5.0,0.0
2023-04-04,MAP1K25P,M,MAP,0.0,0,0.0,0.0
2023-04-04,MAPA1K24P,M,MAPA,0.0,0,0.0,0.0
2023-04-04,MAR01K24P,M,MAR,1732.291,1110,555.25,905.0
2023-04-04,MAR02K12P,M,MAR,63.833,0,90.0,0.0
2023-04-04,MASR025K,M,MASR,30.0,160,0.0,250.0
2023-04-04,POP001L12P,P,POP,1944.0000000000002,9818,2912.0,6242.0
2023-04-04,POP002L09P,P,POP,205.0000000000001,1,321.0000000000002,110.0
2023-04-04,POP005L04P,P,POP,121.0,301,121.0,160.0
2023-04-04,POP015K,P,POP,0.0,0,0.0,0.0
2023-04-04,POP500M24P,P,POP,496.9999999999999,704,576.9999999999998,756.0
2023-04-04,POPF01L12P,P,POPF,214.0,0,481.0000000000001,500.0
2023-04-04,POV001L24P,P,POV,2759.0,1970,2329.999999999999,1700.0
2023-04-04,POV002L09P,P,POV,1195.0,0,621.0,305.0
2023-04-04,POV005L04P,P,POV,598.0,1201,707.0,430.0
2023-04-04,POV500M24P,P,POV,1258.0,2014,1299.0,1355.0
2023-04-04,SE200G24P,S,SE,67.00000000000001,0,34.0,70.0
2023-04-04,SE500G24P,S,SE,1307.416,1000,737.333,688.0
2023-04-04,SO0001L12P,S,SO,0.0,0,0.0,0.0
2023-04-04,SO0002L09P,S,SO,0.0,0,0.0,0.0
2023-04-04,SO0005L04P,S,SO,0.0,0,0.0,0.0
2023-04-04,SO0500M24P,S,SO,0.0,0,0.0,0.0
2023-04-04,SOP001L12P,S,SOP,724.9999999999999,0,0.1670289855072464,0.0
2023-04-04,SOS001L12P,S,SOS,14973.49610507244,8973,11943.41603260869,10003.0
2023-04-04,SOS002L09P,S,SOS,5416.997946859903,4001,8469.88798309179,3557.0
2023-04-04,SOS003L04P,S,SOS,1194.8,3016,1379.5,534.0
2023-04-04,SOS005L04P,S,SOS,7476.250000000001,7694,8928.750000000002,6446.0
2023-04-04,SOS008L02P,S,SOS,170.9999999999999,0,475.4999999999999,66.0
2023-04-04,SOS250M48P,S,SOS,135.0,0,288.0,225.0
2023-04-04,SOS500M24P,S,SOS,3322.000000000001,2824,4670.000000000002,3124.0
2023-04-05,AT5X5K,A,AT,185.0,1000,1286.0,1255.0
2023-04-05,ATN01K24P,A,ATN,2284.0,1000,2447.0,2519.0
2023-04-05,ATN02K12P,A,ATN,156.0,300,339.167,280.0
2023-04-05,ATPA1K24P,A,ATPA,0.0,0,0.0,0.0
2023-04-05,ATPPCH5X5K,A,ATPPCH,0.0,0,0.0,0.0
2023-04-05,ATWWP001K24P,A,ATWWP,0.0,0,0.0,0.0
2023-04-05,ATWWP002K12P,A,ATWWP,0.0,0,0.0,0.0
2023-04-05,EEA200G24P,E,EEA,0.0,0,0.0,0.0
2023-04-05,EEA500G12P,E,EEA,0.0,0,0.0,0.0
2023-04-05,MAC1K25P,M,MAC,0.0,0,0.0,0.0
2023-04-05,MAHS025K,M,MAHS,195.0,0,0.0,0.0
2023-04-05,MAP1K25P,M,MAP,0.0,0,0.0,0.0
2023-04-05,MAPA1K24P,M,MAPA,0.0,0,0.0,0.0
2023-04-05,MAR01K24P,M,MAR,1037.0,500,1044.0,142.0
2023-04-05,MAR02K12P,M,MAR,106.0,200,55.0,20.0
2023-04-05,MASR025K,M,MASR,16.0,101,60.0,150.0
2023-04-05,POP001L12P,P,POP,3202.0,5024,2212.0000000000005,5346.0
2023-04-05,POP002L09P,P,POP,290.0,1004,88.00000000000001,0.0
2023-04-05,POP005L04P,P,POP,108.0,0,106.0,360.0
2023-04-05,POP015K,P,POP,0.0,0,0.0,0.0
2023-04-05,POP500M24P,P,POP,548.0,700,353.9999999999999,691.0
2023-04-05,POPF01L12P,P,POPF,137.0,1102,303.0,260.0
2023-04-05,POV001L24P,P,POV,1459.0,3500,2796.0,2810.0
2023-04-05,POV002L09P,P,POV,840.0,0,245.0,70.0
2023-04-05,POV005L04P,P,POV,512.0,528,413.0000000000001,603.0
2023-04-05,POV500M24P,P,POV,831.9999999999999,1500,1173.0,1389.0
2023-04-05,SE200G24P,S,SE,80.0,0,19.99291666666667,20.0
2023-04-05,SE500G24P,S,SE,1010.0,500,307.0,1297.0
2023-04-05,SO0001L12P,S,SO,0.0,0,0.0,0.0
2023-04-05,SO0002L09P,S,SO,0.0,0,0.0,0.0
2023-04-05,SO0005L04P,S,SO,0.0,0,0.0,0.0
2023-04-05,SO0500M24P,S,SO,0.0,0,0.0,0.0
2023-04-05,SOP001L12P,S,SOP,10.0,0,33.0,0.0
2023-04-05,SOS001L12P,S,SOS,7460.335054347825,13633,10381.83197463768,19617.0
2023-04-05,SOS002L09P,S,SOS,5281.221014492756,4088,4515.110990338164,2146.0
2023-04-05,SOS003L04P,S,SOS,2081.0,2500,1355.499999999999,1000.0
2023-04-05,SOS005L04P,S,SOS,8091.0,8507,6855.5,11228.0
2023-04-05,SOS008L02P,S,SOS,258.0,0,316.0,790.0
2023-04-05,SOS250M48P,S,SOS,501.9999999999999,0,165.0,540.0
2023-04-05,SOS500M24P,S,SOS,3355.000000000003,5048,2644.000000000002,3668.0
2023-04-06,AT5X5K,A,AT,716.0,2000,266.0,170.0
2023-04-06,ATN01K24P,A,ATN,1871.958,3200,1972.208,2806.0
2023-04-06,ATN02K12P,A,ATN,232.0,1000,192.583,60.0
2023-04-06,ATPA1K24P,A,ATPA,0.0,0,0.0,0.0
2023-04-06,ATPPCH5X5K,A,ATPPCH,0.0,0,0.0,0.0
2023-04-06,ATWWP001K24P,A,ATWWP,0.0,0,0.0,0.0
2023-04-06,ATWWP002K12P,A,ATWWP,0.0,0,0.0,0.0
2023-04-06,EEA200G24P,E,EEA,0.0,0,0.0,0.0
2023-04-06,EEA500G12P,E,EEA,0.0,0,0.0,0.0
2023-04-06,MAC1K25P,M,MAC,0.0,0,0.0,0.0
2023-04-06,MAHS025K,M,MAHS,250.0,150,0.0,0.0
2023-04-06,MAP1K25P,M,MAP,0.0,0,0.0,0.0
2023-04-06,MAPA1K24P,M,MAPA,0.0,0,0.0,0.0
2023-04-06,MAR01K24P,M,MAR,956.0,1200,389.0,2155.0
2023-04-06,MAR02K12P,M,MAR,86.0,210,167.833,0.0
2023-04-06,MASR025K,M,MASR,20.0,150,186.0,6.0
2023-04-06,POP001L12P,P,POP,1994.0000000000002,4154,2910.0,6240.0
2023-04-06,POP002L09P,P,POP,235.0,0,148.0000000000001,405.0
2023-04-06,POP005L04P,P,POP,162.0,201,187.0,250.0
2023-04-06,POP015K,P,POP,0.0,0,0.0,0.0
2023-04-06,POP500M24P,P,POP,486.0000000000001,704,717.0,587.0
2023-04-06,POPF01L12P,P,POPF,320.0,872,70.0,50.0
2023-04-06,POV001L24P,P,POV,3895.0,3884,2020.0,2607.0
2023-04-06,POV002L09P,P,POV,1344.999999999999,5013,1455.0,2003.0
2023-04-06,POV005L04P,P,POV,1108.0,801,830.0,1070.0
2023-04-06,POV500M24P,P,POV,2063.0,506,849.0,1355.0
2023-04-06,SE200G24P,S,SE,119.0,0,60.0,0.0
2023-04-06,SE500G24P,S,SE,879.0,1500,1142.416,1433.0
2023-04-06,SO0001L12P,S,SO,0.0,0,0.0,0.0
2023-04-06,SO0002L09P,S,SO,0.0,0,0.0,0.0
2023-04-06,SO0005L04P,S,SO,0.0,0,0.0,0.0
2023-04-06,SO0500M24P,S,SO,0.0,0,0.0,0.0
2023-04-06,SOP001L12P,S,SOP,105.0,1537,5.0,0.0
2023-04-06,SOS001L12P,S,SOS,13864.41503623188,11287,11034.99909420289,13837.0
2023-04-06,SOS002L09P,S,SOS,8991.217995169081,0,5514.887016908211,4439.0
2023-04-06,SOS003L04P,S,SOS,2203.750000000002,1295,1752.799999999999,1480.0
2023-04-06,SOS005L04P,S,SOS,11791.0,11312,7618.25,9741.0
2023-04-06,SOS008L02P,S,SOS,1072.0,0,875.0000000000001,20.0
2023-04-06,SOS250M48P,S,SOS,478.9999999999998,0,571.9999999999998,625.0
2023-04-06,SOS500M24P,S,SOS,5063.000000000001,5503,3246.000000000001,3922.0
2023-04-07,AT5X5K,A,AT,0.0,1000,58.0,30.0
2023-04-07,ATN01K24P,A,ATN,0.0,2000,896.0,1983.0
2023-04-07,ATN02K12P,A,ATN,0.0,300,85.0,5.0
2023-04-07,ATPA1K24P,A,ATPA,0.0,0,0.0,0.0
2023-04-07,ATPPCH5X5K,A,ATPPCH,0.0,0,0.0,0.0
2023-04-07,ATWWP001K24P,A,ATWWP,0.0,0,0.0,0.0
2023-04-07,ATWWP002K12P,A,ATWWP,0.0,0,0.0,0.0
2023-04-07,EEA200G24P,E,EEA,0.0,0,0.0,0.0
2023-04-07,EEA500G12P,E,EEA,0.0,0,0.0,0.0
2023-04-07,MAC1K25P,M,MAC,0.0,0,0.0,0.0
2023-04-07,MAHS025K,M,MAHS,0.0,29,150.0,180.0
2023-04-07,MAP1K25P,M,MAP,0.0,0,0.0,0.0
2023-04-07,MAPA1K24P,M,MAPA,0.0,0,0.0,0.0
2023-04-07,MAR01K24P,M,MAR,0.0,1210,259.0,860.0
2023-04-07,MAR02K12P,M,MAR,0.0,0,10.0,25.0
2023-04-07,MASR025K,M,MASR,0.0,0,0.0,0.0
2023-04-07,POP001L12P,P,POP,0.0,0,2038.0,1740.0
2023-04-07,POP002L09P,P,POP,0.0,0,179.0,305.0
2023-04-07,POP005L04P,P,POP,0.0,0,72.00000000000001,60.0
2023-04-07,POP015K,P,POP,0.0,0,0.0,0.0
2023-04-07,POP500M24P,P,POP,0.0,0,439.9999999999999,300.0
2023-04-07,POPF01L12P,P,POPF,0.0,0,45.0,50.0
2023-04-07,POV001L24P,P,POV,0.0,0,2752.0,3315.0
2023-04-07,POV002L09P,P,POV,0.0,0,1283.0,2405.0
2023-04-07,POV005L04P,P,POV,0.0,0,846.0,947.0
2023-04-07,POV500M24P,P,POV,0.0,0,1186.0,1199.0
2023-04-07,SE200G24P,S,SE,0.0,177,10.0,0.0
2023-04-07,SE500G24P,S,SE,0.0,510,698.833,600.0
2023-04-07,SO0001L12P,S,SO,0.0,0,0.0,0.0
2023-04-07,SO0002L09P,S,SO,0.0,0,0.0,0.0
2023-04-07,SO0005L04P,S,SO,0.0,0,0.0,0.0
2023-04-07,SO0500M24P,S,SO,0.0,0,0.0,0.0
2023-04-07,SOP001L12P,S,SOP,0.0,0,95.0,0.0
2023-04-07,SOS001L12P,S,SOS,0.0,13640,9409.0,12687.0
2023-04-07,SOS002L09P,S,SOS,0.0,4211,4903.778019323669,3530.0
2023-04-07,SOS003L04P,S,SOS,0.0,0,1498.999999999999,2534.0
2023-04-07,SOS005L04P,S,SOS,0.0,7426,7814.999999999999,9328.0
2023-04-07,SOS008L02P,S,SOS,0.0,0,707.0,510.0
2023-04-07,SOS250M48P,S,SOS,0.0,0,411.9999999999999,443.0
2023-04-07,SOS500M24P,S,SOS,0.0,3274,3129.000000000001,4265.0
2023-04-08,AT5X5K,A,AT,25.0,500,1203.76,1230.0
2023-04-08,ATN01K24P,A,ATN,670.0,2000,1191.791,1220.0
2023-04-08,ATN02K12P,A,ATN,105.0,0,341.0,310.0
2023-04-08,ATPA1K24P,A,ATPA,0.0,0,0.0,0.0
2023-04-08,ATPPCH5X5K,A,ATPPCH,0.0,0,0.0,0.0
2023-04-08,ATWWP001K24P,A,ATWWP,0.0,0,0.0,0.0
2023-04-08,ATWWP002K12P,A,ATWWP,0.0,0,0.0,0.0
2023-04-08,EEA200G24P,E,EEA,0.0,0,0.0,0.0
2023-04-08,EEA500G12P,E,EEA,0.0,0,0.0,0.0
2023-04-08,MAC1K25P,M,MAC,0.0,0,0.0,0.0
2023-04-08,MAHS025K,M,MAHS,0.0,160,30.0,100.0
2023-04-08,MAP1K25P,M,MAP,0.0,0,0.0,0.0
2023-04-08,MAPA1K24P,M,MAPA,0.0,0,0.0,0.0
2023-04-08,MAR01K24P,M,MAR,466.0,630,1390.0,550.0
2023-04-08,MAR02K12P,M,MAR,142.0,0,26.0,250.0
2023-04-08,MASR025K,M,MASR,410.0,150,20.0,20.0
2023-04-08,POP001L12P,P,POP,426.0,766,2648.0,2804.0
2023-04-08,POP002L09P,P,POP,94.0,1,240.0,245.0
2023-04-08,POP005L04P,P,POP,25.0,302,105.0,186.0
2023-04-08,POP015K,P,POP,0.0,0,0.0,0.0
2023-04-08,POP500M24P,P,POP,140.0,506,464.9999999999999,521.0
2023-04-08,POPF01L12P,P,POPF,10.0,0,312.0,750.0
2023-04-08,POV001L24P,P,POV,615.0,0,1422.0,924.0
2023-04-08,POV002L09P,P,POV,115.0,4,897.9999999999999,610.0
2023-04-08,POV005L04P,P,POV,130.0,1200,373.0,326.0
2023-04-08,POV500M24P,P,POV,205.0,2501,1075.0,695.0
2023-04-08,SE200G24P,S,SE,0.0,200,0.0,220.0
2023-04-08,SE500G24P,S,SE,266.0,1000,1004.0,210.0
2023-04-08,SO0001L12P,S,SO,0.0,0,0.0,0.0
2023-04-08,SO0002L09P,S,SO,0.0,0,0.0,0.0
2023-04-08,SO0005L04P,S,SO,0.0,0,0.0,0.0
2023-04-08,SO0500M24P,S,SO,0.0,0,0.0,0.0
2023-04-08,SOP001L12P,S,SOP,10.0,0,719.9999999999999,875.0
2023-04-08,SOS001L12P,S,SOS,3452.748007246376,9006,4324.749003623187,9230.0
2023-04-08,SOS002L09P,S,SOS,1366.997946859904,3000,3346.774033816424,1598.0
2023-04-08,SOS003L04P,S,SOS,699.9999999999999,678,1347.75,2660.0
2023-04-08,SOS005L04P,S,SOS,2873.0,7000,3715.999999999999,7704.0
2023-04-08,SOS008L02P,S,SOS,71.99999999999999,3,203.0,320.0
2023-04-08,SOS250M48P,S,SOS,37.99999999999999,0,27.0,100.0
2023-04-08,SOS500M24P,S,SOS,1022.0,2040,1523.0,4759.0
2023-04-09,AT5X5K,A,AT,1105.4,500,140.0,55.0
2023-04-09,ATN01K24P,A,ATN,5116.292,1000,1614.167,1215.0
2023-04-09,ATN02K12P,A,ATN,827.2490000000001,0,158.0,230.0
2023-04-09,ATPA1K24P,A,ATPA,0.0,0,0.0,0.0
2023-04-09,ATPPCH5X5K,A,ATPPCH,0.0,0,0.0,0.0
2023-04-09,ATWWP001K24P,A,ATWWP,0.0,0,0.0,0.0
2023-04-09,ATWWP002K12P,A,ATWWP,0.417,0,0.0,0.0
2023-04-09,EEA200G24P,E,EEA,0.0,0,0.0,0.0
2023-04-09,EEA500G12P,E,EEA,0.0,0,0.0,0.0
2023-04-09,MAC1K25P,M,MAC,0.0,0,0.0,0.0
2023-04-09,MAHS025K,M,MAHS,3.0,0,100.0,25.0
2023-04-09,MAP1K25P,M,MAP,0.0,0,0.0,0.0
2023-04-09,MAPA1K24P,M,MAPA,0.0,0,0.0,0.0
2023-04-09,MAR01K24P,M,MAR,1715.5,701,921.0,638.0
2023-04-09,MAR02K12P,M,MAR,129.666,0,120.0,130.0
2023-04-09,MASR025K,M,MASR,76.0,0,150.0,100.0
2023-04-09,POP001L12P,P,POP,4988.0,1502,1910.0,840.0
2023-04-09,POP002L09P,P,POP,638.9999999999999,0,74.00000000000001,50.0
2023-04-09,POP005L04P,P,POP,391.0000000000001,0,178.0,88.0
2023-04-09,POP015K,P,POP,0.0,0,0.0,0.0
2023-04-09,POP500M24P,P,POP,1097.0,0,294.0,190.0
2023-04-09,POPF01L12P,P,POPF,140.0,0,30.0,120.0
2023-04-09,POV001L24P,P,POV,5674.999999999996,3117,1349.0,1045.0
2023-04-09,POV002L09P,P,POV,1940.0,0,598.0,9.0
2023-04-09,POV005L04P,P,POV,995.0,0,244.0,230.0
2023-04-09,POV500M24P,P,POV,2333.000000000001,0,629.0,830.0
2023-04-09,SE200G24P,S,SE,88.04208333333334,0,110.0,20.0
2023-04-09,SE500G24P,S,SE,1841.083,500,468.667,753.0
2023-04-09,SO0001L12P,S,SO,0.0,0,0.0,0.0
2023-04-09,SO0002L09P,S,SO,0.0,0,0.0,0.0
2023-04-09,SO0005L04P,S,SO,0.0,0,0.0,0.0
2023-04-09,SO0500M24P,S,SO,0.0,0,0.0,0.0
2023-04-09,SOP001L12P,S,SOP,595.0,0,50.99999999999999,200.0
2023-04-09,SOS001L12P,S,SOS,19457.99999999998,8000,7282.581068840578,9190.0
2023-04-09,SOS002L09P,S,SOS,12983.55501207731,4216,4891.774879227052,3255.0
2023-04-09,SOS003L04P,S,SOS,2635.000000000002,2306,837.9999999999997,1629.0
2023-04-09,SOS005L04P,S,SOS,15870.5,13000,6299.999999999998,8286.0
2023-04-09,SOS008L02P,S,SOS,196.0,1500,397.0,660.0
2023-04-09,SOS250M48P,S,SOS,440.9999999999998,0,150.0,53.0
2023-04-09,SOS500M24P,S,SOS,7121.999999999997,3323,3150.000000000001,3305.0
2023-04-10,AT5X5K,A,AT,975.0,1000,1475.0,1730.0
2023-04-10,ATN01K24P,A,ATN,2246.375,3000,3760.292,3316.0
2023-04-10,ATN02K12P,A,ATN,575.0,1000,875.083,890.0
2023-04-10,ATPA1K24P,A,ATPA,0.0,0,0.0,0.0
2023-04-10,ATPPCH5X5K,A,ATPPCH,0.0,0,0.0,0.0
2023-04-10,ATWWP001K24P,A,ATWWP,2.0,0,0.0,0.0
2023-04-10,ATWWP002K12P,A,ATWWP,0.0,0,0.0,0.0
2023-04-10,EEA200G24P,E,EEA,0.0,0,0.0,0.0
2023-04-10,EEA500G12P,E,EEA,0.0,0,0.0,0.0
2023-04-10,MAC1K25P,M,MAC,0.0,0,0.0,0.0
2023-04-10,MAHS025K,M,MAHS,28.0,0,25.0,0.0
2023-04-10,MAP1K25P,M,MAP,0.0,0,0.0,0.0
2023-04-10,MAPA1K24P,M,MAPA,0.0,0,0.0,0.0
2023-04-10,MAR01K24P,M,MAR,723.0,1000,1126.5,715.0
2023-04-10,MAR02K12P,M,MAR,78.0,200,154.5,50.0
2023-04-10,MASR025K,M,MASR,0.0,0,126.0,110.0
2023-04-10,POP001L12P,P,POP,4100.0,1006,2770.0,640.0
2023-04-10,POP002L09P,P,POP,327.0000000000001,1111,427.0,210.0
2023-04-10,POP005L04P,P,POP,55.0,0,201.0,70.0
2023-04-10,POP015K,P,POP,0.0,0,0.0,0.0
2023-04-10,POP500M24P,P,POP,664.9999999999999,306,622.0,190.0
2023-04-10,POPF01L12P,P,POPF,87.00000000000001,0,70.00000000000001,0.0
2023-04-10,POV001L24P,P,POV,2466.0,2502,3138.0,2070.0
2023-04-10,POV002L09P,P,POV,1306.0,2706,647.0000000000002,445.0
2023-04-10,POV005L04P,P,POV,622.0,0,646.0,372.0
2023-04-10,POV500M24P,P,POV,1479.0,800,1290.0,865.0
2023-04-10,SE200G24P,S,SE,20.0,0,86.0,55.0
2023-04-10,SE500G24P,S,SE,1160.0,1500,1228.083,1778.0
2023-04-10,SO0001L12P,S,SO,0.0,0,0.0,0.0
2023-04-10,SO0002L09P,S,SO,0.0,0,0.0,0.0
2023-04-10,SO0005L04P,S,SO,0.0,0,0.0,0.0
2023-04-10,SO0500M24P,S,SO,0.0,0,0.0,0.0
2023-04-10,SOP001L12P,S,SOP,67.66603260869564,0,330.6660326086956,315.0
2023-04-10,SOS001L12P,S,SOS,10915.5,10000,12500.3329710145,6196.0
2023-04-10,SOS002L09P,S,SOS,6724.554951690816,2964,6462.555012077292,4203.0
2023-04-10,SOS003L04P,S,SOS,1333.0,0,1775.0,795.0
2023-04-10,SOS005L04P,S,SOS,8336.499999999998,7719,10373.0,6323.0
2023-04-10,SOS008L02P,S,SOS,391.9999999999999,2178,817.0000000000002,675.0
2023-04-10,SOS250M48P,S,SOS,509.0,0,192.0,95.0
2023-04-10,SOS500M24P,S,SOS,3825.000000000001,0,4775.000000000001,2455.0
2023-04-11,AT5X5K,A,AT,1567.0,500,721.0,740.0
2023-04-11,ATN01K24P,A,ATN,5137.0,2500,2232.833,3277.0
2023-04-11,ATN02K12P,A,ATN,460.0,0,468.0,510.0
2023-04-11,ATPA1K24P,A,ATPA,0.0,0,0.0,0.0
2023-04-11,ATPPCH5X5K,A,ATPPCH,0.0,0,0.0,0.0
2023-04-11,ATWWP001K24P,A,ATWWP,3.0,0,0.0,0.0
2023-04-11,ATWWP002K12P,A,ATWWP,15.0,0,0.0,0.0
2023-04-11,EEA200G24P,E,EEA,0.0,0,0.0,0.0
2023-04-11,EEA500G12P,E,EEA,0.0,0,0.0,0.0
2023-04-11,MAC1K25P,M,MAC,0.0,0,0.0,0.0
2023-04-11,MAHS025K,M,MAHS,0.0,0,2.0,15.0
2023-04-11,MAP1K25P,M,MAP,0.0,0,0.0,0.0
2023-04-11,MAPA1K24P,M,MAPA,0.0,0,0.0,0.0
2023-04-11,MAR01K24P,M,MAR,1948.208,1000,796.4990000000001,800.0
2023-04-11,MAR02K12P,M,MAR,213.0,0,165.0,204.0
2023-04-11,MASR025K,M,MASR,168.0,0,9.0,0.0
2023-04-11,POP001L12P,P,POP,2086.0,2014,2254.0,2064.0
2023-04-11,POP002L09P,P,POP,315.0000000000001,0,271.0000000000001,678.0
2023-04-11,POP005L04P,P,POP,102.0,300,60.0,93.0
2023-04-11,POP015K,P,POP,0.0,0,0.0,0.0
2023-04-11,POP500M24P,P,POP,399.9999999999999,1211,317.0,790.0
2023-04-11,POPF01L12P,P,POPF,80.00000000000001,0,90.00000000000001,50.0
2023-04-11,POV001L24P,P,POV,1648.0,5005,3403.0,3125.0
2023-04-11,POV002L09P,P,POV,790.9999999999998,0,1718.0,1550.0
2023-04-11,POV005L04P,P,POV,189.0,1200,683.0,645.0
2023-04-11,POV500M24P,P,POV,1110.0,1901,1688.0,1710.0
2023-04-11,SE200G24P,S,SE,70.0,0,26.0,80.0
2023-04-11,SE500G24P,S,SE,831.0,1385,765.5,800.0
2023-04-11,SO0001L12P,S,SO,0.0,0,0.0,0.0
2023-04-11,SO0002L09P,S,SO,0.0,0,0.0,0.0
2023-04-11,SO0005L04P,S,SO,0.0,0,0.0,0.0
2023-04-11,SO0500M24P,S,SO,0.0,0,0.0,0.0
2023-04-11,SOP001L12P,S,SOP,34.99999999999999,0,264.9999999999999,250.0
2023-04-11,SOS001L12P,S,SOS,8967.337047101453,6199,13803.6670289855,8639.0
2023-04-11,SOS002L09P,S,SOS,7112.329951690821,3050,5349.999999999997,5010.0
2023-04-11,SOS003L04P,S,SOS,1259.999999999999,0,1794.0,989.0
2023-04-11,SOS005L04P,S,SOS,7919.5,7012,8936.999999999995,5366.0
2023-04-11,SOS008L02P,S,SOS,197.9999999999999,1518,289.0,510.0
2023-04-11,SOS250M48P,S,SOS,70.0,2000,515.9999999999999,170.0
2023-04-11,SOS500M24P,S,SOS,2959.0,0,3924.0,2394.0
2023-04-12,AT5X5K,A,AT,1114.0,2000,1394.0,1507.0
2023-04-12,ATN01K24P,A,ATN,3393.5,4000,4619.875,4016.0
2023-04-12,ATN02K12P,A,ATN,275.0,300,504.0,349.0
2023-04-12,ATPA1K24P,A,ATPA,0.0,0,0.0,0.0
2023-04-12,ATPPCH5X5K,A,ATPPCH,0.0,0,0.0,0.0
2023-04-12,ATWWP001K24P,A,ATWWP,0.0,0,0.0,0.0
2023-04-12,ATWWP002K12P,A,ATWWP,0.0,0,0.0,0.0
2023-04-12,EEA200G24P,E,EEA,0.0,0,0.0,0.0
2023-04-12,EEA500G12P,E,EEA,0.0,0,0.0,0.0
2023-04-12,MAC1K25P,M,MAC,0.0,0,0.0,0.0
2023-04-12,MAHS025K,M,MAHS,0.0,0,0.0,18.0
2023-04-12,MAP1K25P,M,MAP,0.0,0,0.0,0.0
2023-04-12,MAPA1K24P,M,MAPA,0.0,0,0.0,0.0
2023-04-12,MAR01K24P,M,MAR,1541.25,1500,1430.25,1560.0
2023-04-12,MAR02K12P,M,MAR,2.0,0,116.0,0.0
2023-04-12,MASR025K,M,MASR,466.0,200,0.0,200.0
2023-04-12,POP001L12P,P,POP,2314.0000000000005,0,3216.0,1060.0
2023-04-12,POP002L09P,P,POP,185.0,505,201.0000000000001,70.0
2023-04-12,POP005L04P,P,POP,90.0,200,96.0,100.0
2023-04-12,POP015K,P,POP,0.0,0,0.0,0.0
2023-04-12,POP500M24P,P,POP,425.0000000000001,0,329.0,390.0
2023-04-12,POPF01L12P,P,POPF,131.0,0,77.0,0.0
2023-04-12,POV001L24P,P,POV,2074.0,3000,1453.0,2036.0
2023-04-12,POV002L09P,P,POV,934.0,1001,547.0000000000001,795.0
2023-04-12,POV005L04P,P,POV,327.0,601,410.0,200.0
2023-04-12,POV500M24P,P,POV,1244.0,0,1374.0,1067.0
2023-04-12,SE200G24P,S,SE,140.0,0,61.00000000000001,0.0
2023-04-12,SE500G24P,S,SE,1261.5,600,1449.5,926.0
2023-04-12,SO0001L12P,S,SO,0.0,0,0.0,0.0
2023-04-12,SO0002L09P,S,SO,0.0,0,0.0,0.0
2023-04-12,SO0005L04P,S,SO,0.0,0,0.0,0.0
2023-04-12,SO0500M24P,S,SO,0.0,0,0.0,0.0
2023-04-12,SOP001L12P,S,SOP,110.0,0,135.0,50.0
2023-04-12,SOS001L12P,S,SOS,12254.33405797101,8168,7604.170018115941,6953.0
2023-04-12,SOS002L09P,S,SOS,5627.219987922705,1506,4271.232004830916,2279.12
2023-04-12,SOS003L04P,S,SOS,1569.5,0,1322.499999999999,1093.0
2023-04-12,SOS005L04P,S,SOS,8547.5,4059,6926.749999999998,5050.0
2023-04-12,SOS008L02P,S,SOS,1376.0,1211,196.9999999999999,63.0
2023-04-12,SOS250M48P,S,SOS,183.0,1991,113.0,150.0
2023-04-12,SOS500M24P,S,SOS,3534.000000000001,0,3401.0,1877.0
2023-04-13,AT5X5K,A,AT,1573.0,1000,816.0,1320.0
2023-04-13,ATN01K24P,A,ATN,4215.0,4000,2056.0,2075.0
2023-04-13,ATN02K12P,A,ATN,990.0,700,179.0,503.0
2023-04-13,ATPA1K24P,A,ATPA,0.0,0,0.0,0.0
2023-04-13,ATPPCH5X5K,A,ATPPCH,0.0,0,0.0,0.0
2023-04-13,ATWWP001K24P,A,ATWWP,0.0,0,0.0,0.0
2023-04-13,ATWWP002K12P,A,ATWWP,0.0,0,0.0,0.0
2023-04-13,EEA200G24P,E,EEA,0.0,0,0.0,0.0
2023-04-13,EEA500G12P,E,EEA,0.0,0,0.0,0.0
2023-04-13,MAC1K25P,M,MAC,0.0,0,0.0,0.0
2023-04-13,MAHS025K,M,MAHS,0.0,0,21.0,0.0
2023-04-13,MAP1K25P,M,MAP,0.0,0,0.0,0.0
2023-04-13,MAPA1K24P,M,MAPA,0.0,0,0.0,0.0
2023-04-13,MAR01K24P,M,MAR,1328.41,1000,1371.0,1303.0
2023-04-13,MAR02K12P,M,MAR,407.0,300,48.0,200.0
2023-04-13,MASR025K,M,MASR,382.0,400,107.0,65.0
2023-04-13,POP001L12P,P,POP,2294.0,0,1042.0,290.0
2023-04-13,POP002L09P,P,POP,337.0000000000001,0,195.0,405.0
2023-04-13,POP005L04P,P,POP,305.0,0,109.0,130.0
2023-04-13,POP015K,P,POP,0.0,0,0.0,0.0
2023-04-13,POP500M24P,P,POP,725.0000000000001,1008,354.9999999999999,840.0
2023-04-13,POPF01L12P,P,POPF,130.0,0,61.0,0.0
2023-04-13,POV001L24P,P,POV,4713.000000000001,1000,2427.0,3021.0
2023-04-13,POV002L09P,P,POV,1650.0,0,906.0000000000002,917.0
2023-04-13,POV005L04P,P,POV,875.0,0,302.0,472.0
2023-04-13,POV500M24P,P,POV,1863.0,2000,1136.0,1195.0
2023-04-13,SE200G24P,S,SE,110.0,0,59.00000000000001,0.0
2023-04-13,SE500G24P,S,SE,1248.0,500,675.0,820.0
2023-04-13,SO0001L12P,S,SO,0.0,0,0.0,0.0
2023-04-13,SO0002L09P,S,SO,0.0,0,0.0,0.0
2023-04-13,SO0005L04P,S,SO,0.0,0,0.0,0.0
2023-04-13,SO0500M24P,S,SO,0.0,0,0.0,0.0
2023-04-13,SOP001L12P,S,SOP,0.0,0,25.0,5.0
2023-04-13,SOS001L12P,S,SOS,17552.3329710145,11061,11786.33405797101,10404.0
2023-04-13,SOS002L09P,S,SOS,9639.329951690825,3050,3208.989975845409,3082.77
2023-04-13,SOS003L04P,S,SOS,2966.500000000003,0,1273.0,937.0
2023-04-13,SOS005L04P,S,SOS,14538.74999999999,4065,8332.999999999998,6874.0
2023-04-13,SOS008L02P,S,SOS,728.5,1507,525.0,180.0
2023-04-13,SOS250M48P,S,SOS,180.0,0,240.0,230.0
2023-04-13,SOS500M24P,S,SOS,5084.542028985508,1500,3286.000000000001,2520.0
2023-04-14,AT5X5K,A,AT,0.0,1000,1566.0,1257.0
2023-04-14,ATN01K24P,A,ATN,0.0,5000,4361.0,3712.0
2023-04-14,ATN02K12P,A,ATN,0.0,300,360.0,200.0
2023-04-14,ATPA1K24P,A,ATPA,0.0,0,0.0,0.0
2023-04-14,ATPPCH5X5K,A,ATPPCH,0.0,0,0.0,0.0
2023-04-14,ATWWP001K24P,A,ATWWP,0.0,0,0.0,0.0
2023-04-14,ATWWP002K12P,A,ATWWP,0.0,0,0.0,0.0
2023-04-14,EEA200G24P,E,EEA,0.0,0,0.0,0.0
2023-04-14,EEA500G12P,E,EEA,0.0,0,0.0,0.0
2023-04-14,MAC1K25P,M,MAC,0.0,0,0.0,0.0
2023-04-14,MAHS025K,M,MAHS,0.0,0,0.0,0.0
2023-04-14,MAP1K25P,M,MAP,0.0,0,0.0,0.0
2023-04-14,MAPA1K24P,M,MAPA,0.0,0,0.0,0.0
2023-04-14,MAR01K24P,M,MAR,0.0,1000,1173.0,1165.0
2023-04-14,MAR02K12P,M,MAR,0.0,0,50.0,0.0
2023-04-14,MASR025K,M,MASR,0.0,0,196.0,300.0
2023-04-14,POP001L12P,P,POP,0.0,0,570.0,60.0
2023-04-14,POP002L09P,P,POP,0.0,0,260.0,75.0
2023-04-14,POP005L04P,P,POP,0.0,0,84.0,30.0
2023-04-14,POP015K,P,POP,0.0,0,0.0,0.0
2023-04-14,POP500M24P,P,POP,0.0,505,434.0000000000001,100.0
2023-04-14,POPF01L12P,P,POPF,0.0,0,115.0,0.0
2023-04-14,POV001L24P,P,POV,0.0,0,2740.0,1656.0
2023-04-14,POV002L09P,P,POV,0.0,1007,1225.0,585.0
2023-04-14,POV005L04P,P,POV,0.0,0,519.0000000000001,158.0
2023-04-14,POV500M24P,P,POV,0.0,1508,1231.0,675.0
2023-04-14,SE200G24P,S,SE,0.0,300,94.0,150.0
2023-04-14,SE500G24P,S,SE,0.0,1000,933.0,444.0
2023-04-14,SO0001L12P,S,SO,0.0,0,0.0,0.0
2023-04-14,SO0002L09P,S,SO,0.0,0,0.0,0.0
2023-04-14,SO0005L04P,S,SO,0.0,0,0.0,0.0
2023-04-14,SO0500M24P,S,SO,0.0,0,0.0,0.0
2023-04-14,SOP001L12P,S,SOP,0.0,0,13.0,0.0
2023-04-14,SOS001L12P,S,SOS,0.0,8619,8968.000000000002,6045.0
2023-04-14,SOS002L09P,S,SOS,0.0,4064,3129.999999999999,3578.0
2023-04-14,SOS003L04P,S,SOS,0.0,1518,1845.500000000001,1137.0
2023-04-14,SOS005L04P,S,SOS,0.0,5018,8825.999999999996,5277.0
2023-04-14,SOS008L02P,S,SOS,0.0,0,362.9999999999999,70.0
2023-04-14,SOS250M48P,S,SOS,0.0,0,107.0,70.0
2023-04-14,SOS500M24P,S,SOS,0.0,1001,3341.833967391304,1966.0
2023-04-15,AT5X5K,A,AT,285.0,500,484.0,590.0
2023-04-15,ATN01K24P,A,ATN,757.375,2000,1375.542,2512.0
2023-04-15,ATN02K12P,A,ATN,137.0,1000,273.0,300.0
2023-04-15,ATPA1K24P,A,ATPA,0.0,0,0.0,0.0
2023-04-15,ATPPCH5X5K,A,ATPPCH,0.0,0,0.0,0.0
2023-04-15,ATWWP001K24P,A,ATWWP,0.0,0,0.0,0.0
2023-04-15,ATWWP002K12P,A,ATWWP,0.0,0,0.0,0.0
2023-04-15,EEA200G24P,E,EEA,0.0,0,0.0,0.0
2023-04-15,EEA500G12P,E,EEA,0.0,0,0.0,0.0
2023-04-15,MAC1K25P,M,MAC,0.0,0,0.0,0.0
2023-04-15,MAHS025K,M,MAHS,0.0,10,10.0,0.0
2023-04-15,MAP1K25P,M,MAP,0.0,0,0.0,0.0
2023-04-15,MAPA1K24P,M,MAPA,0.0,0,0.0,0.0
2023-04-15,MAR01K24P,M,MAR,210.375,1000,859.785,480.0
2023-04-15,MAR02K12P,M,MAR,25.0,300,57.0,250.0
2023-04-15,MASR025K,M,MASR,0.0,390,120.0,315.0
2023-04-15,POP001L12P,P,POP,36.0,2000,1452.0000000000002,1412.0
2023-04-15,POP002L09P,P,POP,55.0,0,172.0,155.0
2023-04-15,POP005L04P,P,POP,0.0,200,40.0,285.0
2023-04-15,POP015K,P,POP,0.0,0,0.0,0.0
2023-04-15,POP500M24P,P,POP,0.0,409,583.0,510.0
2023-04-15,POPF01L12P,P,POPF,0.0,0,100.0,0.0
2023-04-15,POV001L24P,P,POV,310.0,1244,1345.0,1330.0
2023-04-15,POV002L09P,P,POV,275.0000000000001,0,311.0000000000001,420.0
2023-04-15,POV005L04P,P,POV,450.0,1301,367.0,970.0
2023-04-15,POV500M24P,P,POV,175.0,1606,514.9999999999999,440.0
2023-04-15,SE200G24P,S,SE,10.0,0,25.0,45.0
2023-04-15,SE500G24P,S,SE,183.0,1200,341.0,666.0
2023-04-15,SO0001L12P,S,SO,0.0,0,0.0,0.0
2023-04-15,SO0002L09P,S,SO,0.0,0,0.0,0.0
2023-04-15,SO0005L04P,S,SO,0.0,0,0.0,0.0
2023-04-15,SO0500M24P,S,SO,0.0,0,0.0,0.0
2023-04-15,SOP001L12P,S,SOP,0.0,0,5.0,0.0
2023-04-15,SOS001L12P,S,SOS,4337.161956521741,5006,7089.665942028987,5800.333000000001
2023-04-15,SOS002L09P,S,SOS,3370.0,3033,2565.332971014492,2461.0
2023-04-15,SOS003L04P,S,SOS,794.5,2000,677.9999999999999,690.0
2023-04-15,SOS005L04P,S,SOS,4415.499999999998,4018,6539.749999999998,3445.0
2023-04-15,SOS008L02P,S,SOS,65.0,0,351.5,1185.0
2023-04-15,SOS250M48P,S,SOS,0.0,0,26.0,300.0
2023-04-15,SOS500M24P,S,SOS,1099.666032608696,2002,1712.0,975.0
2023-04-16,AT5X5K,A,AT,4039.0,500,1010.0,1060.0
2023-04-16,ATN01K24P,A,ATN,6565.242999999999,2000,1759.0,5201.0
2023-04-16,ATN02K12P,A,ATN,921.0,0,370.0,545.0
2023-04-16,ATPA1K24P,A,ATPA,0.0,0,0.0,0.0
2023-04-16,ATPPCH5X5K,A,ATPPCH,0.0,0,0.0,0.0
2023-04-16,ATWWP001K24P,A,ATWWP,0.0,0,0.0,0.0
2023-04-16,ATWWP002K12P,A,ATWWP,0.0,0,0.0,0.0
2023-04-16,EEA200G24P,E,EEA,0.0,0,0.0,0.0
2023-04-16,EEA500G12P,E,EEA,0.0,0,0.0,0.0
2023-04-16,MAC1K25P,M,MAC,10.0,0,0.0,0.0
2023-04-16,MAHS025K,M,MAHS,0.0,0,0.0,0.0
2023-04-16,MAP1K25P,M,MAP,0.0,0,0.0,0.0
2023-04-16,MAPA1K24P,M,MAPA,0.0,0,0.0,0.0
2023-04-16,MAR01K24P,M,MAR,2194.125,620,165.0,1765.0
2023-04-16,MAR02K12P,M,MAR,15.0,5,174.0,0.0
2023-04-16,MASR025K,M,MASR,0.0,12,346.0,50.0
2023-04-16,POP001L12P,P,POP,5402.0,4006,1343.9999999999998,2880.0
2023-04-16,POP002L09P,P,POP,547.0000000000001,203,419.0000000000001,100.0
2023-04-16,POP005L04P,P,POP,105.0,0,257.0,100.0
2023-04-16,POP015K,P,POP,0.0,0,0.0,0.0
2023-04-16,POP500M24P,P,POP,668.9999999999999,0,455.0000000000001,60.0
2023-04-16,POPF01L12P,P,POPF,166.0,0,16.0,0.0
2023-04-16,POV001L24P,P,POV,4148.0,3592,1668.0,1300.0
2023-04-16,POV002L09P,P,POV,1018.0,1319,987.0,1137.0
2023-04-16,POV005L04P,P,POV,997.0,0,465.0,175.0
2023-04-16,POV500M24P,P,POV,2068.0,0,684.9999999999999,1130.0
2023-04-16,SE200G24P,S,SE,25.0,200,30.0,150.0
2023-04-16,SE500G24P,S,SE,1373.16,500,496.167,1180.0
2023-04-16,SO0001L12P,S,SO,0.0,0,0.0,0.0
2023-04-16,SO0002L09P,S,SO,0.0,0,0.0,0.0
2023-04-16,SO0005L04P,S,SO,0.0,0,0.0,0.0
2023-04-16,SO0500M24P,S,SO,0.0,0,0.0,0.0
2023-04-16,SOP001L12P,S,SOP,189.0,0,10.0,0.0
2023-04-16,SOS001L12P,S,SOS,17235.74701086956,5000,7180.914039855074,7556.08
2023-04-16,SOS002L09P,S,SOS,9860.776992753625,2686,3125.996980676327,3337.777
2023-04-16,SOS003L04P,S,SOS,2826.666032608699,2503,1496.5,1315.5
2023-04-16,SOS005L04P,S,SOS,11891.5,7021,6025.25,4981.25
2023-04-16,SOS008L02P,S,SOS,412.0000000000001,0,880.9999999999999,670.0
2023-04-16,SOS250M48P,S,SOS,190.0,0,120.0,50.0
2023-04-16,SOS500M24P,S,SOS,6056.665036231887,2502,2145.666032608696,1695.666
2023-04-17,AT5X5K,A,AT,2169.0,2000,2380.8,2367.0
2023-04-17,ATN01K24P,A,ATN,5853.0,5000,3378.0,1301.0
2023-04-17,ATN02K12P,A,ATN,848.0,500,613.0,660.0
2023-04-17,ATPA1K24P,A,ATPA,0.0,0,0.0,0.0
2023-04-17,ATPPCH5X5K,A,ATPPCH,0.0,0,0.0,0.0
2023-04-17,ATWWP001K24P,A,ATWWP,0.0,0,0.0,0.0
2023-04-17,ATWWP002K12P,A,ATWWP,26.0,0,0.0,0.0
2023-04-17,EEA200G24P,E,EEA,0.0,0,0.0,0.0
2023-04-17,EEA500G12P,E,EEA,0.0,0,0.0,0.0
2023-04-17,MAC1K25P,M,MAC,0.0,0,0.0,0.0
2023-04-17,MAHS025K,M,MAHS,0.0,0,0.0,0.0
2023-04-17,MAP1K25P,M,MAP,0.0,0,0.0,0.0
2023-04-17,MAPA1K24P,M,MAPA,0.0,0,0.0,0.0
2023-04-17,MAR01K24P,M,MAR,1221.0,1000,1120.0,345.0
2023-04-17,MAR02K12P,M,MAR,104.0,0,134.0,200.0
2023-04-17,MASR025K,M,MASR,44.0,0,0.0,50.0
2023-04-17,POP001L12P,P,POP,1577.9999999999998,3000,1616.0,2380.0
2023-04-17,POP002L09P,P,POP,396.0,3,162.0,129.0
2023-04-17,POP005L04P,P,POP,46.00000000000001,0,87.00000000000001,60.0
2023-04-17,POP015K,P,POP,0.0,0,0.0,0.0
2023-04-17,POP500M24P,P,POP,488.9999999999999,506,426.0000000000001,385.0
2023-04-17,POPF01L12P,P,POPF,60.00000000000001,0,10.0,0.0
2023-04-17,POV001L24P,P,POV,3071.0,1503,3271.0,2275.0
2023-04-17,POV002L09P,P,POV,649.0000000000002,0,347.0000000000001,182.0
2023-04-17,POV005L04P,P,POV,430.0,0,552.0,389.0
2023-04-17,POV500M24P,P,POV,1332.0,702,1858.000000000001,1045.0
2023-04-17,SE200G24P,S,SE,116.0,0,46.00000000000001,0.0
2023-04-17,SE500G24P,S,SE,1156.0,700,1369.0,540.0
2023-04-17,SO0001L12P,S,SO,0.0,0,0.0,0.0
2023-04-17,SO0002L09P,S,SO,0.0,0,0.0,0.0
2023-04-17,SO0005L04P,S,SO,0.0,0,0.0,0.0
2023-04-17,SO0500M24P,S,SO,0.0,0,0.0,0.0
2023-04-17,SOP001L12P,S,SOP,0.0,0,179.0,168.0
2023-04-17,SOS001L12P,S,SOS,10195.00108695652,8502,14228.24692028984,9584.33
2023-04-17,SOS002L09P,S,SOS,6117.000000000002,4525,5371.0,4520.0
2023-04-17,SOS003L04P,S,SOS,2578.66702898551,2010,2206.666032608695,1281.666
2023-04-17,SOS005L04P,S,SOS,8639.999999999996,4046,8643.0,5471.0
2023-04-17,SOS008L02P,S,SOS,455.9999999999999,0,749.0,100.0
2023-04-17,SOS250M48P,S,SOS,163.0,0,97.99999999999996,0.0
2023-04-17,SOS500M24P,S,SOS,3860.667028985508,1053,4754.665036231884,2929.665
2023-04-18,AT5X5K,A,AT,2811.0,2500,1690.0,1335.0
2023-04-18,ATN01K24P,A,ATN,6147.0,5000,4630.833,3120.0
2023-04-18,ATN02K12P,A,ATN,1534.667,300,614.833,267.0
2023-04-18,ATPA1K24P,A,ATPA,0.0,0,0.0,0.0
2023-04-18,ATPPCH5X5K,A,ATPPCH,0.0,0,0.0,0.0
2023-04-18,ATWWP001K24P,A,ATWWP,10.0,0,0.0,0.0
2023-04-18,ATWWP002K12P,A,ATWWP,0.0,0,0.0,0.0
2023-04-18,EEA200G24P,E,EEA,0.0,0,0.0,0.0
2023-04-18,EEA500G12P,E,EEA,0.0,0,0.0,0.0
2023-04-18,MAC1K25P,M,MAC,0.0,0,0.0,0.0
2023-04-18,MAHS025K,M,MAHS,10.0,0,0.0,0.0
2023-04-18,MAP1K25P,M,MAP,0.0,0,0.0,0.0
2023-04-18,MAPA1K24P,M,MAPA,0.0,0,0.0,0.0
2023-04-18,MAR01K24P,M,MAR,924.0,1500,1408.125,1600.0
2023-04-18,MAR02K12P,M,MAR,40.0,0,113.0,10.0
2023-04-18,MASR025K,M,MASR,30.0,300,82.0,0.0
2023-04-18,POP001L12P,P,POP,2070.0,1000,4136.0,4990.0
2023-04-18,POP002L09P,P,POP,154.0,0,113.0,0.0
2023-04-18,POP005L04P,P,POP,15.0,206,90.0,65.0
2023-04-18,POP015K,P,POP,0.0,0,0.0,0.0
2023-04-18,POP500M24P,P,POP,302.0,502,355.0000000000001,360.0
2023-04-18,POPF01L12P,P,POPF,250.0,0,79.0,320.0
2023-04-18,POV001L24P,P,POV,1928.0,1459,3140.0,3283.0
2023-04-18,POV002L09P,P,POV,965.0,2011,535.0,526.0
2023-04-18,POV005L04P,P,POV,470.0,943,638.0,790.0
2023-04-18,POV500M24P,P,POV,723.9999999999999,1008,1213.0,1139.0
2023-04-18,SE200G24P,S,SE,72.00000000000001,0,164.0,70.0
2023-04-18,SE500G24P,S,SE,1293.0,1500,855.0,645.0
2023-04-18,SO0001L12P,S,SO,0.0,0,0.0,0.0
2023-04-18,SO0002L09P,S,SO,0.0,0,0.0,0.0
2023-04-18,SO0005L04P,S,SO,0.0,0,0.0,0.0
2023-04-18,SO0500M24P,S,SO,0.0,0,0.0,0.0
2023-04-18,SOP001L12P,S,SOP,130.0,0,10.0,0.0
2023-04-18,SOS001L12P,S,SOS,9104.667028985505,10004,10776.0,10591.0
2023-04-18,SOS002L09P,S,SOS,3495.999999999999,7660,4296.0,7605.0
2023-04-18,SOS003L04P,S,SOS,1039.0,2006,1432.75,1930.0
2023-04-18,SOS005L04P,S,SOS,5853.000000000001,6006,7811.250000000001,6291.0
2023-04-18,SOS008L02P,S,SOS,165.0,0,277.9999999999999,482.0
2023-04-18,SOS250M48P,S,SOS,274.9999999999999,0,160.0,135.0
2023-04-18,SOS500M24P,S,SOS,3968.500000000001,1051,3561.500000000001,2478.0
2023-04-19,AT5X5K,A,AT,630.0,3000,2145.0,2531.0
2023-04-19,ATN01K24P,A,ATN,957.0,5000,3914.243,6075.0
2023-04-19,ATN02K12P,A,ATN,743.0,1000,1073.0,1174.0
2023-04-19,ATPA1K24P,A,ATPA,0.0,0,0.0,0.0
2023-04-19,ATPPCH5X5K,A,ATPPCH,0.0,0,0.0,0.0
2023-04-19,ATWWP001K24P,A,ATWWP,11.0,0,0.0,0.0
2023-04-19,ATWWP002K12P,A,ATWWP,0.0,0,0.0,0.0
2023-04-19,EEA200G24P,E,EEA,0.0,0,0.0,0.0
2023-04-19,EEA500G12P,E,EEA,0.0,0,0.0,0.0
2023-04-19,MAC1K25P,M,MAC,0.0,0,0.0,0.0
2023-04-19,MAHS025K,M,MAHS,0.0,0,0.0,0.0
2023-04-19,MAP1K25P,M,MAP,0.0,0,0.0,0.0
2023-04-19,MAPA1K24P,M,MAPA,0.0,0,0.0,0.0
2023-04-19,MAR01K24P,M,MAR,122.0,1500,1244.0,423.0
2023-04-19,MAR02K12P,M,MAR,305.0,103,74.0,60.0
2023-04-19,MASR025K,M,MASR,360.0,0,182.0,335.0
2023-04-19,POP001L12P,P,POP,102.0,3000,3098.0,1528.0
2023-04-19,POP002L09P,P,POP,50.0,0,67.0,0.0
2023-04-19,POP005L04P,P,POP,0.0,0,29.0,30.0
2023-04-19,POP015K,P,POP,0.0,0,0.0,0.0
2023-04-19,POP500M24P,P,POP,40.0,305,419.9999999999999,353.0
2023-04-19,POPF01L12P,P,POPF,0.0,448,385.0,100.0
2023-04-19,POV001L24P,P,POV,225.0,2438,1994.0,2210.0
2023-04-19,POV002L09P,P,POV,38.0,2379,1025.0,1939.0
2023-04-19,POV005L04P,P,POV,25.0,1006,530.0,530.0
2023-04-19,POV500M24P,P,POV,226.0,1200,795.0,845.0
2023-04-19,SE200G24P,S,SE,5.0,0,16.0,60.0
2023-04-19,SE500G24P,S,SE,221.0,1000,586.16,920.0
2023-04-19,SO0001L12P,S,SO,0.0,0,0.0,0.0
2023-04-19,SO0002L09P,S,SO,0.0,0,0.0,0.0
2023-04-19,SO0005L04P,S,SO,0.0,0,0.0,0.0
2023-04-19,SO0500M24P,S,SO,0.0,0,0.0,0.0
2023-04-19,SOP001L12P,S,SOP,0.0,506,69.99999999999999,0.0
2023-04-19,SOS001L12P,S,SOS,819.3299818840578,11502,8215.497010869565,5527.0
2023-04-19,SOS002L09P,S,SOS,314.0,15055,3955.001026570048,14202.0
2023-04-19,SOS003L04P,S,SOS,100.0,1800,1178.249999999999,899.0
2023-04-19,SOS005L04P,S,SOS,925.0,7003,6692.249999999999,3753.0
2023-04-19,SOS008L02P,S,SOS,150.0,0,648.0000000000002,450.0
2023-04-19,SOS250M48P,S,SOS,0.0,0,349.9999999999999,200.0
2023-04-19,SOS500M24P,S,SOS,219.0,2517,3590.000000000001,1585.0
2023-04-20,AT5X5K,A,AT,105.0,2500,1371.0,1310.0
2023-04-20,ATN01K24P,A,ATN,176.0,4000,3820.0,3018.0
2023-04-20,ATN02K12P,A,ATN,219.0,800,501.0,520.0
2023-04-20,ATPA1K24P,A,ATPA,0.0,0,0.0,0.0
2023-04-20,ATPPCH5X5K,A,ATPPCH,0.0,0,0.0,0.0
2023-04-20,ATWWP001K24P,A,ATWWP,0.0,0,0.0,0.0
2023-04-20,ATWWP002K12P,A,ATWWP,0.0,0,0.0,0.0
2023-04-20,EEA200G24P,E,EEA,0.0,0,0.0,0.0
2023-04-20,EEA500G12P,E,EEA,0.0,0,0.0,0.0
2023-04-20,MAC1K25P,M,MAC,0.0,0,0.0,0.0
2023-04-20,MAHS025K,M,MAHS,0.0,0,0.0,0.0
2023-04-20,MAP1K25P,M,MAP,0.0,0,0.0,0.0
2023-04-20,MAPA1K24P,M,MAPA,0.0,0,0.0,0.0
2023-04-20,MAR01K24P,M,MAR,30.0,1150,660.0,182.0
2023-04-20,MAR02K12P,M,MAR,10.0,0,70.0,0.0
2023-04-20,MASR025K,M,MASR,0.0,0,310.0,40.0
2023-04-20,POP001L12P,P,POP,0.0,1476,1626.0000000000002,240.0
2023-04-20,POP002L09P,P,POP,0.0,703,31.0,0.0
2023-04-20,POP005L04P,P,POP,0.0,0,26.0,5.0
2023-04-20,POP015K,P,POP,0.0,0,0.0,0.0
2023-04-20,POP500M24P,P,POP,0.0,204,232.0,10.0
2023-04-20,POPF01L12P,P,POPF,0.0,0,0.0,0.0
2023-04-20,POV001L24P,P,POV,297.0,2951,782.0000000000002,397.0
2023-04-20,POV002L09P,P,POV,83.0,362,514.0,400.0
2023-04-20,POV005L04P,P,POV,80.0,500,165.0,50.0
2023-04-20,POV500M24P,P,POV,120.0,1565,320.0,130.0
2023-04-20,SE200G24P,S,SE,0.0,2,20.0,0.0
2023-04-20,SE500G24P,S,SE,4.0,1000,656.0,680.0
2023-04-20,SO0001L12P,S,SO,0.0,0,0.0,0.0
2023-04-20,SO0002L09P,S,SO,0.0,0,0.0,0.0
2023-04-20,SO0005L04P,S,SO,0.0,0,0.0,0.0
2023-04-20,SO0500M24P,S,SO,0.0,0,0.0,0.0
2023-04-20,SOP001L12P,S,SOP,0.0,0,0.0,0.0
2023-04-20,SOS001L12P,S,SOS,504.9999999999999,6944,2681.0,955.0
2023-04-20,SOS002L09P,S,SOS,255.0,11688,5961.0,6185.0
2023-04-20,SOS003L04P,S,SOS,120.0,0,409.0,160.0
2023-04-20,SOS005L04P,S,SOS,495.9999999999999,4388,1803.0,419.0
2023-04-20,SOS008L02P,S,SOS,0.0,0,45.00000000000001,0.0
2023-04-20,SOS250M48P,S,SOS,0.0,0,0.0,0.0
2023-04-20,SOS500M24P,S,SOS,131.0,1511,1043.0,379.0
2023-04-21,AT5X5K,A,AT,0.0,0,98.0,0.0
2023-04-21,ATN01K24P,A,ATN,0.0,0,344.0,0.0
2023-04-21,ATN02K12P,A,ATN,0.0,0,15.0,0.0
2023-04-21,ATPA1K24P,A,ATPA,0.0,0,0.0,0.0
2023-04-21,ATPPCH5X5K,A,ATPPCH,0.0,0,0.0,0.0
2023-04-21,ATWWP001K24P,A,ATWWP,0.0,0,0.0,0.0
2023-04-21,ATWWP002K12P,A,ATWWP,0.0,0,0.0,0.0
2023-04-21,EEA200G24P,E,EEA,0.0,0,0.0,0.0
2023-04-21,EEA500G12P,E,EEA,0.0,0,0.0,0.0
2023-04-21,MAC1K25P,M,MAC,0.0,0,0.0,0.0
2023-04-21,MAHS025K,M,MAHS,0.0,0,0.0,0.0
2023-04-21,MAP1K25P,M,MAP,0.0,0,0.0,0.0
2023-04-21,MAPA1K24P,M,MAPA,0.0,0,0.0,0.0
2023-04-21,MAR01K24P,M,MAR,0.0,0,19.0,0.0
2023-04-21,MAR02K12P,M,MAR,0.0,0,0.0,0.0
2023-04-21,MASR025K,M,MASR,0.0,0,0.0,0.0
2023-04-21,POP001L12P,P,POP,0.0,0,184.0,0.0
2023-04-21,POP002L09P,P,POP,0.0,0,0.0,0.0
2023-04-21,POP005L04P,P,POP,0.0,0,0.0,0.0
2023-04-21,POP015K,P,POP,0.0,0,0.0,0.0
2023-04-21,POP500M24P,P,POP,0.0,0,62.0,0.0
2023-04-21,POPF01L12P,P,POPF,0.0,0,0.0,0.0
2023-04-21,POV001L24P,P,POV,0.0,0,52.0,0.0
2023-04-21,POV002L09P,P,POV,0.0,0,198.0,0.0
2023-04-21,POV005L04P,P,POV,0.0,0,4.0,0.0
2023-04-21,POV500M24P,P,POV,0.0,0,0.0,0.0
2023-04-21,SE200G24P,S,SE,0.0,0,40.0,0.0
2023-04-21,SE500G24P,S,SE,0.0,0,192.0,0.0
2023-04-21,SO0001L12P,S,SO,0.0,0,0.0,0.0
2023-04-21,SO0002L09P,S,SO,0.0,0,0.0,0.0
2023-04-21,SO0005L04P,S,SO,0.0,0,0.0,0.0
2023-04-21,SO0500M24P,S,SO,0.0,0,0.0,0.0
2023-04-21,SOP001L12P,S,SOP,0.0,0,0.0,0.0
2023-04-21,SOS001L12P,S,SOS,0.0,0,300.0,0.0
2023-04-21,SOS002L09P,S,SOS,0.0,0,1004.0,0.0
2023-04-21,SOS003L04P,S,SOS,0.0,0,40.0,0.0
2023-04-21,SOS005L04P,S,SOS,0.0,0,49.99999999999999,0.0
2023-04-21,SOS008L02P,S,SOS,0.0,0,12.0,0.0
2023-04-21,SOS250M48P,S,SOS,0.0,0,0.0,0.0
2023-04-21,SOS500M24P,S,SOS,0.0,0,104.0,0.0
2023-04-22,AT5X5K,A,AT,0.0,0,0.0,0.0
2023-04-22,ATN01K24P,A,ATN,0.0,0,0.0,0.0
2023-04-22,ATN02K12P,A,ATN,0.0,0,0.0,0.0
2023-04-22,ATPA1K24P,A,ATPA,0.0,0,0.0,0.0
2023-04-22,ATPPCH5X5K,A,ATPPCH,0.0,0,0.0,0.0
2023-04-22,ATWWP001K24P,A,ATWWP,0.0,0,0.0,0.0
2023-04-22,ATWWP002K12P,A,ATWWP,0.0,0,0.0,0.0
2023-04-22,EEA200G24P,E,EEA,0.0,0,0.0,0.0
2023-04-22,EEA500G12P,E,EEA,0.0,0,0.0,0.0
2023-04-22,MAC1K25P,M,MAC,0.0,0,0.0,0.0
2023-04-22,MAHS025K,M,MAHS,0.0,0,0.0,0.0
2023-04-22,MAP1K25P,M,MAP,0.0,0,0.0,0.0
2023-04-22,MAPA1K24P,M,MAPA,0.0,0,0.0,0.0
2023-04-22,MAR01K24P,M,MAR,0.0,0,0.0,0.0
2023-04-22,MAR02K12P,M,MAR,0.0,0,0.0,0.0
2023-04-22,MASR025K,M,MASR,0.0,0,0.0,0.0
2023-04-22,POP001L12P,P,POP,0.0,0,0.0,0.0
2023-04-22,POP002L09P,P,POP,0.0,0,0.0,0.0
2023-04-22,POP005L04P,P,POP,0.0,0,0.0,0.0
2023-04-22,POP015K,P,POP,0.0,0,0.0,0.0
2023-04-22,POP500M24P,P,POP,0.0,0,0.0,0.0
2023-04-22,POPF01L12P,P,POPF,0.0,0,0.0,0.0
2023-04-22,POV001L24P,P,POV,0.0,0,0.0,0.0
2023-04-22,POV002L09P,P,POV,0.0,0,0.0,0.0
2023-04-22,POV005L04P,P,POV,0.0,0,0.0,0.0
2023-04-22,POV500M24P,P,POV,0.0,0,0.0,0.0
2023-04-22,SE200G24P,S,SE,0.0,0,0.0,0.0
2023-04-22,SE500G24P,S,SE,0.0,0,0.0,0.0
2023-04-22,SO0001L12P,S,SO,0.0,0,0.0,0.0
2023-04-22,SO0002L09P,S,SO,0.0,0,0.0,0.0
2023-04-22,SO0005L04P,S,SO,0.0,0,0.0,0.0
2023-04-22,SO0500M24P,S,SO,0.0,0,0.0,0.0
2023-04-22,SOP001L12P,S,SOP,0.0,0,0.0,0.0
2023-04-22,SOS001L12P,S,SOS,0.0,0,0.0,0.0
2023-04-22,SOS002L09P,S,SOS,0.0,0,0.0,0.0
2023-04-22,SOS003L04P,S,SOS,0.0,0,0.0,0.0
2023-04-22,SOS005L04P,S,SOS,0.0,0,0.0,0.0
2023-04-22,SOS008L02P,S,SOS,0.0,0,0.0,0.0
2023-04-22,SOS250M48P,S,SOS,0.0,0,0.0,0.0
2023-04-22,SOS500M24P,S,SOS,0.0,0,0.0,0.0
2023-04-23,AT5X5K,A,AT,0.0,0,0.0,0.0
2023-04-23,ATN01K24P,A,ATN,0.0,0,0.0,0.0
2023-04-23,ATN02K12P,A,ATN,0.0,0,0.0,0.0
2023-04-23,ATPA1K24P,A,ATPA,0.0,0,0.0,0.0
2023-04-23,ATPPCH5X5K,A,ATPPCH,0.0,0,0.0,0.0
2023-04-23,ATWWP001K24P,A,ATWWP,0.0,0,0.0,0.0
2023-04-23,ATWWP002K12P,A,ATWWP,0.0,0,0.0,0.0
2023-04-23,EEA200G24P,E,EEA,0.0,0,0.0,0.0
2023-04-23,EEA500G12P,E,EEA,0.0,0,0.0,0.0
2023-04-23,MAC1K25P,M,MAC,0.0,0,0.0,0.0
2023-04-23,MAHS025K,M,MAHS,0.0,0,0.0,0.0
2023-04-23,MAP1K25P,M,MAP,0.0,0,0.0,0.0
2023-04-23,MAPA1K24P,M,MAPA,0.0,0,0.0,0.0
2023-04-23,MAR01K24P,M,MAR,0.0,0,0.0,0.0
2023-04-23,MAR02K12P,M,MAR,0.0,0,0.0,0.0
2023-04-23,MASR025K,M,MASR,0.0,0,0.0,0.0
2023-04-23,POP001L12P,P,POP,0.0,0,0.0,0.0
2023-04-23,POP002L09P,P,POP,0.0,0,0.0,0.0
2023-04-23,POP005L04P,P,POP,0.0,0,0.0,0.0
2023-04-23,POP015K,P,POP,0.0,0,0.0,0.0
2023-04-23,POP500M24P,P,POP,0.0,0,0.0,0.0
2023-04-23,POPF01L12P,P,POPF,0.0,0,0.0,0.0
2023-04-23,POV001L24P,P,POV,0.0,0,0.0,0.0
2023-04-23,POV002L09P,P,POV,0.0,0,0.0,0.0
2023-04-23,POV005L04P,P,POV,0.0,0,0.0,0.0
2023-04-23,POV500M24P,P,POV,0.0,0,0.0,0.0
2023-04-23,SE200G24P,S,SE,0.0,0,0.0,0.0
2023-04-23,SE500G24P,S,SE,0.0,0,0.0,0.0
2023-04-23,SO0001L12P,S,SO,0.0,0,0.0,0.0
2023-04-23,SO0002L09P,S,SO,0.0,0,0.0,0.0
2023-04-23,SO0005L04P,S,SO,0.0,0,0.0,0.0
2023-04-23,SO0500M24P,S,SO,0.0,0,0.0,0.0
2023-04-23,SOP001L12P,S,SOP,0.0,0,0.0,0.0
2023-04-23,SOS001L12P,S,SOS,0.0,0,0.0,0.0
2023-04-23,SOS002L09P,S,SOS,0.0,0,0.0,0.0
2023-04-23,SOS003L04P,S,SOS,0.0,0,0.0,0.0
2023-04-23,SOS005L04P,S,SOS,0.0,0,0.0,0.0
2023-04-23,SOS008L02P,S,SOS,0.0,0,0.0,0.0
2023-04-23,SOS250M48P,S,SOS,0.0,0,0.0,0.0
2023-04-23,SOS500M24P,S,SOS,0.0,0,0.0,0.0
2023-04-24,AT5X5K,A,AT,0.0,0,0.0,0.0
2023-04-24,ATN01K24P,A,ATN,0.0,0,0.0,0.0
2023-04-24,ATN02K12P,A,ATN,0.0,0,0.0,0.0
2023-04-24,ATPA1K24P,A,ATPA,0.0,0,0.0,0.0
2023-04-24,ATPPCH5X5K,A,ATPPCH,0.0,0,0.0,0.0
2023-04-24,ATWWP001K24P,A,ATWWP,0.0,0,0.0,0.0
2023-04-24,ATWWP002K12P,A,ATWWP,0.0,0,0.0,0.0
2023-04-24,EEA200G24P,E,EEA,0.0,0,0.0,0.0
2023-04-24,EEA500G12P,E,EEA,0.0,0,0.0,0.0
2023-04-24,MAC1K25P,M,MAC,0.0,0,0.0,0.0
2023-04-24,MAHS025K,M,MAHS,0.0,0,0.0,0.0
2023-04-24,MAP1K25P,M,MAP,0.0,0,0.0,0.0
2023-04-24,MAPA1K24P,M,MAPA,0.0,0,0.0,0.0
2023-04-24,MAR01K24P,M,MAR,0.0,0,0.0,0.0
2023-04-24,MAR02K12P,M,MAR,0.0,0,0.0,0.0
2023-04-24,MASR025K,M,MASR,0.0,0,0.0,0.0
2023-04-24,POP001L12P,P,POP,0.0,0,0.0,0.0
2023-04-24,POP002L09P,P,POP,0.0,0,0.0,0.0
2023-04-24,POP005L04P,P,POP,0.0,0,0.0,0.0
2023-04-24,POP015K,P,POP,0.0,0,0.0,0.0
2023-04-24,POP500M24P,P,POP,0.0,0,0.0,0.0
2023-04-24,POPF01L12P,P,POPF,0.0,0,0.0,0.0
2023-04-24,POV001L24P,P,POV,0.0,0,0.0,0.0
2023-04-24,POV002L09P,P,POV,0.0,0,0.0,0.0
2023-04-24,POV005L04P,P,POV,0.0,0,0.0,0.0
2023-04-24,POV500M24P,P,POV,0.0,0,0.0,0.0
2023-04-24,SE200G24P,S,SE,0.0,0,0.0,0.0
2023-04-24,SE500G24P,S,SE,0.0,0,0.0,0.0
2023-04-24,SO0001L12P,S,SO,0.0,0,0.0,0.0
2023-04-24,SO0002L09P,S,SO,0.0,0,0.0,0.0
2023-04-24,SO0005L04P,S,SO,0.0,0,0.0,0.0
2023-04-24,SO0500M24P,S,SO,0.0,0,0.0,0.0
2023-04-24,SOP001L12P,S,SOP,0.0,0,0.0,0.0
2023-04-24,SOS001L12P,S,SOS,0.0,0,0.0,0.0
2023-04-24,SOS002L09P,S,SOS,0.0,0,0.0,0.0
2023-04-24,SOS003L04P,S,SOS,0.0,0,0.0,0.0
2023-04-24,SOS005L04P,S,SOS,0.0,0,0.0,0.0
2023-04-24,SOS008L02P,S,SOS,0.0,0,0.0,0.0
2023-04-24,SOS250M48P,S,SOS,0.0,0,0.0,0.0
2023-04-24,SOS500M24P,S,SOS,0.0,0,0.0,0.0
2023-04-25,AT5X5K,A,AT,655.0,0,1078.2,1072.0
2023-04-25,ATN01K24P,A,ATN,2721.0,0,913.167,785.0
2023-04-25,ATN02K12P,A,ATN,165.0,0,91.833,730.0
2023-04-25,ATPA1K24P,A,ATPA,0.0,0,0.0,0.0
2023-04-25,ATPPCH5X5K,A,ATPPCH,0.0,0,0.0,0.0
2023-04-25,ATWWP001K24P,A,ATWWP,5.0,0,0.0,0.0
2023-04-25,ATWWP002K12P,A,ATWWP,0.0,0,0.0,0.0
2023-04-25,EEA200G24P,E,EEA,0.0,0,0.0,0.0
2023-04-25,EEA500G12P,E,EEA,0.0,0,0.0,0.0
2023-04-25,MAC1K25P,M,MAC,0.0,0,0.0,0.0
2023-04-25,MAHS025K,M,MAHS,0.0,0,0.0,0.0
2023-04-25,MAP1K25P,M,MAP,0.0,0,0.0,0.0
2023-04-25,MAPA1K24P,M,MAPA,0.0,0,0.0,0.0
2023-04-25,MAR01K24P,M,MAR,515.0,0,55.0,500.0
2023-04-25,MAR02K12P,M,MAR,0.0,0,0.0,50.0
2023-04-25,MASR025K,M,MASR,20.0,0,10.0,0.0
2023-04-25,POP001L12P,P,POP,1359.9999999999998,0,492.0,618.0
2023-04-25,POP002L09P,P,POP,137.0,0,25.0,300.0
2023-04-25,POP005L04P,P,POP,135.0,0,69.0,0.0
2023-04-25,POP015K,P,POP,0.0,0,0.0,0.0
2023-04-25,POP500M24P,P,POP,324.9999999999999,0,101.0,100.0
2023-04-25,POPF01L12P,P,POPF,90.0,0,51.00000000000001,0.0
2023-04-25,POV001L24P,P,POV,848.9999999999999,0,410.0,470.0
2023-04-25,POV002L09P,P,POV,290.0000000000001,0,270.0000000000001,255.0
2023-04-25,POV005L04P,P,POV,220.0,0,55.0,105.0
2023-04-25,POV500M24P,P,POV,315.0,0,359.0,220.0
2023-04-25,SE200G24P,S,SE,10.0,0,33.0,0.0
2023-04-25,SE500G24P,S,SE,192.0,0,235.0,0.0
2023-04-25,SO0001L12P,S,SO,0.0,0,0.0,0.0
2023-04-25,SO0002L09P,S,SO,0.0,0,0.0,0.0
2023-04-25,SO0005L04P,S,SO,0.0,0,0.0,0.0
2023-04-25,SO0500M24P,S,SO,0.0,0,0.0,0.0
2023-04-25,SOP001L12P,S,SOP,0.0,0,20.0,0.0
2023-04-25,SOS001L12P,S,SOS,1905.0,0,1284.0,2896.0
2023-04-25,SOS002L09P,S,SOS,1365.0,0,4644.998973429951,5143.0
2023-04-25,SOS003L04P,S,SOS,349.9999999999999,0,397.0,345.0
2023-04-25,SOS005L04P,S,SOS,1456.0,0,830.9999999999999,861.0
2023-04-25,SOS008L02P,S,SOS,9.999999999999998,0,0.0,30.0
2023-04-25,SOS250M48P,S,SOS,85.0,0,49.99999999999999,20.0
2023-04-25,SOS500M24P,S,SOS,979.9999999999995,0,606.0,391.0
2023-04-26,AT5X5K,A,AT,1671.0,800,1007.8,685.0
2023-04-26,ATN01K24P,A,ATN,5019.0,3000,1878.001,1890.0
2023-04-26,ATN02K12P,A,ATN,1334.0,500,452.167,286.0
2023-04-26,ATPA1K24P,A,ATPA,0.0,0,0.0,0.0
2023-04-26,ATPPCH5X5K,A,ATPPCH,0.0,0,0.0,0.0
2023-04-26,ATWWP001K24P,A,ATWWP,12.0,0,0.0,0.0
2023-04-26,ATWWP002K12P,A,ATWWP,0.0,0,0.0,0.0
2023-04-26,EEA200G24P,E,EEA,0.0,0,0.0,0.0
2023-04-26,EEA500G12P,E,EEA,0.0,0,0.0,0.0
2023-04-26,MAC1K25P,M,MAC,0.0,0,0.0,0.0
2023-04-26,MAHS025K,M,MAHS,200.0,0,0.0,0.0
2023-04-26,MAP1K25P,M,MAP,0.0,0,0.0,0.0
2023-04-26,MAPA1K24P,M,MAPA,0.0,0,0.0,0.0
2023-04-26,MAR01K24P,M,MAR,703.0,500,597.0,960.0
2023-04-26,MAR02K12P,M,MAR,75.0,0,0.0,0.0
2023-04-26,MASR025K,M,MASR,243.0,600,20.0,230.0
2023-04-26,POP001L12P,P,POP,9186.0,0,1138.0,2060.0
2023-04-26,POP002L09P,P,POP,329.0,0,233.0,403.0
2023-04-26,POP005L04P,P,POP,155.0,0,82.00000000000001,100.0
2023-04-26,POP015K,P,POP,0.0,0,0.0,0.0
2023-04-26,POP500M24P,P,POP,389.9999999999999,0,40.0,290.0
2023-04-26,POPF01L12P,P,POPF,179.0,0,0.0,300.0
2023-04-26,POV001L24P,P,POV,2564.0,0,1219.0,1010.0
2023-04-26,POV002L09P,P,POV,840.9999999999999,0,339.0,1235.0
2023-04-26,POV005L04P,P,POV,220.0,0,300.0,325.0
2023-04-26,POV500M24P,P,POV,1021.0,0,474.0,430.0
2023-04-26,SE200G24P,S,SE,60.0,0,20.0,0.0
2023-04-26,SE500G24P,S,SE,881.0,500,264.5,150.0
2023-04-26,SO0001L12P,S,SO,0.0,0,0.0,0.0
2023-04-26,SO0002L09P,S,SO,0.0,0,0.0,0.0
2023-04-26,SO0005L04P,S,SO,0.0,0,0.0,0.0
2023-04-26,SO0500M24P,S,SO,0.0,0,0.0,0.0
2023-04-26,SOP001L12P,S,SOP,15.0,0,5.0,150.0
2023-04-26,SOS001L12P,S,SOS,6316.999999999997,0,2562.0,8112.0
2023-04-26,SOS002L09P,S,SOS,3924.999999999997,4092,3702.999999999997,3594.0
2023-04-26,SOS003L04P,S,SOS,835.9999999999997,0,378.0000000000001,885.0
2023-04-26,SOS005L04P,S,SOS,4237.0,2108,2280.0,5540.0
2023-04-26,SOS008L02P,S,SOS,871.0,0,364.0,185.0
2023-04-26,SOS250M48P,S,SOS,65.0,0,65.0,55.0
2023-04-26,SOS500M24P,S,SOS,2162.000000000001,0,1396.0,2883.0
2023-04-27,AT5X5K,A,AT,1940.0,2000,1009.0,1774.0
2023-04-27,ATN01K24P,A,ATN,6103.5,5000,4196.0,5900.0
2023-04-27,ATN02K12P,A,ATN,1637.667,1000,733.0,809.0
2023-04-27,ATPA1K24P,A,ATPA,0.0,0,0.0,0.0
2023-04-27,ATPPCH5X5K,A,ATPPCH,0.0,0,0.0,0.0
2023-04-27,ATWWP001K24P,A,ATWWP,1.0,0,0.0,0.0
2023-04-27,ATWWP002K12P,A,ATWWP,0.0,0,0.0,0.0
2023-04-27,EEA200G24P,E,EEA,0.0,0,0.0,0.0
2023-04-27,EEA500G12P,E,EEA,0.0,0,0.0,0.0
2023-04-27,MAC1K25P,M,MAC,0.0,0,0.0,0.0
2023-04-27,MAHS025K,M,MAHS,5.0,0,0.0,0.0
2023-04-27,MAP1K25P,M,MAP,0.0,0,0.0,0.0
2023-04-27,MAPA1K24P,M,MAPA,0.0,0,0.0,0.0
2023-04-27,MAR01K24P,M,MAR,1261.708,1500,698.0,885.0
2023-04-27,MAR02K12P,M,MAR,161.167,0,69.0,175.0
2023-04-27,MASR025K,M,MASR,423.0,300,305.0,420.0
2023-04-27,POP001L12P,P,POP,6264.0,0,1679.9999999999998,340.0
2023-04-27,POP002L09P,P,POP,165.0,0,177.0,0.0
2023-04-27,POP005L04P,P,POP,57.00000000000001,0,28.0,0.0
2023-04-27,POP015K,P,POP,0.0,0,0.0,0.0
2023-04-27,POP500M24P,P,POP,494.0000000000001,0,261.0,130.0
2023-04-27,POPF01L12P,P,POPF,664.9999999999999,0,203.0,0.0
2023-04-27,POV001L24P,P,POV,3576.999999999999,0,2062.0,1380.0
2023-04-27,POV002L09P,P,POV,1588.0,0,902.0,395.0
2023-04-27,POV005L04P,P,POV,355.0,0,245.0,110.0
2023-04-27,POV500M24P,P,POV,2379.0,0,746.0000000000001,375.0
2023-04-27,SE200G24P,S,SE,117.0,1,11.0,30.0
2023-04-27,SE500G24P,S,SE,1223.917,1000,400.0,1282.0
2023-04-27,SO0001L12P,S,SO,0.0,0,0.0,0.0
2023-04-27,SO0002L09P,S,SO,0.0,0,0.0,0.0
2023-04-27,SO0005L04P,S,SO,0.0,0,0.0,0.0
2023-04-27,SO0500M24P,S,SO,0.0,0,0.0,0.0
2023-04-27,SOP001L12P,S,SOP,185.0,0,10.0,0.0
2023-04-27,SOS001L12P,S,SOS,11312.0,0,4386.999999999999,2275.0
2023-04-27,SOS002L09P,S,SOS,8326.667028985508,0,4532.775966183573,1317.777
2023-04-27,SOS003L04P,S,SOS,1346.999999999999,0,905.9999999999995,465.0
2023-04-27,SOS005L04P,S,SOS,8558.5,0,3506.0,2075.0
2023-04-27,SOS008L02P,S,SOS,357.9999999999999,0,71.99999999999999,50.0
2023-04-27,SOS250M48P,S,SOS,314.0,0,66.99999999999999,20.0
2023-04-27,SOS500M24P,S,SOS,4337.000000000003,0,1802.999999999999,876.0
2023-04-28,AT5X5K,A,AT,0.0,1500,2285.0,2257.0
2023-04-28,ATN01K24P,A,ATN,0.0,4000,4547.0,3221.0
2023-04-28,ATN02K12P,A,ATN,0.0,1500,1466.0,1145.0
2023-04-28,ATPA1K24P,A,ATPA,0.0,0,0.0,0.0
2023-04-28,ATPPCH5X5K,A,ATPPCH,0.0,0,0.0,0.0
2023-04-28,ATWWP001K24P,A,ATWWP,0.0,0,0.0,0.0
2023-04-28,ATWWP002K12P,A,ATWWP,0.0,0,0.0,0.0
2023-04-28,EEA200G24P,E,EEA,0.0,0,0.0,0.0
2023-04-28,EEA500G12P,E,EEA,0.0,0,0.0,0.0
2023-04-28,MAC1K25P,M,MAC,0.0,0,0.0,0.0
2023-04-28,MAHS025K,M,MAHS,0.0,0,0.0,0.0
2023-04-28,MAP1K25P,M,MAP,0.0,0,0.0,0.0
2023-04-28,MAPA1K24P,M,MAPA,0.0,0,0.0,0.0
2023-04-28,MAR01K24P,M,MAR,0.0,1000,484.0,449.0
2023-04-28,MAR02K12P,M,MAR,0.0,300,20.0,65.0
2023-04-28,MASR025K,M,MASR,0.0,153,5.0,50.0
2023-04-28,POP001L12P,P,POP,0.0,0,5124.0,4160.0
2023-04-28,POP002L09P,P,POP,0.0,0,53.00000000000001,0.0
2023-04-28,POP005L04P,P,POP,0.0,0,0.0,0.0
2023-04-28,POP015K,P,POP,0.0,0,0.0,0.0
2023-04-28,POP500M24P,P,POP,0.0,0,30.0,20.0
2023-04-28,POPF01L12P,P,POPF,0.0,0,494.9999999999999,495.0
2023-04-28,POV001L24P,P,POV,0.0,0,1083.0,575.0
2023-04-28,POV002L09P,P,POV,0.0,0,250.0,0.0
2023-04-28,POV005L04P,P,POV,0.0,0,120.0,100.0
2023-04-28,POV500M24P,P,POV,0.0,0,736.0000000000001,525.0
2023-04-28,SE200G24P,S,SE,0.0,200,5.0,0.0
2023-04-28,SE500G24P,S,SE,0.0,0,538.0,235.0
2023-04-28,SO0001L12P,S,SO,0.0,0,0.0,0.0
2023-04-28,SO0002L09P,S,SO,0.0,0,0.0,0.0
2023-04-28,SO0005L04P,S,SO,0.0,0,0.0,0.0
2023-04-28,SO0500M24P,S,SO,0.0,0,0.0,0.0
2023-04-28,SOP001L12P,S,SOP,0.0,0,85.0,0.0
2023-04-28,SOS001L12P,S,SOS,0.0,0,3610.999999999999,1395.0
2023-04-28,SOS002L09P,S,SOS,0.0,0,2633.0,800.0
2023-04-28,SOS003L04P,S,SOS,0.0,0,665.0000000000001,220.0
2023-04-28,SOS005L04P,S,SOS,0.0,0,3165.0,1124.0
2023-04-28,SOS008L02P,S,SOS,0.0,0,68.00000000000001,55.0
2023-04-28,SOS250M48P,S,SOS,0.0,0,59.99999999999999,0.0
2023-04-28,SOS500M24P,S,SOS,0.0,0,1828.0,510.0
2023-04-29,AT5X5K,A,AT,481.0,500,1173.0,935.0
2023-04-29,ATN01K24P,A,ATN,66.0,2500,3793.499,2700.0
2023-04-29,ATN02K12P,A,ATN,54.0,500,836.0,470.0
2023-04-29,ATPA1K24P,A,ATPA,0.0,0,0.0,0.0
2023-04-29,ATPPCH5X5K,A,ATPPCH,0.0,0,0.0,0.0
2023-04-29,ATWWP001K24P,A,ATWWP,6.0,0,0.0,0.0
2023-04-29,ATWWP002K12P,A,ATWWP,15.0,0,0.0,0.0
2023-04-29,EEA200G24P,E,EEA,0.0,0,0.0,0.0
2023-04-29,EEA500G12P,E,EEA,0.0,0,0.0,0.0
2023-04-29,MAC1K25P,M,MAC,0.0,0,0.0,0.0
2023-04-29,MAHS025K,M,MAHS,0.0,200,0.0,0.0
2023-04-29,MAP1K25P,M,MAP,0.0,0,0.0,0.0
2023-04-29,MAPA1K24P,M,MAPA,0.0,0,0.0,0.0
2023-04-29,MAR01K24P,M,MAR,166.0,500,1131.708,695.0
2023-04-29,MAR02K12P,M,MAR,258.0,100,159.167,105.0
2023-04-29,MASR025K,M,MASR,40.0,0,43.0,200.0
2023-04-29,POP001L12P,P,POP,0.0,0,2146.0000000000005,1440.0
2023-04-29,POP002L09P,P,POP,0.0,1492,117.0,0.0
2023-04-29,POP005L04P,P,POP,0.0,0,35.0,0.0
2023-04-29,POP015K,P,POP,0.0,0,0.0,0.0
2023-04-29,POP500M24P,P,POP,0.0,0,110.0,0.0
2023-04-29,POPF01L12P,P,POPF,0.0,0,100.0,0.0
2023-04-29,POV001L24P,P,POV,70.0,0,1494.0,725.0
2023-04-29,POV002L09P,P,POV,74.0,1994,482.0009768009767,20.0
2023-04-29,POV005L04P,P,POV,6.0,0,148.0,50.0
2023-04-29,POV500M24P,P,POV,20.0,0,1078.0,835.0
2023-04-29,SE200G24P,S,SE,0.0,0,15.0,130.0
2023-04-29,SE500G24P,S,SE,15.0,500,1076.917,655.0
2023-04-29,SO0001L12P,S,SO,0.0,0,0.0,0.0
2023-04-29,SO0002L09P,S,SO,0.0,0,0.0,0.0
2023-04-29,SO0005L04P,S,SO,0.0,0,0.0,0.0
2023-04-29,SO0500M24P,S,SO,0.0,0,0.0,0.0
2023-04-29,SOP001L12P,S,SOP,5.0,0,19.0,0.0
2023-04-29,SOS001L12P,S,SOS,564.9999999999999,0,6299.999999999999,3260.0
2023-04-29,SOS002L09P,S,SOS,486.9999999999999,6000,3941.667028985507,1380.0
2023-04-29,SOS003L04P,S,SOS,75.99999999999999,0,533.9999999999998,160.0
2023-04-29,SOS005L04P,S,SOS,1340.0,0,5012.75,1638.25
2023-04-29,SOS008L02P,S,SOS,158.0,0,20.0,0.0
2023-04-29,SOS250M48P,S,SOS,20.0,0,195.0,150.0
2023-04-29,SOS500M24P,S,SOS,152.0,0,1854.0,620.0
2023-04-30,AT5X5K,A,AT,1888.0,1000,1264.2,1076.0
2023-04-30,ATN01K24P,A,ATN,6795.083,2000,3070.0,1091.0
2023-04-30,ATN02K12P,A,ATN,1483.0,1200,976.5,1570.0
2023-04-30,ATPA1K24P,A,ATPA,0.0,0,0.0,0.0
2023-04-30,ATPPCH5X5K,A,ATPPCH,0.0,0,0.0,0.0
2023-04-30,ATWWP001K24P,A,ATWWP,39.08333333333334,0,0.0,0.0
2023-04-30,ATWWP002K12P,A,ATWWP,0.0,0,0.0,0.0
2023-04-30,EEA200G24P,E,EEA,0.0,0,0.0,0.0
2023-04-30,EEA500G12P,E,EEA,0.0,0,0.0,0.0
2023-04-30,MAC1K25P,M,MAC,0.0,0,0.0,0.0
2023-04-30,MAHS025K,M,MAHS,10.0,0,200.0,200.0
2023-04-30,MAP1K25P,M,MAP,0.0,0,0.0,0.0
2023-04-30,MAPA1K24P,M,MAPA,0.0,0,0.0,0.0
2023-04-30,MAR01K24P,M,MAR,1300.083,500,1117.0,445.0
2023-04-30,MAR02K12P,M,MAR,82.0,300,226.0,240.0
2023-04-30,MASR025K,M,MASR,135.0,200,197.0,13.0
2023-04-30,POP001L12P,P,POP,2146.0,0,260.0,1554.0
2023-04-30,POP002L09P,P,POP,340.0,0,37.0,876.0
2023-04-30,POP005L04P,P,POP,75.0,1,26.0,86.0
2023-04-30,POP015K,P,POP,0.0,0,0.0,0.0
2023-04-30,POP500M24P,P,POP,377.9999999999999,0,61.0,887.0
2023-04-30,POPF01L12P,P,POPF,172.0,0,160.0,0.0
2023-04-30,POV001L24P,P,POV,3529.0,0,279.0000000000001,4.0
2023-04-30,POV002L09P,P,POV,1408.0,0,468.0000000000001,995.0
2023-04-30,POV005L04P,P,POV,679.0000000000001,0,100.0,92.0
2023-04-30,POV500M24P,P,POV,1999.0,0,561.0000000000001,520.0
2023-04-30,SE200G24P,S,SE,97.0,0,60.0,0.0
2023-04-30,SE500G24P,S,SE,1220.333,800,718.0,365.0
2023-04-30,SO0001L12P,S,SO,0.0,0,0.0,0.0
2023-04-30,SO0002L09P,S,SO,0.0,0,0.0,0.0
2023-04-30,SO0005L04P,S,SO,0.0,0,0.0,0.0
2023-04-30,SO0500M24P,S,SO,0.0,0,0.0,0.0
2023-04-30,SOP001L12P,S,SOP,105.0,0,59.99999999999999,0.0
2023-04-30,SOS001L12P,S,SOS,15173.99999999999,0,6117.082971014495,2927.083
2023-04-30,SOS002L09P,S,SOS,9429.43997584541,0,3455.889009661836,4116.888999999999
2023-04-30,SOS003L04P,S,SOS,2241.500000000001,0,834.9999999999995,80.0
2023-04-30,SOS005L04P,S,SOS,11347.0,0,3737.999999999999,1380.0
2023-04-30,SOS008L02P,S,SOS,697.9999999999999,0,638.0,183.0
2023-04-30,SOS250M48P,S,SOS,1021.0,0,197.0,0.0
2023-04-30,SOS500M24P,S,SOS,5645.000000000005,0,2025.0,518.0
2023-05-01,AT5X5K,A,AT,0.0,0,935.0,1045.0
2023-05-01,ATN01K24P,A,ATN,0.0,0,3563.083,4885.0
2023-05-01,ATN02K12P,A,ATN,0.0,0,647.0,380.0
2023-05-01,ATPA1K24P,A,ATPA,0.0,0,0.0,0.0
2023-05-01,ATPPCH5X5K,A,ATPPCH,0.0,0,0.0,0.0
2023-05-01,ATWWP001K24P,A,ATWWP,0.0,0,0.0,0.0
2023-05-01,ATWWP002K12P,A,ATWWP,0.0,0,0.0,0.0
2023-05-01,EEA200G24P,E,EEA,0.0,0,0.0,0.0
2023-05-01,EEA500G12P,E,EEA,0.0,0,0.0,0.0
2023-05-01,MAC1K25P,M,MAC,0.0,0,0.0,0.0
2023-05-01,MAHS025K,M,MAHS,0.0,0,5.0,5.0
2023-05-01,MAP1K25P,M,MAP,0.0,0,0.0,0.0
2023-05-01,MAPA1K24P,M,MAPA,0.0,0,0.0,0.0
2023-05-01,MAR01K24P,M,MAR,0.0,0,441.083,1294.0
2023-05-01,MAR02K12P,M,MAR,0.0,0,1.0,21.0
2023-05-01,MASR025K,M,MASR,0.0,0,110.0,23.0
2023-05-01,POP001L12P,P,POP,0.0,0,748.0,132.0
2023-05-01,POP002L09P,P,POP,0.0,0,230.0,171.0
2023-05-01,POP005L04P,P,POP,0.0,0,70.0,0.0
2023-05-01,POP015K,P,POP,0.0,0,0.0,0.0
2023-05-01,POP500M24P,P,POP,0.0,0,180.0,76.0
2023-05-01,POPF01L12P,P,POPF,0.0,0,5.0,0.0
2023-05-01,POV001L24P,P,POV,0.0,0,423.0,0.0
2023-05-01,POV002L09P,P,POV,0.0,0,536.9990231990232,180.0
2023-05-01,POV005L04P,P,POV,0.0,0,115.0,55.0
2023-05-01,POV500M24P,P,POV,0.0,0,655.0,315.0
2023-05-01,SE200G24P,S,SE,0.0,0,47.0,69.0
2023-05-01,SE500G24P,S,SE,0.0,0,295.333,940.0
2023-05-01,SO0001L12P,S,SO,0.0,0,0.0,0.0
2023-05-01,SO0002L09P,S,SO,0.0,0,0.0,0.0
2023-05-01,SO0005L04P,S,SO,0.0,0,0.0,0.0
2023-05-01,SO0500M24P,S,SO,0.0,0,0.0,0.0
2023-05-01,SOP001L12P,S,SOP,0.0,0,55.0,55.0
2023-05-01,SOS001L12P,S,SOS,0.0,0,4351.999999999998,3380.0
2023-05-01,SOS002L09P,S,SOS,0.0,0,2274.0,1466.0
2023-05-01,SOS003L04P,S,SOS,0.0,0,408.5,250.0
2023-05-01,SOS005L04P,S,SOS,0.0,0,3883.0,2805.0
2023-05-01,SOS008L02P,S,SOS,0.0,0,500.0,170.0
2023-05-01,SOS250M48P,S,SOS,0.0,0,88.0,62.0
2023-05-01,SOS500M24P,S,SOS,0.0,0,1586.0,894.0
2023-05-02,AT5X5K,A,AT,3075.0,1000,156.0,150.0
2023-05-02,ATN01K24P,A,ATN,13188.0,2500,2466.0,1288.0
2023-05-02,ATN02K12P,A,ATN,3269.0,1000,793.0,700.0
2023-05-02,ATPA1K24P,A,ATPA,0.0,0,0.0,0.0
2023-05-02,ATPPCH5X5K,A,ATPPCH,0.0,0,0.0,0.0
2023-05-02,ATWWP001K24P,A,ATWWP,35.0,0,0.0,0.0
2023-05-02,ATWWP002K12P,A,ATWWP,225.0,0,0.0,0.0
2023-05-02,EEA200G24P,E,EEA,0.0,0,0.0,0.0
2023-05-02,EEA500G12P,E,EEA,0.0,0,0.0,0.0
2023-05-02,MAC1K25P,M,MAC,48.0,0,0.0,0.0
2023-05-02,MAHS025K,M,MAHS,22.0,0,0.0,0.0
2023-05-02,MAP1K25P,M,MAP,0.0,0,0.0,0.0
2023-05-02,MAPA1K24P,M,MAPA,0.0,0,0.0,0.0
2023-05-02,MAR01K24P,M,MAR,2133.0,500,387.0,250.0
2023-05-02,MAR02K12P,M,MAR,838.0,300,75.0,0.0
2023-05-02,MASR025K,M,MASR,106.0,0,140.0,5.0
2023-05-02,POP001L12P,P,POP,1100.0000000000002,0,2698.0,1760.0
2023-05-02,POP002L09P,P,POP,189.0000000000001,0,579.0,140.0
2023-05-02,POP005L04P,P,POP,5.0,0,34.0,0.0
2023-05-02,POP015K,P,POP,0.0,0,0.0,0.0
2023-05-02,POP500M24P,P,POP,245.0,0,484.0000000000001,54.0
2023-05-02,POPF01L12P,P,POPF,180.0,0,9.91602564102564,0.0
2023-05-02,POV001L24P,P,POV,1888.0,0,107.0,0.0
2023-05-02,POV002L09P,P,POV,839.0,0,1179.0,710.0
2023-05-02,POV005L04P,P,POV,275.0,0,342.0,170.0
2023-05-02,POV500M24P,P,POV,600.9999999999999,0,498.0000000000001,170.0
2023-05-02,SE200G24P,S,SE,163.0,200,53.0,0.0
2023-05-02,SE500G24P,S,SE,2517.0,0,297.0,555.0
2023-05-02,SO0001L12P,S,SO,0.0,0,0.0,0.0
2023-05-02,SO0002L09P,S,SO,0.0,0,0.0,0.0
2023-05-02,SO0005L04P,S,SO,0.0,0,0.0,0.0
2023-05-02,SO0500M24P,S,SO,0.0,0,0.0,0.0
2023-05-02,SOP001L12P,S,SOP,100.0,0,5.999999999999999,0.0
2023-05-02,SOS001L12P,S,SOS,11633.66594202899,0,3165.0,1585.0
2023-05-02,SOS002L09P,S,SOS,6471.999999999999,0,3437.439975845411,1414.0
2023-05-02,SOS003L04P,S,SOS,1270.0,0,953.9999999999995,575.0
2023-05-02,SOS005L04P,S,SOS,10986.0,0,5428.999999999999,2226.0
2023-05-02,SOS008L02P,S,SOS,870.0000000000001,0,401.9999999999999,500.0
2023-05-02,SOS250M48P,S,SOS,86.99999999999999,0,359.9999999999999,320.0
2023-05-02,SOS500M24P,S,SOS,2089.0,16,791.3329710144924,50.0
2023-05-03,AT5X5K,A,AT,4517.8,2500,2830.0,3135.0
2023-05-03,ATN01K24P,A,ATN,11744.54,6000,7751.334,5145.0
2023-05-03,ATN02K12P,A,ATN,2360.417,2500,1600.0,1280.0
2023-05-03,ATPA1K24P,A,ATPA,0.0,0,0.0,0.0
2023-05-03,ATPPCH5X5K,A,ATPPCH,0.0,0,0.0,0.0
2023-05-03,ATWWP001K24P,A,ATWWP,24.04,0,0.0,0.0
2023-05-03,ATWWP002K12P,A,ATWWP,0.75,0,0.0,0.0
2023-05-03,EEA200G24P,E,EEA,0.0,0,0.0,0.0
2023-05-03,EEA500G12P,E,EEA,0.0,0,0.0,0.0
2023-05-03,MAC1K25P,M,MAC,0.0,30,0.0,0.0
2023-05-03,MAHS025K,M,MAHS,0.0,50,0.0,0.0
2023-05-03,MAP1K25P,M,MAP,0.0,0,0.0,0.0
2023-05-03,MAPA1K24P,M,MAPA,0.0,0,0.0,0.0
2023-05-03,MAR01K24P,M,MAR,1727.457,1000,1108.417,760.0
2023-05-03,MAR02K12P,M,MAR,47.0,304,132.0,215.0
2023-05-03,MASR025K,M,MASR,85.0,192,53.0,230.0
2023-05-03,POP001L12P,P,POP,26.0,0,730.0,210.0
2023-05-03,POP002L09P,P,POP,10.0,0,331.0000000000001,220.0
2023-05-03,POP005L04P,P,POP,0.0,0,26.0,0.0
2023-05-03,POP015K,P,POP,0.0,0,0.0,0.0
2023-05-03,POP500M24P,P,POP,0.0,0,371.0,50.0
2023-05-03,POPF01L12P,P,POPF,0.0,0,0.0,0.0
2023-05-03,POV001L24P,P,POV,70.0,0,102.0,0.0
2023-05-03,POV002L09P,P,POV,28.0,0,186.0000000000001,93.0
2023-05-03,POV005L04P,P,POV,0.0,0,72.00000000000001,15.0
2023-05-03,POV500M24P,P,POV,30.0,7,89.0,16.0
2023-05-03,SE200G24P,S,SE,125.2079166666667,200,44.00708333333333,10.0
2023-05-03,SE500G24P,S,SE,2044.917,1000,1111.0,1131.0
2023-05-03,SO0001L12P,S,SO,0.0,0,0.0,0.0
2023-05-03,SO0002L09P,S,SO,0.0,0,0.0,0.0
2023-05-03,SO0005L04P,S,SO,0.0,0,0.0,0.0
2023-05-03,SO0500M24P,S,SO,0.0,0,0.0,0.0
2023-05-03,SOP001L12P,S,SOP,0.0,0,100.0,100.0
2023-05-03,SOS001L12P,S,SOS,100.0,0,1348.0,280.0
2023-05-03,SOS002L09P,S,SOS,50.88798309178743,3,1008.887983091787,666.0
2023-05-03,SOS003L04P,S,SOS,20.0,0,315.9999999999999,96.0
2023-05-03,SOS005L04P,S,SOS,100.0,0,3438.0,1062.0
2023-05-03,SOS008L02P,S,SOS,0.0,0,625.9999999999999,0.0
2023-05-03,SOS250M48P,S,SOS,0.0,0,76.99999999999999,136.0
2023-05-03,SOS500M24P,S,SOS,0.0,0,635.9999999999998,0.0
2023-05-04,AT5X5K,A,AT,801.0,3000,1945.0,1765.0
2023-05-04,ATN01K24P,A,ATN,1359.75,6000,4232.04,5822.0
2023-05-04,ATN02K12P,A,ATN,634.333,2000,1546.25,1043.0
2023-05-04,ATPA1K24P,A,ATPA,0.0,0,0.0,0.0
2023-05-04,ATPPCH5X5K,A,ATPPCH,0.0,0,0.0,0.0
2023-05-04,ATWWP001K24P,A,ATWWP,0.292,0,0.0,0.0
2023-05-04,ATWWP002K12P,A,ATWWP,21.0,0,0.0,0.0
2023-05-04,EEA200G24P,E,EEA,0.0,0,0.0,0.0
2023-05-04,EEA500G12P,E,EEA,0.0,0,0.0,0.0
2023-05-04,MAC1K25P,M,MAC,0.0,0,30.0,30.0
2023-05-04,MAHS025K,M,MAHS,0.0,0,0.0,2.0
2023-05-04,MAP1K25P,M,MAP,0.0,0,0.0,0.0
2023-05-04,MAPA1K24P,M,MAPA,0.0,0,0.0,0.0
2023-05-04,MAR01K24P,M,MAR,192.917,1000,951.873,975.0
2023-05-04,MAR02K12P,M,MAR,233.0,0,235.0,220.0
2023-05-04,MASR025K,M,MASR,390.0,100,26.0,0.0
2023-05-04,POP001L12P,P,POP,10194.0,0,456.0,178.0
2023-05-04,POP002L09P,P,POP,515.0000000000001,0,102.0,0.0
2023-05-04,POP005L04P,P,POP,120.0,0,0.0,0.0
2023-05-04,POP015K,P,POP,0.0,0,0.0,0.0
2023-05-04,POP500M24P,P,POP,632.0,0,128.0,0.0
2023-05-04,POPF01L12P,P,POPF,111.0,0,0.0,0.0
2023-05-04,POV001L24P,P,POV,2436.000000000001,0,0.0,0.0
2023-05-04,POV002L09P,P,POV,707.0,0,0.0,0.0
2023-05-04,POV005L04P,P,POV,450.0,0,70.0,0.0
2023-05-04,POV500M24P,P,POV,1382.0,0,171.0,0.0
2023-05-04,SE200G24P,S,SE,0.0,294,14.0,280.0
2023-05-04,SE500G24P,S,SE,220.25,2000,1179.917,1558.0
2023-05-04,SO0001L12P,S,SO,0.0,0,0.0,0.0
2023-05-04,SO0002L09P,S,SO,0.0,0,0.0,0.0
2023-05-04,SO0005L04P,S,SO,0.0,0,0.0,0.0
2023-05-04,SO0500M24P,S,SO,0.0,0,0.0,0.0
2023-05-04,SOP001L12P,S,SOP,75.24999999999999,0,0.0,30.0
2023-05-04,SOS001L12P,S,SOS,15155.5829710145,0,629.3329710144927,0.0
2023-05-04,SOS002L09P,S,SOS,10030.66702898551,0,313.7769927536231,0.0
2023-05-04,SOS003L04P,S,SOS,2584.500000000001,0,229.0,250.0
2023-05-04,SOS005L04P,S,SOS,17387.5,0,2024.0,668.0
2023-05-04,SOS008L02P,S,SOS,692.0000000000002,0,176.0,748.0
2023-05-04,SOS250M48P,S,SOS,426.9999999999999,0,350.9999999999999,300.0
2023-05-04,SOS500M24P,S,SOS,7212.999999999995,0,907.0,660.0
2023-05-05,AT5X5K,A,AT,0.0,1000,1531.0,1655.0
2023-05-05,ATN01K24P,A,ATN,0.0,4000,3554.0,4568.0
2023-05-05,ATN02K12P,A,ATN,0.0,0,311.0,1080.0
2023-05-05,ATPA1K24P,A,ATPA,0.0,0,0.0,0.0
2023-05-05,ATPPCH5X5K,A,ATPPCH,0.0,0,0.0,0.0
2023-05-05,ATWWP001K24P,A,ATWWP,0.0,750,0.0,0.0
2023-05-05,ATWWP002K12P,A,ATWWP,0.0,421,0.0,0.0
2023-05-05,EEA200G24P,E,EEA,0.0,0,0.0,0.0
2023-05-05,EEA500G12P,E,EEA,0.0,0,0.0,0.0
2023-05-05,MAC1K25P,M,MAC,0.0,0,0.0,0.0
2023-05-05,MAHS025K,M,MAHS,0.0,0,0.0,0.0
2023-05-05,MAP1K25P,M,MAP,0.0,0,0.0,0.0
2023-05-05,MAPA1K24P,M,MAPA,0.0,0,0.0,0.0
2023-05-05,MAR01K24P,M,MAR,0.0,0,338.0,1025.0
2023-05-05,MAR02K12P,M,MAR,0.0,0,0.0,30.0
2023-05-05,MASR025K,M,MASR,0.0,0,0.0,5.0
2023-05-05,POP001L12P,P,POP,0.0,1988,2840.0,0.0
2023-05-05,POP002L09P,P,POP,0.0,0,10.0,0.0
2023-05-05,POP005L04P,P,POP,0.0,0,0.0,0.0
2023-05-05,POP015K,P,POP,0.0,0,0.0,0.0
2023-05-05,POP500M24P,P,POP,0.0,519,0.0,0.0
2023-05-05,POPF01L12P,P,POPF,0.0,0,2.0,0.0
2023-05-05,POV001L24P,P,POV,0.0,4008,0.0,0.0
2023-05-05,POV002L09P,P,POV,0.0,0,24.0,0.0
2023-05-05,POV005L04P,P,POV,0.0,0,8.0,0.0
2023-05-05,POV500M24P,P,POV,0.0,1003,15.0,0.0
2023-05-05,SE200G24P,S,SE,0.0,0,30.0,40.0
2023-05-05,SE500G24P,S,SE,0.0,1000,658.0,1147.0
2023-05-05,SO0001L12P,S,SO,0.0,0,0.0,0.0
2023-05-05,SO0002L09P,S,SO,0.0,0,0.0,0.0
2023-05-05,SO0005L04P,S,SO,0.0,0,0.0,0.0
2023-05-05,SO0500M24P,S,SO,0.0,0,0.0,0.0
2023-05-05,SOP001L12P,S,SOP,0.0,0,43.0,0.0
2023-05-05,SOS001L12P,S,SOS,0.0,7882,1026.0,500.0
2023-05-05,SOS002L09P,S,SOS,0.0,5426,212.9999999999999,163.0
2023-05-05,SOS003L04P,S,SOS,0.0,0,536.0000000000001,200.0
2023-05-05,SOS005L04P,S,SOS,0.0,7354,4139.999999999999,2105.0
2023-05-05,SOS008L02P,S,SOS,0.0,0,422.0,0.0
2023-05-05,SOS250M48P,S,SOS,0.0,0,17.0,0.0
2023-05-05,SOS500M24P,S,SOS,0.0,2189,596.0,280.0
2023-05-06,AT5X5K,A,AT,50.0,2000,1037.0,1090.0
2023-05-06,ATN01K24P,A,ATN,1146.0,4000,3097.0,4170.0
2023-05-06,ATN02K12P,A,ATN,859.0,1000,711.0,1560.0
2023-05-06,ATPA1K24P,A,ATPA,0.0,0,0.0,0.0
2023-05-06,ATPPCH5X5K,A,ATPPCH,0.0,0,0.0,0.0
2023-05-06,ATWWP001K24P,A,ATWWP,1.0,639,0.0,225.0
2023-05-06,ATWWP002K12P,A,ATWWP,0.0,0,20.0,130.0
2023-05-06,EEA200G24P,E,EEA,0.0,0,0.0,0.0
2023-05-06,EEA500G12P,E,EEA,0.0,0,0.0,0.0
2023-05-06,MAC1K25P,M,MAC,0.0,0,0.0,0.0
2023-05-06,MAHS025K,M,MAHS,0.0,0,0.0,15.0
2023-05-06,MAP1K25P,M,MAP,0.0,0,0.0,0.0
2023-05-06,MAPA1K24P,M,MAPA,0.0,0,0.0,0.0
2023-05-06,MAR01K24P,M,MAR,241.0,1000,791.167,1214.0
2023-05-06,MAR02K12P,M,MAR,100.0,0,50.0,100.0
2023-05-06,MASR025K,M,MASR,100.0,0,141.0,37.0
2023-05-06,POP001L12P,P,POP,7968.000000000002,0,9778.0,2000.0
2023-05-06,POP002L09P,P,POP,125.0,0,123.9970085470085,50.0
2023-05-06,POP005L04P,P,POP,57.00000000000001,0,5.0,0.0
2023-05-06,POP015K,P,POP,0.0,0,0.0,0.0
2023-05-06,POP500M24P,P,POP,24.0,0,122.0,100.0
2023-05-06,POPF01L12P,P,POPF,71.0,553,95.0,10.0
2023-05-06,POV001L24P,P,POV,1398.0,0,256.0000000000001,324.0
2023-05-06,POV002L09P,P,POV,458.0,0,45.00000000000001,0.0
2023-05-06,POV005L04P,P,POV,284.0,0,195.0,190.0
2023-05-06,POV500M24P,P,POV,605.9999999999999,0,127.0,40.0
2023-05-06,SE200G24P,S,SE,0.0,0,153.0,100.0
2023-05-06,SE500G24P,S,SE,110.0,1000,962.166,590.0
2023-05-06,SO0001L12P,S,SO,0.0,0,0.0,0.0
2023-05-06,SO0002L09P,S,SO,0.0,0,0.0,0.0
2023-05-06,SO0005L04P,S,SO,0.0,0,0.0,0.0
2023-05-06,SO0500M24P,S,SO,0.0,0,0.0,0.0
2023-05-06,SOP001L12P,S,SOP,120.0,0,66.0,20.0
2023-05-06,SOS001L12P,S,SOS,7452.999999999996,7602,7340.5,5882.0
2023-05-06,SOS002L09P,S,SOS,2558.110990338165,2200,3125.0,3082.0
2023-05-06,SOS003L04P,S,SOS,2184.0,1087,1841.0,711.0
2023-05-06,SOS005L04P,S,SOS,8202.749999999998,9162,8263.749999999998,4111.0
2023-05-06,SOS008L02P,S,SOS,528.5,0,491.9999999999999,215.0
2023-05-06,SOS250M48P,S,SOS,80.00000000000001,0,208.0,120.0
2023-05-06,SOS500M24P,S,SOS,4250.000000000001,3507,4617.0,2661.0
2023-05-07,AT5X5K,A,AT,4040.0,1600,821.0,545.0
2023-05-07,ATN01K24P,A,ATN,10567.0,4000,3944.999,6075.0
2023-05-07,ATN02K12P,A,ATN,3030.0,1200,1519.083,885.0
2023-05-07,ATPA1K24P,A,ATPA,0.0,0,0.0,0.0
2023-05-07,ATPPCH5X5K,A,ATPPCH,0.0,0,0.0,0.0
2023-05-07,ATWWP001K24P,A,ATWWP,20.0,0,4.0,1120.0
2023-05-07,ATWWP002K12P,A,ATWWP,2.0,0,3.0,50.0
2023-05-07,EEA200G24P,E,EEA,0.0,0,0.0,0.0
2023-05-07,EEA500G12P,E,EEA,60.0,0,0.0,0.0
2023-05-07,MAC1K25P,M,MAC,0.0,0,0.0,0.0
2023-05-07,MAHS025K,M,MAHS,150.0,0,2.0,0.0
2023-05-07,MAP1K25P,M,MAP,0.0,0,0.0,0.0
2023-05-07,MAPA1K24P,M,MAPA,0.0,0,0.0,0.0
2023-05-07,MAR01K24P,M,MAR,1756.0,1000,602.0,990.0
2023-05-07,MAR02K12P,M,MAR,127.0,0,180.0,250.0
2023-05-07,MASR025K,M,MASR,35.0,0,159.0,0.0
2023-05-07,POP001L12P,P,POP,8830.0,2018,4329.6659340659335,1122.0
2023-05-07,POP002L09P,P,POP,497.0000000000001,1008,80.00000000000001,80.0
2023-05-07,POP005L04P,P,POP,177.0,502,5.0,5.0
2023-05-07,POP015K,P,POP,0.0,0,0.0,0.0
2023-05-07,POP500M24P,P,POP,832.0,1002,89.0,351.0
2023-05-07,POPF01L12P,P,POPF,129.0,0,0.0,0.0
2023-05-07,POV001L24P,P,POV,3866.000000000001,4033,1390.0,2559.0
2023-05-07,POV002L09P,P,POV,1529.0,2526,115.0,160.0
2023-05-07,POV005L04P,P,POV,850.0,1000,61.00000000000001,135.0
2023-05-07,POV500M24P,P,POV,2418.0,2522,834.9999999999999,1171.0
2023-05-07,SE200G24P,S,SE,196.0,0,100.0,30.0
2023-05-07,SE500G24P,S,SE,1815.0,1000,1046.834,860.0
2023-05-07,SO0001L12P,S,SO,0.0,0,0.0,0.0
2023-05-07,SO0002L09P,S,SO,0.0,0,0.0,0.0
2023-05-07,SO0005L04P,S,SO,0.0,0,0.0,0.0
2023-05-07,SO0500M24P,S,SO,0.0,0,0.0,0.0
2023-05-07,SOP001L12P,S,SOP,120.0,0,0.0,0.0
2023-05-07,SOS001L12P,S,SOS,13035.0,12464,13114.5,15427.0
2023-05-07,SOS002L09P,S,SOS,8837.450000000006,13826,5624.439975845408,8849.439999999999
2023-05-07,SOS003L04P,S,SOS,1943.000000000001,3000,1009.0,567.0
2023-05-07,SOS005L04P,S,SOS,12541.0,12058,9008.499999999996,7761.5
2023-05-07,SOS008L02P,S,SOS,1505.0,0,113.5,345.0
2023-05-07,SOS250M48P,S,SOS,707.9999999999998,0,131.0,85.0
2023-05-07,SOS500M24P,S,SOS,6709.999999999997,3017,4545.999999999999,3497.0
2023-05-08,AT5X5K,A,AT,3157.0,2500,1927.0,1601.0
2023-05-08,ATN01K24P,A,ATN,8695.0,6000,5658.0,3995.0
2023-05-08,ATN02K12P,A,ATN,1571.0,1000,1003.0,1550.0
2023-05-08,ATPA1K24P,A,ATPA,0.0,0,0.0,0.0
2023-05-08,ATPPCH5X5K,A,ATPPCH,0.0,0,0.0,0.0
2023-05-08,ATWWP001K24P,A,ATWWP,39.0,0,30.0,2.0
2023-05-08,ATWWP002K12P,A,ATWWP,15.0,0,41.0,100.0
2023-05-08,EEA200G24P,E,EEA,0.0,0,0.0,0.0
2023-05-08,EEA500G12P,E,EEA,0.0,0,0.0,0.0
2023-05-08,MAC1K25P,M,MAC,0.0,0,0.0,0.0
2023-05-08,MAHS025K,M,MAHS,5.0,0,10.0,0.0
2023-05-08,MAP1K25P,M,MAP,0.0,0,0.0,0.0
2023-05-08,MAPA1K24P,M,MAPA,0.0,0,0.0,0.0
2023-05-08,MAR01K24P,M,MAR,698.0,1000,896.0,608.0
2023-05-08,MAR02K12P,M,MAR,108.0,200,116.0,98.0
2023-05-08,MASR025K,M,MASR,30.0,303,263.0,465.0
2023-05-08,POP001L12P,P,POP,4846.0,0,4610.0,1748.0
2023-05-08,POP002L09P,P,POP,395.0000000000001,895,51.00000000000001,90.0
2023-05-08,POP005L04P,P,POP,241.0,300,63.00000000000001,46.0
2023-05-08,POP015K,P,POP,0.0,0,0.0,0.0
2023-05-08,POP500M24P,P,POP,984.0000000000002,0,77.0,30.0
2023-05-08,POPF01L12P,P,POPF,125.0,0,0.0,165.0
2023-05-08,POV001L24P,P,POV,3223.0,3794,3741.0,4079.0
2023-05-08,POV002L09P,P,POV,1328.0,2500,1314.0,2211.0
2023-05-08,POV005L04P,P,POV,1018.0,1900,508.0000000000001,934.0
2023-05-08,POV500M24P,P,POV,1634.0,2177,1389.0,1123.0
2023-05-08,SE200G24P,S,SE,40.0,0,65.0,0.0
2023-05-08,SE500G24P,S,SE,1319.0,2000,675.0,340.0
2023-05-08,SO0001L12P,S,SO,0.0,0,0.0,0.0
2023-05-08,SO0002L09P,S,SO,0.0,0,0.0,0.0
2023-05-08,SO0005L04P,S,SO,0.0,0,0.0,0.0
2023-05-08,SO0500M24P,S,SO,0.0,0,0.0,0.0
2023-05-08,SOP001L12P,S,SOP,34.99999999999999,0,220.0,120.0
2023-05-08,SOS001L12P,S,SOS,11988.00000000001,10731,9758.667028985506,9073.667
2023-05-08,SOS002L09P,S,SOS,5196.0,10876,7534.673007246373,9716.0
2023-05-08,SOS003L04P,S,SOS,1510.0,3000,2118.5,2104.5
2023-05-08,SOS005L04P,S,SOS,7576.999999999998,9067,10294.0,12836.0
2023-05-08,SOS008L02P,S,SOS,394.9999999999999,0,580.0000000000001,150.0
2023-05-08,SOS250M48P,S,SOS,746.9999999999999,0,296.0,282.0
2023-05-08,SOS500M24P,S,SOS,2587.000000000002,3010,3932.667028985506,2869.667
2023-05-09,AT5X5K,A,AT,1551.0,2000,2125.0,2630.0
2023-05-09,ATN01K24P,A,ATN,7752.0,7000,5534.917,4977.0
2023-05-09,ATN02K12P,A,ATN,957.0,1500,1821.917,1200.0
2023-05-09,ATPA1K24P,A,ATPA,0.0,0,0.0,0.0
2023-05-09,ATPPCH5X5K,A,ATPPCH,0.0,0,0.0,0.0
2023-05-09,ATWWP001K24P,A,ATWWP,40.0,0,45.25,0.0
2023-05-09,ATWWP002K12P,A,ATWWP,0.0,0,5.0,0.0
2023-05-09,EEA200G24P,E,EEA,0.0,0,0.0,0.0
2023-05-09,EEA500G12P,E,EEA,0.0,0,0.0,0.0
2023-05-09,MAC1K25P,M,MAC,0.0,0,0.0,0.0
2023-05-09,MAHS025K,M,MAHS,30.0,65,100.0,105.0
2023-05-09,MAP1K25P,M,MAP,0.0,0,0.0,0.0
2023-05-09,MAPA1K24P,M,MAPA,0.0,0,0.0,0.0
2023-05-09,MAR01K24P,M,MAR,1491.0,1500,760.917,355.0
2023-05-09,MAR02K12P,M,MAR,305.0,100,110.0,200.0
2023-05-09,MASR025K,M,MASR,95.0,100,13.0,0.0
2023-05-09,POP001L12P,P,POP,3388.0,0,3436.0,3140.0
2023-05-09,POP002L09P,P,POP,72.00000000000001,13,165.0,560.0
2023-05-09,POP005L04P,P,POP,24.0,200,50.0,71.0
2023-05-09,POP015K,P,POP,0.0,0,0.0,0.0
2023-05-09,POP500M24P,P,POP,214.0,0,358.0,500.0
2023-05-09,POPF01L12P,P,POPF,110.0,0,30.0,0.0
2023-05-09,POV001L24P,P,POV,1223.0,1000,3063.0,3376.0
2023-05-09,POV002L09P,P,POV,763.0000000000001,2000,1387.0,1713.0
2023-05-09,POV005L04P,P,POV,365.0,1500,544.0,684.0
2023-05-09,POV500M24P,P,POV,674.0,71,1640.0,1877.0
2023-05-09,SE200G24P,S,SE,50.0,0,35.0,45.0
2023-05-09,SE500G24P,S,SE,977.0,1000,716.25,715.0
2023-05-09,SO0001L12P,S,SO,0.0,0,0.0,0.0
2023-05-09,SO0002L09P,S,SO,0.0,0,0.0,0.0
2023-05-09,SO0005L04P,S,SO,0.0,0,0.0,0.0
2023-05-09,SO0500M24P,S,SO,0.0,0,0.0,0.0
2023-05-09,SOP001L12P,S,SOP,220.0,0,0.0,0.0
2023-05-09,SOS001L12P,S,SOS,5750.579981884057,9402,9403.0,11449.0
2023-05-09,SOS002L09P,S,SOS,4524.0,9354,7026.11099033816,10702.0
2023-05-09,SOS003L04P,S,SOS,909.9999999999998,1515,1382.0,2055.0
2023-05-09,SOS005L04P,S,SOS,5858.0,8163,7301.500000000001,9290.0
2023-05-09,SOS008L02P,S,SOS,1865.0,0,464.4999999999999,80.0
2023-05-09,SOS250M48P,S,SOS,450.9999999999999,0,324.0,300.0
2023-05-09,SOS500M24P,S,SOS,2168.000000000001,5001,3264.208061594203,3146.0
2023-05-10,AT5X5K,A,AT,1853.0,3500,963.0,1140.0
2023-05-10,ATN01K24P,A,ATN,3462.0,8000,4294.0,4260.0
2023-05-10,ATN02K12P,A,ATN,1545.0,2200,1615.0,1662.0
2023-05-10,ATPA1K24P,A,ATPA,0.0,0,0.0,0.0
2023-05-10,ATPPCH5X5K,A,ATPPCH,0.0,0,0.0,0.0
2023-05-10,ATWWP001K24P,A,ATWWP,76.0,0,62.0,2.0
2023-05-10,ATWWP002K12P,A,ATWWP,52.0,0,86.33333333333333,0.0
2023-05-10,EEA200G24P,E,EEA,0.0,0,0.0,0.0
2023-05-10,EEA500G12P,E,EEA,0.0,0,0.0,0.0
2023-05-10,MAC1K25P,M,MAC,0.0,0,0.0,0.0
2023-05-10,MAHS025K,M,MAHS,0.0,85,0.0,0.0
2023-05-10,MAP1K25P,M,MAP,0.0,0,0.0,0.0
2023-05-10,MAPA1K24P,M,MAPA,0.0,0,0.0,0.0
2023-05-10,MAR01K24P,M,MAR,868.0,1200,805.0,750.0
2023-05-10,MAR02K12P,M,MAR,601.0,200,318.995,0.0
2023-05-10,MASR025K,M,MASR,145.0,0,5.0,115.0
2023-05-10,POP001L12P,P,POP,2037.9999999999998,3348,4058.0,2694.0
2023-05-10,POP002L09P,P,POP,160.0,0,295.0000000000001,400.0
2023-05-10,POP005L04P,P,POP,95.0,101,124.0,235.0
2023-05-10,POP015K,P,POP,0.0,0,0.0,0.0
2023-05-10,POP500M24P,P,POP,370.0,0,424.9999999999999,428.0
2023-05-10,POPF01L12P,P,POPF,10.0,450,109.0,134.0
2023-05-10,POV001L24P,P,POV,1103.0,400,2717.0,3018.0
2023-05-10,POV002L09P,P,POV,570.0,0,1218.0,976.0
2023-05-10,POV005L04P,P,POV,350.0,294,715.0,765.0
2023-05-10,POV500M24P,P,POV,740.0000000000002,0,1142.0,896.0
2023-05-10,SE200G24P,S,SE,30.0,0,103.0,60.0
2023-05-10,SE500G24P,S,SE,641.0,1000,757.916,1290.0
2023-05-10,SO0001L12P,S,SO,0.0,0,0.0,0.0
2023-05-10,SO0002L09P,S,SO,0.0,0,0.0,0.0
2023-05-10,SO0005L04P,S,SO,0.0,0,0.0,0.0
2023-05-10,SO0500M24P,S,SO,0.0,0,0.0,0.0
2023-05-10,SOP001L12P,S,SOP,2.0,0,0.0,0.0
2023-05-10,SOS001L12P,S,SOS,6135.000000000002,13000,10957.1660326087,12421.666
2023-05-10,SOS002L09P,S,SOS,3461.0,14990,8835.110990338166,9754.111
2023-05-10,SOS003L04P,S,SOS,915.0,0,1593.999999999999,2053.0
2023-05-10,SOS005L04P,S,SOS,5866.999999999998,14261,8606.0,14116.0
2023-05-10,SOS008L02P,S,SOS,227.0,0,398.9999999999999,130.0
2023-05-10,SOS250M48P,S,SOS,160.0,0,150.0,115.0
2023-05-10,SOS500M24P,S,SOS,2657.000000000001,5008,3598.666032608695,3479.666
2023-05-11,AT5X5K,A,AT,1382.0,2000,3953.0,4683.0
2023-05-11,ATN01K24P,A,ATN,4667.0,7000,5767.833,8293.0
2023-05-11,ATN02K12P,A,ATN,512.0,1000,1205.0,1645.0
2023-05-11,ATPA1K24P,A,ATPA,0.0,0,0.0,0.0
2023-05-11,ATPPCH5X5K,A,ATPPCH,0.0,0,0.0,0.0
2023-05-11,ATWWP001K24P,A,ATWWP,108.0,0,59.41733333333334,0.0
2023-05-11,ATWWP002K12P,A,ATWWP,6.0,0,13.0,50.0
2023-05-11,EEA200G24P,E,EEA,0.0,0,0.0,0.0
2023-05-11,EEA500G12P,E,EEA,0.0,0,0.0,0.0
2023-05-11,MAC1K25P,M,MAC,0.0,0,0.0,0.0
2023-05-11,MAHS025K,M,MAHS,100.0,0,80.0,80.0
2023-05-11,MAP1K25P,M,MAP,0.0,0,0.0,0.0
2023-05-11,MAPA1K24P,M,MAPA,0.0,0,0.0,0.0
2023-05-11,MAR01K24P,M,MAR,800.0,700,905.0,1292.0
2023-05-11,MAR02K12P,M,MAR,15.0,304,163.0,65.0
2023-05-11,MASR025K,M,MASR,15.0,0,190.0,0.0
2023-05-11,POP001L12P,P,POP,3812.0,6018,2041.9999999999998,1600.0
2023-05-11,POP002L09P,P,POP,318.0,509,579.0000000000001,507.0
2023-05-11,POP005L04P,P,POP,109.0,0,130.0,425.0
2023-05-11,POP015K,P,POP,0.0,0,0.0,0.0
2023-05-11,POP500M24P,P,POP,441.0,1502,527.0,764.0
2023-05-11,POPF01L12P,P,POPF,286.0,0,120.0,100.0
2023-05-11,POV001L24P,P,POV,2263.000000000001,4002,1835.0,2590.0
2023-05-11,POV002L09P,P,POV,1087.0,1501,874.0000000000001,1150.0
2023-05-11,POV005L04P,P,POV,683.0,0,514.0000000000001,705.0
2023-05-11,POV500M24P,P,POV,1163.0,2002,708.9999999999997,836.0
2023-05-11,SE200G24P,S,SE,55.0,8,81.0,90.0
2023-05-11,SE500G24P,S,SE,537.0,600,1670.0,1790.0
2023-05-11,SO0001L12P,S,SO,0.0,0,0.0,0.0
2023-05-11,SO0002L09P,S,SO,0.0,0,0.0,0.0
2023-05-11,SO0005L04P,S,SO,0.0,0,0.0,0.0
2023-05-11,SO0500M24P,S,SO,0.0,0,0.0,0.0
2023-05-11,SOP001L12P,S,SOP,100.0,410,0.0,0.0
2023-05-11,SOS001L12P,S,SOS,8438.000000000002,12000,10963.57998188406,14335.0
2023-05-11,SOS002L09P,S,SOS,5637.999999999995,13264,6282.0,10713.0
2023-05-11,SOS003L04P,S,SOS,1051.999999999999,0,1395.0,1945.0
2023-05-11,SOS005L04P,S,SOS,6842.999999999998,13087,7271.0,10758.0
2023-05-11,SOS008L02P,S,SOS,148.0,2641,778.9999999999999,1179.0
2023-05-11,SOS250M48P,S,SOS,224.0,0,77.0,20.0
2023-05-11,SOS500M24P,S,SOS,2777.000000000002,2005,3766.000000000001,3736.0
2023-05-12,AT5X5K,A,AT,0.0,1500,827.0,1070.0
2023-05-12,ATN01K24P,A,ATN,0.0,7000,4570.0,8438.0
2023-05-12,ATN02K12P,A,ATN,0.0,1200,425.0,742.0
2023-05-12,ATPA1K24P,A,ATPA,0.0,0,0.0,0.0
2023-05-12,ATPPCH5X5K,A,ATPPCH,0.0,0,0.0,0.0
2023-05-12,ATWWP001K24P,A,ATWWP,0.0,0,58.0,0.0
2023-05-12,ATWWP002K12P,A,ATWWP,0.0,0,0.0,0.0
2023-05-12,EEA200G24P,E,EEA,0.0,0,0.0,0.0
2023-05-12,EEA500G12P,E,EEA,0.0,0,0.0,0.0
2023-05-12,MAC1K25P,M,MAC,0.0,0,0.0,0.0
2023-05-12,MAHS025K,M,MAHS,0.0,0,5.0,0.0
2023-05-12,MAP1K25P,M,MAP,0.0,0,0.0,0.0
2023-05-12,MAPA1K24P,M,MAPA,0.0,0,0.0,0.0
2023-05-12,MAR01K24P,M,MAR,0.0,500,522.0,1495.0
2023-05-12,MAR02K12P,M,MAR,0.0,300,0.0,100.0
2023-05-12,MASR025K,M,MASR,0.0,0,17.0,30.0
2023-05-12,POP001L12P,P,POP,0.0,2072,1618.0,2290.0
2023-05-12,POP002L09P,P,POP,0.0,0,49.0,100.0
2023-05-12,POP005L04P,P,POP,0.0,0,30.0,150.0
2023-05-12,POP015K,P,POP,0.0,0,0.0,0.0
2023-05-12,POP500M24P,P,POP,0.0,501,327.0,450.0
2023-05-12,POPF01L12P,P,POPF,0.0,0,0.0,0.0
2023-05-12,POV001L24P,P,POV,0.0,2510,2989.0,3286.0
2023-05-12,POV002L09P,P,POV,0.0,830,1586.0,1422.0
2023-05-12,POV005L04P,P,POV,0.0,698,860.0,815.0
2023-05-12,POV500M24P,P,POV,0.0,1562,1222.0,1335.0
2023-05-12,SE200G24P,S,SE,0.0,0,0.0,48.0
2023-05-12,SE500G24P,S,SE,0.0,0,279.0,580.0
2023-05-12,SO0001L12P,S,SO,0.0,0,0.0,0.0
2023-05-12,SO0002L09P,S,SO,0.0,0,0.0,0.0
2023-05-12,SO0005L04P,S,SO,0.0,0,0.0,0.0
2023-05-12,SO0500M24P,S,SO,0.0,0,0.0,0.0
2023-05-12,SOP001L12P,S,SOP,0.0,0,0.0,0.0
2023-05-12,SOS001L12P,S,SOS,0.0,9298,6366.000000000001,9709.0
2023-05-12,SOS002L09P,S,SOS,0.0,2113,5253.999999999998,13788.0
2023-05-12,SOS003L04P,S,SOS,0.0,0,868.9999999999997,1095.0
2023-05-12,SOS005L04P,S,SOS,0.0,4448,5794.999999999998,10673.0
2023-05-12,SOS008L02P,S,SOS,0.0,0,447.9999999999999,1487.0
2023-05-12,SOS250M48P,S,SOS,0.0,0,0.0,0.0
2023-05-12,SOS500M24P,S,SOS,0.0,2006,2341.0,4689.0
2023-05-13,AT5X5K,A,AT,0.0,1200,439.24,700.0
2023-05-13,ATN01K24P,A,ATN,99.0,2500,3595.0,5153.0
2023-05-13,ATN02K12P,A,ATN,6.0,500,369.0,1040.0
2023-05-13,ATPA1K24P,A,ATPA,0.0,0,0.0,0.0
2023-05-13,ATPPCH5X5K,A,ATPPCH,0.0,0,0.0,0.0
2023-05-13,ATWWP001K24P,A,ATWWP,26.0,0,87.0,0.0
2023-05-13,ATWWP002K12P,A,ATWWP,3.0,0,10.0,20.0
2023-05-13,EEA200G24P,E,EEA,0.0,0,0.0,0.0
2023-05-13,EEA500G12P,E,EEA,0.0,0,0.0,0.0
2023-05-13,MAC1K25P,M,MAC,0.0,48,18.0,18.0
2023-05-13,MAHS025K,M,MAHS,0.0,100,5.0,0.0
2023-05-13,MAP1K25P,M,MAP,0.0,0,0.0,0.0
2023-05-13,MAPA1K24P,M,MAPA,0.0,0,0.0,0.0
2023-05-13,MAR01K24P,M,MAR,13.0,0,806.0,505.0
2023-05-13,MAR02K12P,M,MAR,81.0,0,133.0,400.0
2023-05-13,MASR025K,M,MASR,6.0,0,80.0,157.0
2023-05-13,POP001L12P,P,POP,28.0,4408,3268.0,3518.0
2023-05-13,POP002L09P,P,POP,0.0,0,376.0000000000001,372.0
2023-05-13,POP005L04P,P,POP,3.0,0,136.0,160.0
2023-05-13,POP015K,P,POP,0.0,0,0.0,0.0
2023-05-13,POP500M24P,P,POP,0.0,504,476.9999999999998,554.0
2023-05-13,POPF01L12P,P,POPF,0.0,0,80.0,50.0
2023-05-13,POV001L24P,P,POV,85.0,1001,1763.0,2020.0
2023-05-13,POV002L09P,P,POV,45.00000000000001,0,659.0000000000001,420.0
2023-05-13,POV005L04P,P,POV,100.0,0,234.0,340.0
2023-05-13,POV500M24P,P,POV,39.0,1500,697.0,1610.0
2023-05-13,SE200G24P,S,SE,5.0,0,63.0,0.0
2023-05-13,SE500G24P,S,SE,33.0,500,944.0,630.0
2023-05-13,SO0001L12P,S,SO,0.0,0,0.0,0.0
2023-05-13,SO0002L09P,S,SO,0.0,0,0.0,0.0
2023-05-13,SO0005L04P,S,SO,0.0,0,0.0,0.0
2023-05-13,SO0500M24P,S,SO,0.0,0,0.0,0.0
2023-05-13,SOP001L12P,S,SOP,11.0,0,10.0,0.0
2023-05-13,SOS001L12P,S,SOS,632.0,10004,7789.33297101449,8183.0
2023-05-13,SOS002L09P,S,SOS,365.9999999999999,13002,4828.000000000002,5632.0
2023-05-13,SOS003L04P,S,SOS,160.0,0,795.9999999999997,40.0
2023-05-13,SOS005L04P,S,SOS,1018.0,4742,5248.999999999999,3593.0
2023-05-13,SOS008L02P,S,SOS,120.0,2500,355.0,0.0
2023-05-13,SOS250M48P,S,SOS,0.0,0,313.0,313.0
2023-05-13,SOS500M24P,S,SOS,212.0,2004,1997.0,2953.0
2023-05-14,AT5X5K,A,AT,1803.0,1000,818.0,662.0
2023-05-14,ATN01K24P,A,ATN,3406.0,4500,3718.167,6486.0
2023-05-14,ATN02K12P,A,ATN,916.25,500,939.167,497.0
2023-05-14,ATPA1K24P,A,ATPA,0.0,0,0.0,0.0
2023-05-14,ATPPCH5X5K,A,ATPPCH,0.0,0,0.0,0.0
2023-05-14,ATWWP001K24P,A,ATWWP,87.0,0,76.0,41.0
2023-05-14,ATWWP002K12P,A,ATWWP,6.0,0,0.0,0.0
2023-05-14,EEA200G24P,E,EEA,0.0,0,0.0,0.0
2023-05-14,EEA500G12P,E,EEA,0.0,0,0.0,0.0
2023-05-14,MAC1K25P,M,MAC,0.0,0,0.0,0.0
2023-05-14,MAHS025K,M,MAHS,32.0,0,100.0,100.0
2023-05-14,MAP1K25P,M,MAP,0.0,0,0.0,0.0
2023-05-14,MAPA1K24P,M,MAPA,0.0,0,0.0,0.0
2023-05-14,MAR01K24P,M,MAR,586.0,800,293.0,685.0
2023-05-14,MAR02K12P,M,MAR,63.0,200,221.0,200.0
2023-05-14,MASR025K,M,MASR,196.0,200,152.0,200.0
2023-05-14,POP001L12P,P,POP,4026.0,4624,3190.0,3302.0
2023-05-14,POP002L09P,P,POP,517.9999999999999,0,295.0000000000001,170.0
2023-05-14,POP005L04P,P,POP,149.0,0,139.0,0.0
2023-05-14,POP015K,P,POP,0.0,0,0.0,0.0
2023-05-14,POP500M24P,P,POP,432.9999999999999,500,442.9999999999999,370.0
2023-05-14,POPF01L12P,P,POPF,275.0,0,70.0,201.0
2023-05-14,POV001L24P,P,POV,2605.0,6001,1164.0,1340.0
2023-05-14,POV002L09P,P,POV,1564.0,0,417.0000000000001,555.0
2023-05-14,POV005L04P,P,POV,835.0,0,222.0,180.0
2023-05-14,POV500M24P,P,POV,1707.0,1000,750.0000000000001,1485.0
2023-05-14,SE200G24P,S,SE,50.0,0,21.99291666666667,0.0
2023-05-14,SE500G24P,S,SE,828.0,500,547.0,575.0
2023-05-14,SO0001L12P,S,SO,0.0,0,0.0,0.0
2023-05-14,SO0002L09P,S,SO,0.0,0,0.0,0.0
2023-05-14,SO0005L04P,S,SO,0.0,0,0.0,0.0
2023-05-14,SO0500M24P,S,SO,0.0,0,0.0,0.0
2023-05-14,SOP001L12P,S,SOP,151.0,400,210.0,310.0
2023-05-14,SOS001L12P,S,SOS,8378.083967391301,10006,4551.000000000001,12736.0
2023-05-14,SOS002L09P,S,SOS,5805.778019323673,21,3672.0,7309.0
2023-05-14,SOS003L04P,S,SOS,1623.000000000001,1201,668.9999999999999,715.0
2023-05-14,SOS005L04P,S,SOS,10448.0,5001,4825.499999999999,4694.0
2023-05-14,SOS008L02P,S,SOS,244.0,3360,88.99999999999999,230.0
2023-05-14,SOS250M48P,S,SOS,349.0,0,150.0,150.0
2023-05-14,SOS500M24P,S,SOS,3375.000000000004,4000,1394.0,3399.0
2023-05-15,AT5X5K,A,AT,756.0,1000,2258.0,1692.0
2023-05-15,ATN01K24P,A,ATN,2461.0,4000,5886.0,2175.0
2023-05-15,ATN02K12P,A,ATN,806.0,1000,1037.25,648.0
2023-05-15,ATPA1K24P,A,ATPA,0.0,0,0.0,0.0
2023-05-15,ATPPCH5X5K,A,ATPPCH,0.0,0,0.0,0.0
2023-05-15,ATWWP001K24P,A,ATWWP,115.0,0,51.16666666666666,0.0
2023-05-15,ATWWP002K12P,A,ATWWP,83.0,0,5.0,0.0
2023-05-15,EEA200G24P,E,EEA,0.0,0,0.0,0.0
2023-05-15,EEA500G12P,E,EEA,0.0,0,0.0,0.0
2023-05-15,MAC1K25P,M,MAC,0.0,0,0.0,0.0
2023-05-15,MAHS025K,M,MAHS,3.0,0,0.0,0.0
2023-05-15,MAP1K25P,M,MAP,0.0,0,0.0,0.0
2023-05-15,MAPA1K24P,M,MAPA,0.0,0,0.0,0.0
2023-05-15,MAR01K24P,M,MAR,393.0,1516,711.0,272.0
2023-05-15,MAR02K12P,M,MAR,205.0,397,67.0,50.0
2023-05-15,MASR025K,M,MASR,30.0,200,28.0,50.0
2023-05-15,POP001L12P,P,POP,2612.0,7414,3790.0,3230.0
2023-05-15,POP002L09P,P,POP,449.0000000000001,800,210.0,140.0
2023-05-15,POP005L04P,P,POP,150.0,200,115.0,29.0
2023-05-15,POP015K,P,POP,0.0,0,0.0,0.0
2023-05-15,POP500M24P,P,POP,594.0,1010,410.0,165.0
2023-05-15,POPF01L12P,P,POPF,120.0,0,403.0,305.0
2023-05-15,POV001L24P,P,POV,1430.0,2140,2352.0,1515.0
2023-05-15,POV002L09P,P,POV,464.0,1500,1083.0,814.0
2023-05-15,POV005L04P,P,POV,235.0,705,620.0,625.0
2023-05-15,POV500M24P,P,POV,881.0,3000,1718.0,985.0
2023-05-15,SE200G24P,S,SE,10.0,0,41.00000000000001,0.0
2023-05-15,SE500G24P,S,SE,650.0,1245,1090.0,275.0
2023-05-15,SO0001L12P,S,SO,0.0,0,0.0,0.0
2023-05-15,SO0002L09P,S,SO,0.0,0,0.0,0.0
2023-05-15,SO0005L04P,S,SO,0.0,0,0.0,0.0
2023-05-15,SO0500M24P,S,SO,0.0,0,0.0,0.0
2023-05-15,SOP001L12P,S,SOP,16.0,0,130.0,90.0
2023-05-15,SOS001L12P,S,SOS,5610.000000000005,10008,6989.083967391306,7935.0
2023-05-15,SOS002L09P,S,SOS,3838.999999999998,13012,5088.778019323667,6285.0
2023-05-15,SOS003L04P,S,SOS,896.9999999999993,4011,1447.0,1554.0
2023-05-15,SOS005L04P,S,SOS,5591.999999999999,6000,6996.999999999998,5222.0
2023-05-15,SOS008L02P,S,SOS,296.0,0,801.9999999999998,1048.0
2023-05-15,SOS250M48P,S,SOS,70.0,0,38.95797101449275,0.0
2023-05-15,SOS500M24P,S,SOS,2135.000000000001,1000,2837.458967391305,2604.0
2023-05-16,AT5X5K,A,AT,1186.0,1000,875.0,860.0
2023-05-16,ATN01K24P,A,ATN,3112.0,5000,3899.0,3115.0
2023-05-16,ATN02K12P,A,ATN,616.0,500,862.0,460.0
2023-05-16,ATPA1K24P,A,ATPA,0.0,0,0.0,0.0
2023-05-16,ATPPCH5X5K,A,ATPPCH,0.0,0,0.0,0.0
2023-05-16,ATWWP001K24P,A,ATWWP,73.0,0,98.04166666666669,0.0
2023-05-16,ATWWP002K12P,A,ATWWP,5.0,0,41.0,0.0
2023-05-16,EEA200G24P,E,EEA,0.0,0,0.0,0.0
2023-05-16,EEA500G12P,E,EEA,0.0,0,0.0,0.0
2023-05-16,MAC1K25P,M,MAC,0.0,0,0.0,0.0
2023-05-16,MAHS025K,M,MAHS,0.0,0,0.0,0.0
2023-05-16,MAP1K25P,M,MAP,0.0,0,0.0,0.0
2023-05-16,MAPA1K24P,M,MAPA,0.0,0,0.0,0.0
2023-05-16,MAR01K24P,M,MAR,733.0,500,496.0,510.0
2023-05-16,MAR02K12P,M,MAR,160.0,0,253.0,0.0
2023-05-16,MASR025K,M,MASR,6.0,16,145.0,20.0
2023-05-16,POP001L12P,P,POP,1240.0,1400,2414.0,4540.0
2023-05-16,POP002L09P,P,POP,173.0,314,364.0000000000001,593.0
2023-05-16,POP005L04P,P,POP,70.0,200,114.0,60.0
2023-05-16,POP015K,P,POP,0.0,0,0.0,0.0
2023-05-16,POP500M24P,P,POP,212.0,0,355.0000000000001,165.0
2023-05-16,POPF01L12P,P,POPF,40.0,1091,135.0,100.0
2023-05-16,POV001L24P,P,POV,1621.0,1000,2649.0,2803.0
2023-05-16,POV002L09P,P,POV,510.0000000000001,1431,979.0000000000002,920.0
2023-05-16,POV005L04P,P,POV,187.0,1004,512.0,290.0
2023-05-16,POV500M24P,P,POV,769.0000000000001,26,1576.0,1595.0
2023-05-16,SE200G24P,S,SE,50.0,150,0.0,30.0
2023-05-16,SE500G24P,S,SE,587.0,500,779.084,510.0
2023-05-16,SO0001L12P,S,SO,0.0,0,0.0,0.0
2023-05-16,SO0002L09P,S,SO,0.0,0,0.0,0.0
2023-05-16,SO0005L04P,S,SO,0.0,0,0.0,0.0
2023-05-16,SO0500M24P,S,SO,0.0,0,0.0,0.0
2023-05-16,SOP001L12P,S,SOP,5.0,0,25.91702898550724,0.0
2023-05-16,SOS001L12P,S,SOS,4967.000000000002,10665,6554.000000000001,9158.0
2023-05-16,SOS002L09P,S,SOS,3440.999999999997,9568,4225.999999999998,10141.0
2023-05-16,SOS003L04P,S,SOS,924.9999999999998,2000,1016.0,1628.0
2023-05-16,SOS005L04P,S,SOS,4931.0,5006,6839.0,5207.0
2023-05-16,SOS008L02P,S,SOS,165.0,0,86.99999999999999,700.0
2023-05-16,SOS250M48P,S,SOS,352.0000000000001,0,44.99999999999999,10.0
2023-05-16,SOS500M24P,S,SOS,2087.000000000001,5006,2654.0,1525.0
2023-05-17,AT5X5K,A,AT,887.2,500,1505.0,1680.0
2023-05-17,ATN01K24P,A,ATN,4226.708,3000,3475.75,4501.0
2023-05-17,ATN02K12P,A,ATN,567.167,1000,947.0,1320.0
2023-05-17,ATPA1K24P,A,ATPA,0.0,0,0.0,0.0
2023-05-17,ATPPCH5X5K,A,ATPPCH,0.0,0,0.0,0.0
2023-05-17,ATWWP001K24P,A,ATWWP,234.417,0,109.0,0.0
2023-05-17,ATWWP002K12P,A,ATWWP,35.75,0,61.0,30.0
2023-05-17,EEA200G24P,E,EEA,0.0,0,0.0,0.0
2023-05-17,EEA500G12P,E,EEA,0.0,0,0.0,0.0
2023-05-17,MAC1K25P,M,MAC,0.0,0,0.0,0.0
2023-05-17,MAHS025K,M,MAHS,0.0,0,0.0,2.0
2023-05-17,MAP1K25P,M,MAP,0.0,0,0.0,0.0
2023-05-17,MAPA1K24P,M,MAPA,0.0,0,0.0,0.0
2023-05-17,MAR01K24P,M,MAR,509.917,300,526.0,679.0
2023-05-17,MAR02K12P,M,MAR,76.0,0,160.0,255.0
2023-05-17,MASR025K,M,MASR,240.0,100,16.0,50.0
2023-05-17,POP001L12P,P,POP,2170.0,4000,3220.0,3168.0
2023-05-17,POP002L09P,P,POP,126.0,701,402.0,465.0
2023-05-17,POP005L04P,P,POP,35.0,0,115.0,285.0
2023-05-17,POP015K,P,POP,0.0,0,0.0,0.0
2023-05-17,POP500M24P,P,POP,220.0,593,142.0,495.0
2023-05-17,POPF01L12P,P,POPF,21.0,83,43.0,322.0
2023-05-17,POV001L24P,P,POV,1053.0,2000,1865.0,1910.0
2023-05-17,POV002L09P,P,POV,446.0000000000001,1300,779.0000000000002,800.0
2023-05-17,POV005L04P,P,POV,300.0,0,326.0,380.0
2023-05-17,POV500M24P,P,POV,538.9999999999999,1003,1183.0,1115.0
2023-05-17,SE200G24P,S,SE,70.16708333333334,0,10.0,90.0
2023-05-17,SE500G24P,S,SE,580.5,0,473.0,790.0
2023-05-17,SO0001L12P,S,SO,0.0,0,0.0,0.0
2023-05-17,SO0002L09P,S,SO,0.0,0,0.0,0.0
2023-05-17,SO0005L04P,S,SO,0.0,0,0.0,0.0
2023-05-17,SO0500M24P,S,SO,0.0,0,0.0,0.0
2023-05-17,SOP001L12P,S,SOP,137.0,0,10.0,0.0
2023-05-17,SOS001L12P,S,SOS,3529.25,9024,6129.0,9756.0
2023-05-17,SOS002L09P,S,SOS,2757.889009661834,9535,4179.999999999996,10180.0
2023-05-17,SOS003L04P,S,SOS,728.7499999999998,2500,806.9999999999998,1835.0
2023-05-17,SOS005L04P,S,SOS,3982.749999999999,6003,4925.0,7851.0
2023-05-17,SOS008L02P,S,SOS,399.5,0,64.00000000000001,55.0
2023-05-17,SOS250M48P,S,SOS,30.0,0,0.0,0.0
2023-05-17,SOS500M24P,S,SOS,1345.0,2510,2293.0,3313.0
2023-05-18,AT5X5K,A,AT,1107.0,500,777.2,610.0
2023-05-18,ATN01K24P,A,ATN,4984.0,3000,3409.167,4670.0
2023-05-18,ATN02K12P,A,ATN,1093.0,1000,679.167,370.0
2023-05-18,ATPA1K24P,A,ATPA,0.0,0,0.0,0.0
2023-05-18,ATPPCH5X5K,A,ATPPCH,0.0,0,0.0,0.0
2023-05-18,ATWWP001K24P,A,ATWWP,283.0,0,94.375,0.0
2023-05-18,ATWWP002K12P,A,ATWWP,17.0,0,1.75,0.416
2023-05-18,EEA200G24P,E,EEA,0.0,0,0.0,0.0
2023-05-18,EEA500G12P,E,EEA,0.0,0,0.0,0.0
2023-05-18,MAC1K25P,M,MAC,0.0,0,0.0,0.0
2023-05-18,MAHS025K,M,MAHS,0.0,17,0.0,0.0
2023-05-18,MAP1K25P,M,MAP,0.0,0,0.0,0.0
2023-05-18,MAPA1K24P,M,MAPA,0.0,0,0.0,0.0
2023-05-18,MAR01K24P,M,MAR,1072.0,800,425.292,1015.0
2023-05-18,MAR02K12P,M,MAR,60.0,213,161.0,0.0
2023-05-18,MASR025K,M,MASR,0.0,13,83.0,0.0
2023-05-18,POP001L12P,P,POP,1632.0,3214,4130.0,2168.0
2023-05-18,POP002L09P,P,POP,133.0,301,351.0000000000001,150.0
2023-05-18,POP005L04P,P,POP,57.00000000000001,0,115.0,0.0
2023-05-18,POP015K,P,POP,0.0,0,0.0,0.0
2023-05-18,POP500M24P,P,POP,309.9999999999999,306,338.9999999999999,70.0
2023-05-18,POPF01L12P,P,POPF,363.0,412,100.0,0.0
2023-05-18,POV001L24P,P,POV,1928.0,2002,1252.0,1565.0
2023-05-18,POV002L09P,P,POV,740.9999999999998,718,520.0,510.0
2023-05-18,POV005L04P,P,POV,358.0000000000001,0,322.0,180.0
2023-05-18,POV500M24P,P,POV,1357.0,1506,443.0000000000001,970.0
2023-05-18,SE200G24P,S,SE,41.00000000000001,10,25.0,40.0
2023-05-18,SE500G24P,S,SE,1003.0,0,385.25,570.0
2023-05-18,SO0001L12P,S,SO,0.0,0,0.0,0.0
2023-05-18,SO0002L09P,S,SO,0.0,0,0.0,0.0
2023-05-18,SO0005L04P,S,SO,0.0,0,0.0,0.0
2023-05-18,SO0500M24P,S,SO,0.0,0,0.0,0.0
2023-05-18,SOP001L12P,S,SOP,294.9999999999999,0,11.75,0.0
2023-05-18,SOS001L12P,S,SOS,5056.0,9003,3095.25,4984.0
2023-05-18,SOS002L09P,S,SOS,4060.0,9264,2096.77801932367,4943.0
2023-05-18,SOS003L04P,S,SOS,754.9999999999993,2521,740.4999999999995,905.0
2023-05-18,SOS005L04P,S,SOS,4651.999999999999,6002,4142.749999999998,5808.0
2023-05-18,SOS008L02P,S,SOS,190.0,0,344.5,205.0
2023-05-18,SOS250M48P,S,SOS,159.0,0,26.0,20.0
2023-05-18,SOS500M24P,S,SOS,2014.0,1520,1459.0,1710.0
2023-05-19,AT5X5K,A,AT,0.0,500,1032.0,1450.0
2023-05-19,ATN01K24P,A,ATN,0.0,4000,3582.0,2492.0
2023-05-19,ATN02K12P,A,ATN,0.0,500,746.0,859.0
2023-05-19,ATPA1K24P,A,ATPA,0.0,0,0.0,0.0
2023-05-19,ATPPCH5X5K,A,ATPPCH,0.0,0,0.0,0.0
2023-05-19,ATWWP001K24P,A,ATWWP,0.0,0,178.0,64.0
2023-05-19,ATWWP002K12P,A,ATWWP,0.0,0,5.0,0.0
2023-05-19,EEA200G24P,E,EEA,0.0,0,0.0,0.0
2023-05-19,EEA500G12P,E,EEA,0.0,0,0.0,0.0
2023-05-19,MAC1K25P,M,MAC,0.0,0,0.0,0.0
2023-05-19,MAHS025K,M,MAHS,0.0,0,0.0,0.0
2023-05-19,MAP1K25P,M,MAP,0.0,0,0.0,0.0
2023-05-19,MAPA1K24P,M,MAPA,0.0,0,0.0,0.0
2023-05-19,MAR01K24P,M,MAR,0.0,500,810.0,185.0
2023-05-19,MAR02K12P,M,MAR,0.0,0,0.0,290.0
2023-05-19,MASR025K,M,MASR,0.0,100,0.0,251.0
2023-05-19,POP001L12P,P,POP,0.0,810,1316.0000000000002,1150.0
2023-05-19,POP002L09P,P,POP,0.0,0,158.0,150.0
2023-05-19,POP005L04P,P,POP,0.0,0,46.00000000000001,37.0
2023-05-19,POP015K,P,POP,0.0,0,0.0,0.0
2023-05-19,POP500M24P,P,POP,0.0,809,66.0,10.0
2023-05-19,POPF01L12P,P,POPF,0.0,0,293.9999999999999,0.0
2023-05-19,POV001L24P,P,POV,0.0,1030,1504.0,745.0
2023-05-19,POV002L09P,P,POV,0.0,467,593.0,500.0
2023-05-19,POV005L04P,P,POV,0.0,0,194.0,230.0
2023-05-19,POV500M24P,P,POV,0.0,1000,1131.0,540.0
2023-05-19,SE200G24P,S,SE,0.0,51,60.0,0.0
2023-05-19,SE500G24P,S,SE,0.0,1000,669.0,610.0
2023-05-19,SO0001L12P,S,SO,0.0,0,0.0,0.0
2023-05-19,SO0002L09P,S,SO,0.0,0,0.0,0.0
2023-05-19,SO0005L04P,S,SO,0.0,0,0.0,0.0
2023-05-19,SO0500M24P,S,SO,0.0,0,0.0,0.0
2023-05-19,SOP001L12P,S,SOP,0.0,0,5.999999999999999,0.0
2023-05-19,SOS001L12P,S,SOS,0.0,1766,3819.0,4954.0
2023-05-19,SOS002L09P,S,SOS,0.0,2200,2743.000000000001,4478.0
2023-05-19,SOS003L04P,S,SOS,0.0,0,636.9999999999998,1689.0
2023-05-19,SOS005L04P,S,SOS,0.0,2870,3150.0,3975.0
2023-05-19,SOS008L02P,S,SOS,0.0,0,25.0,10.0
2023-05-19,SOS250M48P,S,SOS,0.0,0,0.0,0.0
2023-05-19,SOS500M24P,S,SOS,0.0,2110,1361.0,1816.0
2023-05-20,AT5X5K,A,AT,10.0,300,1209.0,487.0
2023-05-20,ATN01K24P,A,ATN,78.0,1000,2575.0,2980.0
2023-05-20,ATN02K12P,A,ATN,66.0,200,585.0,192.0
2023-05-20,ATPA1K24P,A,ATPA,0.0,0,0.0,0.0
2023-05-20,ATPPCH5X5K,A,ATPPCH,0.0,0,0.0,0.0
2023-05-20,ATWWP001K24P,A,ATWWP,10.0,0,171.0,29.0
2023-05-20,ATWWP002K12P,A,ATWWP,12.0,0,21.0,0.0
2023-05-20,EEA200G24P,E,EEA,0.0,0,0.0,0.0
2023-05-20,EEA500G12P,E,EEA,0.0,0,0.0,0.0
2023-05-20,MAC1K25P,M,MAC,0.0,0,0.0,0.0
2023-05-20,MAHS025K,M,MAHS,0.0,0,2.0,20.0
2023-05-20,MAP1K25P,M,MAP,0.0,0,0.0,0.0
2023-05-20,MAPA1K24P,M,MAPA,0.0,0,0.0,0.0
2023-05-20,MAR01K24P,M,MAR,66.0,500,598.0,720.0
2023-05-20,MAR02K12P,M,MAR,70.0,0,190.0,202.0
2023-05-20,MASR025K,M,MASR,10.0,100,239.0,50.0
2023-05-20,POP001L12P,P,POP,80.0,2658,496.0,1180.0
2023-05-20,POP002L09P,P,POP,40.00000000000001,305,203.0,6.0
2023-05-20,POP005L04P,P,POP,5.0,210,20.0,0.0
2023-05-20,POP015K,P,POP,0.0,0,0.0,0.0
2023-05-20,POP500M24P,P,POP,0.0,0,161.0,380.0
2023-05-20,POPF01L12P,P,POPF,35.0,338,0.0,500.0
2023-05-20,POV001L24P,P,POV,391.0,2500,618.0000000000001,609.0
2023-05-20,POV002L09P,P,POV,89.00000000000001,1000,256.0,147.0
2023-05-20,POV005L04P,P,POV,70.0,512,251.0000000000001,120.0
2023-05-20,POV500M24P,P,POV,53.99999999999999,0,530.0,265.0
2023-05-20,SE200G24P,S,SE,30.0,100,55.0,51.0
2023-05-20,SE500G24P,S,SE,27.0,500,718.0,480.0
2023-05-20,SO0001L12P,S,SO,0.0,0,0.0,0.0
2023-05-20,SO0002L09P,S,SO,0.0,0,0.0,0.0
2023-05-20,SO0005L04P,S,SO,0.0,0,0.0,0.0
2023-05-20,SO0500M24P,S,SO,0.0,0,0.0,0.0
2023-05-20,SOP001L12P,S,SOP,0.0,252,0.0,120.0
2023-05-20,SOS001L12P,S,SOS,528.9999999999998,3010,2319.0,3540.0
2023-05-20,SOS002L09P,S,SOS,717.2099637681159,6013,2149.999999999999,9510.0
2023-05-20,SOS003L04P,S,SOS,260.0,1513,531.9999999999999,695.0
2023-05-20,SOS005L04P,S,SOS,808.9999999999999,2509,2457.0,3295.0
2023-05-20,SOS008L02P,S,SOS,222.9999999999999,0,325.0000000000001,10.0
2023-05-20,SOS250M48P,S,SOS,0.0,1200,302.0009963768115,352.0
2023-05-20,SOS500M24P,S,SOS,113.0,0,939.0,1175.0
2023-05-21,AT5X5K,A,AT,673.0,300,183.0,105.0
2023-05-21,ATN01K24P,A,ATN,3416.0,2500,968.541,1350.0
2023-05-21,ATN02K12P,A,ATN,727.0,200,500.0,750.0
2023-05-21,ATPA1K24P,A,ATPA,0.0,0,0.0,0.0
2023-05-21,ATPPCH5X5K,A,ATPPCH,0.0,0,0.0,0.0
2023-05-21,ATWWP001K24P,A,ATWWP,117.0,0,56.08333333333334,0.0
2023-05-21,ATWWP002K12P,A,ATWWP,6.0,0,21.0,0.0
2023-05-21,EEA200G24P,E,EEA,0.0,0,0.0,0.0
2023-05-21,EEA500G12P,E,EEA,0.0,0,0.0,0.0
2023-05-21,MAC1K25P,M,MAC,0.0,0,0.0,0.0
2023-05-21,MAHS025K,M,MAHS,0.0,0,20.0,0.0
2023-05-21,MAP1K25P,M,MAP,0.0,0,0.0,0.0
2023-05-21,MAPA1K24P,M,MAPA,0.0,0,0.0,0.0
2023-05-21,MAR01K24P,M,MAR,673.0,500,273.625,145.0
2023-05-21,MAR02K12P,M,MAR,66.0,0,41.0,50.0
2023-05-21,MASR025K,M,MASR,0.0,0,0.0,0.0
2023-05-21,POP001L12P,P,POP,2462.0,2126,2922.0,4420.0
2023-05-21,POP002L09P,P,POP,327.0000000000001,0,139.0,420.0
2023-05-21,POP005L04P,P,POP,60.0,0,119.0,75.0
2023-05-21,POP015K,P,POP,0.0,0,0.0,0.0
2023-05-21,POP500M24P,P,POP,596.0,0,444.9999999999999,840.0
2023-05-21,POPF01L12P,P,POPF,6.0,0,111.0,100.0
2023-05-21,POV001L24P,P,POV,2228.000000000001,1514,1268.0,1910.0
2023-05-21,POV002L09P,P,POV,998.9999999999998,0,446.0000000000001,910.0
2023-05-21,POV005L04P,P,POV,275.0,0,158.0,220.0
2023-05-21,POV500M24P,P,POV,1596.0,0,675.9999999999999,1140.0
2023-05-21,SE200G24P,S,SE,93.0,0,40.00708333333333,30.0
2023-05-21,SE500G24P,S,SE,928.0,500,367.25,160.0
2023-05-21,SO0001L12P,S,SO,0.0,0,0.0,0.0
2023-05-21,SO0002L09P,S,SO,0.0,0,0.0,0.0
2023-05-21,SO0005L04P,S,SO,0.0,0,0.0,0.0
2023-05-21,SO0500M24P,S,SO,0.0,0,0.0,0.0
2023-05-21,SOP001L12P,S,SOP,180.0,0,485.2500000000001,395.0
2023-05-21,SOS001L12P,S,SOS,9875.999999999998,0,3774.999999999998,3071.0
2023-05-21,SOS002L09P,S,SOS,5766.999999999997,0,2257.550966183574,3232.0
2023-05-21,SOS003L04P,S,SOS,1025.0,0,488.2499999999998,572.0
2023-05-21,SOS005L04P,S,SOS,5466.999999999999,0,2236.0,2204.0
2023-05-21,SOS008L02P,S,SOS,310.0,0,218.0,550.0
2023-05-21,SOS250M48P,S,SOS,106.0,3206,20.0,1210.0
2023-05-21,SOS500M24P,S,SOS,3029.000000000001,0,1165.0,1480.0
2023-05-22,AT5X5K,A,AT,826.0,200,505.0,400.0
2023-05-22,ATN01K24P,A,ATN,4082.167,2000,2352.0,902.0
2023-05-22,ATN02K12P,A,ATN,1641.0,100,636.0,60.0
2023-05-22,ATPA1K24P,A,ATPA,0.0,0,0.0,0.0
2023-05-22,ATPPCH5X5K,A,ATPPCH,0.0,0,0.0,0.0
2023-05-22,ATWWP001K24P,A,ATWWP,56.0,0,93.0,24.0
2023-05-22,ATWWP002K12P,A,ATWWP,16.0,0,9.0,0.0
2023-05-22,EEA200G24P,E,EEA,0.0,0,0.0,0.0
2023-05-22,EEA500G12P,E,EEA,0.0,0,0.0,0.0
2023-05-22,MAC1K25P,M,MAC,0.0,0,0.0,0.0
2023-05-22,MAHS025K,M,MAHS,120.0,0,0.0,0.0
2023-05-22,MAP1K25P,M,MAP,0.0,0,0.0,0.0
2023-05-22,MAPA1K24P,M,MAPA,0.0,0,0.0,0.0
2023-05-22,MAR01K24P,M,MAR,857.167,200,388.0,570.0
2023-05-22,MAR02K12P,M,MAR,46.0,0,104.0,0.0
2023-05-22,MASR025K,M,MASR,78.0,0,10.0,0.0
2023-05-22,POP001L12P,P,POP,2582.0,0,2353.9999999999995,160.0
2023-05-22,POP002L09P,P,POP,297.0000000000001,0,236.0,50.0
2023-05-22,POP005L04P,P,POP,75.0,0,63.0,0.0
2023-05-22,POP015K,P,POP,0.0,0,0.0,0.0
2023-05-22,POP500M24P,P,POP,775.9999999999999,0,374.0,0.0
2023-05-22,POPF01L12P,P,POPF,20.0,0,56.0,300.0
2023-05-22,POV001L24P,P,POV,1746.0,0,1658.0,285.0
2023-05-22,POV002L09P,P,POV,660.0000000000001,0,644.0000000000001,150.0
2023-05-22,POV005L04P,P,POV,213.0,0,216.0,65.0
2023-05-22,POV500M24P,P,POV,772.9999999999998,0,1004.0,280.0
2023-05-22,SE200G24P,S,SE,35.0,0,15.0,0.0
2023-05-22,SE500G24P,S,SE,686.0,200,507.916,75.0
2023-05-22,SO0001L12P,S,SO,0.0,0,0.0,0.0
2023-05-22,SO0002L09P,S,SO,0.0,0,0.0,0.0
2023-05-22,SO0005L04P,S,SO,0.0,0,0.0,0.0
2023-05-22,SO0500M24P,S,SO,0.0,0,0.0,0.0
2023-05-22,SOP001L12P,S,SOP,186.0,0,210.0,0.0
2023-05-22,SOS001L12P,S,SOS,7229.000000000001,0,6825.999999999999,1759.0
2023-05-22,SOS002L09P,S,SOS,4788.999999999999,0,4481.999999999997,1096.0
2023-05-22,SOS003L04P,S,SOS,707.9999999999993,0,932.9999999999995,165.0
2023-05-22,SOS005L04P,S,SOS,4939.5,0,5507.999999999998,500.0
2023-05-22,SOS008L02P,S,SOS,65.0,0,170.0,30.0
2023-05-22,SOS250M48P,S,SOS,223.0,0,425.9999999999998,0.0
2023-05-22,SOS500M24P,S,SOS,3384.000000000002,0,2555.0,155.0
2023-05-23,AT5X5K,A,AT,181.0,500,706.0,826.0
2023-05-23,ATN01K24P,A,ATN,1389.0,3000,2925.167,3515.0
2023-05-23,ATN02K12P,A,ATN,679.0,500,1325.0,535.0
2023-05-23,ATPA1K24P,A,ATPA,0.0,0,0.0,0.0
2023-05-23,ATPPCH5X5K,A,ATPPCH,0.0,0,0.0,0.0
2023-05-23,ATWWP001K24P,A,ATWWP,32.0,0,74.0,5.0
2023-05-23,ATWWP002K12P,A,ATWWP,7.0,0,2.0,0.0
2023-05-23,EEA200G24P,E,EEA,0.0,0,0.0,0.0
2023-05-23,EEA500G12P,E,EEA,0.0,0,0.0,0.0
2023-05-23,MAC1K25P,M,MAC,0.0,0,0.0,30.0
2023-05-23,MAHS025K,M,MAHS,5.0,614,100.0,610.0
2023-05-23,MAP1K25P,M,MAP,0.0,0,0.0,0.0
2023-05-23,MAPA1K24P,M,MAPA,0.0,0,0.0,0.0
2023-05-23,MAR01K24P,M,MAR,443.0,300,842.167,1440.0
2023-05-23,MAR02K12P,M,MAR,13.0,800,80.0,50.0
2023-05-23,MASR025K,M,MASR,75.0,0,93.0,109.0
2023-05-23,POP001L12P,P,POP,1571.9999999999998,0,1633.9999999999998,1350.0
2023-05-23,POP002L09P,P,POP,240.0000000000001,0,234.0000000000001,113.0
2023-05-23,POP005L04P,P,POP,79.0,0,59.0,25.0
2023-05-23,POP015K,P,POP,0.0,0,0.0,0.0
2023-05-23,POP500M24P,P,POP,174.0,305,447.0,775.0
2023-05-23,POPF01L12P,P,POPF,22.0,0,161.0,60.0
2023-05-23,POV001L24P,P,POV,953.0,0,1585.0,1645.0
2023-05-23,POV002L09P,P,POV,175.0,0,545.0,474.0
2023-05-23,POV005L04P,P,POV,138.0,0,259.0,150.0
2023-05-23,POV500M24P,P,POV,610.9999999999999,1005,746.0,1060.0
2023-05-23,SE200G24P,S,SE,35.0,190,20.0,100.0
2023-05-23,SE500G24P,S,SE,334.0,300,517.0,1035.0
2023-05-23,SO0001L12P,S,SO,0.0,0,0.0,0.0
2023-05-23,SO0002L09P,S,SO,0.0,0,0.0,0.0
2023-05-23,SO0005L04P,S,SO,0.0,0,0.0,0.0
2023-05-23,SO0500M24P,S,SO,0.0,0,0.0,0.0
2023-05-23,SOP001L12P,S,SOP,10.0,500,49.99999999999999,80.0
2023-05-23,SOS001L12P,S,SOS,3003.000000000001,6016,6137.0,4103.0
2023-05-23,SOS002L09P,S,SOS,1928.999999999999,0,3743.999999999998,1612.0
2023-05-23,SOS003L04P,S,SOS,447.9999999999999,0,557.9999999999999,360.0
2023-05-23,SOS005L04P,S,SOS,2389.0,4009,3021.499999999999,1555.0
2023-05-23,SOS008L02P,S,SOS,80.0,0,102.0,300.0
2023-05-23,SOS250M48P,S,SOS,310.9999999999999,0,679.0420289855068,417.0
2023-05-23,SOS500M24P,S,SOS,1395.0,1505,2578.0,2702.0
2023-05-24,AT5X5K,A,AT,487.0,0,331.0,180.0
2023-05-24,ATN01K24P,A,ATN,2214.0,0,2107.0,1970.0
2023-05-24,ATN02K12P,A,ATN,967.0,0,870.0,1298.0
2023-05-24,ATPA1K24P,A,ATPA,0.0,0,0.0,0.0
2023-05-24,ATPPCH5X5K,A,ATPPCH,0.0,0,0.0,0.0
2023-05-24,ATWWP001K24P,A,ATWWP,35.0,0,25.0,24.0
2023-05-24,ATWWP002K12P,A,ATWWP,5.0,0,7.0,10.0
2023-05-24,EEA200G24P,E,EEA,0.0,0,0.0,0.0
2023-05-24,EEA500G12P,E,EEA,0.0,0,0.0,0.0
2023-05-24,MAC1K25P,M,MAC,0.0,0,0.0,0.0
2023-05-24,MAHS025K,M,MAHS,5.0,0,0.0,15.0
2023-05-24,MAP1K25P,M,MAP,0.0,0,0.0,0.0
2023-05-24,MAPA1K24P,M,MAPA,0.0,0,0.0,0.0
2023-05-24,MAR01K24P,M,MAR,742.0,0,477.0,390.0
2023-05-24,MAR02K12P,M,MAR,258.0,0,69.0,220.0
2023-05-24,MASR025K,M,MASR,250.0,0,108.0,15.0
2023-05-24,POP001L12P,P,POP,954.0,0,2110.0,952.0
2023-05-24,POP002L09P,P,POP,115.0,0,274.0029914529915,181.0
2023-05-24,POP005L04P,P,POP,35.0,0,104.0,20.0
2023-05-24,POP015K,P,POP,0.0,0,0.0,0.0
2023-05-24,POP500M24P,P,POP,397.0,0,406.0000000000001,718.0
2023-05-24,POPF01L12P,P,POPF,69.0,0,275.9999999999999,150.0
2023-05-24,POV001L24P,P,POV,901.0000000000002,0,1218.0,819.0
2023-05-24,POV002L09P,P,POV,289.0,0,271.0000000000001,329.0
2023-05-24,POV005L04P,P,POV,134.0,0,110.0,370.0
2023-05-24,POV500M24P,P,POV,449.0000000000001,0,633.0,276.0
2023-05-24,SE200G24P,S,SE,5.0,0,49.0,35.0
2023-05-24,SE500G24P,S,SE,445.0,0,305.0,848.0
2023-05-24,SO0001L12P,S,SO,0.0,0,0.0,0.0
2023-05-24,SO0002L09P,S,SO,0.0,0,0.0,0.0
2023-05-24,SO0005L04P,S,SO,0.0,0,0.0,0.0
2023-05-24,SO0500M24P,S,SO,0.0,0,0.0,0.0
2023-05-24,SOP001L12P,S,SOP,19.0,0,21.0,20.0
2023-05-24,SOS001L12P,S,SOS,2613.0,0,3091.999999999999,1832.0
2023-05-24,SOS002L09P,S,SOS,2100.0,0,2420.999999999999,790.0
2023-05-24,SOS003L04P,S,SOS,293.0,0,495.9999999999999,400.0
2023-05-24,SOS005L04P,S,SOS,2866.999999999999,0,3172.0,3920.0
2023-05-24,SOS008L02P,S,SOS,50.0,0,522.9999999999999,10.0
2023-05-24,SOS250M48P,S,SOS,55.0,0,190.0,80.0
2023-05-24,SOS500M24P,S,SOS,1449.999999999999,0,1428.0,667.0
2023-05-25,AT5X5K,A,AT,1005.0,300,235.0,400.0
2023-05-25,ATN01K24P,A,ATN,1377.0,1000,2186.0,2442.0
2023-05-25,ATN02K12P,A,ATN,971.0,1500,597.0,1100.0
2023-05-25,ATPA1K24P,A,ATPA,0.0,0,0.0,0.0
2023-05-25,ATPPCH5X5K,A,ATPPCH,0.0,0,0.0,0.0
2023-05-25,ATWWP001K24P,A,ATWWP,10.0,0,32.0,3.0
2023-05-25,ATWWP002K12P,A,ATWWP,35.0,0,10.0,10.0
2023-05-25,EEA200G24P,E,EEA,0.0,0,0.0,0.0
2023-05-25,EEA500G12P,E,EEA,0.0,0,0.0,0.0
2023-05-25,MAC1K25P,M,MAC,0.0,0,0.0,0.0
2023-05-25,MAHS025K,M,MAHS,0.0,0,0.0,33.0
2023-05-25,MAP1K25P,M,MAP,0.0,0,0.0,0.0
2023-05-25,MAPA1K24P,M,MAPA,0.0,0,0.0,0.0
2023-05-25,MAR01K24P,M,MAR,290.0,500,658.0,560.0
2023-05-25,MAR02K12P,M,MAR,98.0,0,147.0,10.0
2023-05-25,MASR025K,M,MASR,20.0,100,9.0,15.0
2023-05-25,POP001L12P,P,POP,1656.0,2410,1404.0,664.0
2023-05-25,POP002L09P,P,POP,195.0,12,260.0000000000001,59.0
2023-05-25,POP005L04P,P,POP,55.0,0,66.0,5.0
2023-05-25,POP015K,P,POP,0.0,0,0.0,0.0
2023-05-25,POP500M24P,P,POP,320.0,701,568.0,120.0
2023-05-25,POPF01L12P,P,POPF,11.0,0,20.0,0.0
2023-05-25,POV001L24P,P,POV,1108.0,1499,1059.0,685.0
2023-05-25,POV002L09P,P,POV,640.9999999999999,0,571.0000000000001,225.0
2023-05-25,POV005L04P,P,POV,259.0,0,219.0,100.0
2023-05-25,POV500M24P,P,POV,1319.0,1802,742.0,300.0
2023-05-25,SE200G24P,S,SE,65.0,0,51.00000000000001,55.0
2023-05-25,SE500G24P,S,SE,601.0,883,527.084,513.0
2023-05-25,SO0001L12P,S,SO,0.0,0,0.0,0.0
2023-05-25,SO0002L09P,S,SO,0.0,0,0.0,0.0
2023-05-25,SO0005L04P,S,SO,0.0,0,0.0,0.0
2023-05-25,SO0500M24P,S,SO,0.0,0,0.0,0.0
2023-05-25,SOP001L12P,S,SOP,304.9999999999999,0,302.9999999999999,280.0
2023-05-25,SOS001L12P,S,SOS,4290.0,4000,3341.0,2408.0
2023-05-25,SOS002L09P,S,SOS,2936.999999999999,4000,2772.999999999999,1693.0
2023-05-25,SOS003L04P,S,SOS,604.9999999999997,0,529.9999999999999,468.0
2023-05-25,SOS005L04P,S,SOS,3302.0,0,3058.0,2270.0
2023-05-25,SOS008L02P,S,SOS,97.0,0,202.0,530.0
2023-05-25,SOS250M48P,S,SOS,90.0,0,550.9990036231884,486.0
2023-05-25,SOS500M24P,S,SOS,1587.0,2500,1583.999999999999,860.0
2023-05-26,AT5X5K,A,AT,0.0,500,770.0,1090.0
2023-05-26,ATN01K24P,A,ATN,10.0,2500,1255.0,1208.0
2023-05-26,ATN02K12P,A,ATN,0.0,1000,372.0,432.0
2023-05-26,ATPA1K24P,A,ATPA,0.0,0,0.0,0.0
2023-05-26,ATPPCH5X5K,A,ATPPCH,0.0,0,0.0,0.0
2023-05-26,ATWWP001K24P,A,ATWWP,0.0,0,11.0,0.0
2023-05-26,ATWWP002K12P,A,ATWWP,0.0,0,0.0,0.0
2023-05-26,EEA200G24P,E,EEA,0.0,0,0.0,0.0
2023-05-26,EEA500G12P,E,EEA,0.0,0,0.0,0.0
2023-05-26,MAC1K25P,M,MAC,0.0,0,0.0,0.0
2023-05-26,MAHS025K,M,MAHS,0.0,0,10.0,0.0
2023-05-26,MAP1K25P,M,MAP,0.0,0,0.0,0.0
2023-05-26,MAPA1K24P,M,MAPA,0.0,0,0.0,0.0
2023-05-26,MAR01K24P,M,MAR,0.0,300,191.0,200.0
2023-05-26,MAR02K12P,M,MAR,0.0,0,30.0,10.0
2023-05-26,MASR025K,M,MASR,0.0,100,10.0,0.0
2023-05-26,POP001L12P,P,POP,0.0,0,608.0,180.0
2023-05-26,POP002L09P,P,POP,0.0,0,70.00000000000001,25.0
2023-05-26,POP005L04P,P,POP,0.0,100,20.0,20.0
2023-05-26,POP015K,P,POP,0.0,0,0.0,0.0
2023-05-26,POP500M24P,P,POP,0.0,0,340.9999999999999,80.0
2023-05-26,POPF01L12P,P,POPF,0.0,0,11.0,0.0
2023-05-26,POV001L24P,P,POV,0.0,0,465.0,130.0
2023-05-26,POV002L09P,P,POV,0.0,0,258.0,150.0
2023-05-26,POV005L04P,P,POV,0.0,400,40.0,40.0
2023-05-26,POV500M24P,P,POV,0.0,0,532.0,179.0
2023-05-26,SE200G24P,S,SE,0.0,0,80.0,0.0
2023-05-26,SE500G24P,S,SE,0.0,600,453.0,315.0
2023-05-26,SO0001L12P,S,SO,0.0,0,0.0,0.0
2023-05-26,SO0002L09P,S,SO,0.0,0,0.0,0.0
2023-05-26,SO0005L04P,S,SO,0.0,0,0.0,0.0
2023-05-26,SO0500M24P,S,SO,0.0,0,0.0,0.0
2023-05-26,SOP001L12P,S,SOP,0.0,0,0.0,0.0
2023-05-26,SOS001L12P,S,SOS,0.0,3003,2919.0,651.0
2023-05-26,SOS002L09P,S,SOS,0.0,3006,1578.0,383.0
2023-05-26,SOS003L04P,S,SOS,0.0,0,324.0,60.0
2023-05-26,SOS005L04P,S,SOS,0.0,3513,1852.0,555.0
2023-05-26,SOS008L02P,S,SOS,0.0,0,205.0,5.0
2023-05-26,SOS250M48P,S,SOS,0.0,0,412.9999999999999,330.0
2023-05-26,SOS500M24P,S,SOS,0.0,1028,1329.0,276.0
2023-05-27,AT5X5K,A,AT,295.0,500,480.0,480.0
2023-05-27,ATN01K24P,A,ATN,430.0,1000,1277.0,1520.0
2023-05-27,ATN02K12P,A,ATN,1200.0,500,597.0,345.0
2023-05-27,ATPA1K24P,A,ATPA,0.0,0,0.0,0.0
2023-05-27,ATPPCH5X5K,A,ATPPCH,0.0,0,0.0,0.0
2023-05-27,ATWWP001K24P,A,ATWWP,3.0,0,19.25033333333333,5.0
2023-05-27,ATWWP002K12P,A,ATWWP,0.0,0,29.0,0.0
2023-05-27,EEA200G24P,E,EEA,0.0,0,0.0,0.0
2023-05-27,EEA500G12P,E,EEA,0.0,0,0.0,0.0
2023-05-27,MAC1K25P,M,MAC,0.0,0,0.0,0.0
2023-05-27,MAHS025K,M,MAHS,0.0,0,40.0,5.0
2023-05-27,MAP1K25P,M,MAP,0.0,0,0.0,0.0
2023-05-27,MAPA1K24P,M,MAPA,0.0,0,0.0,0.0
2023-05-27,MAR01K24P,M,MAR,28.0,200,238.0,105.0
2023-05-27,MAR02K12P,M,MAR,210.0,0,152.0,0.0
2023-05-27,MASR025K,M,MASR,0.0,0,130.0,69.0
2023-05-27,POP001L12P,P,POP,176.0,1402,1048.0,2720.0
2023-05-27,POP002L09P,P,POP,20.0,250,62.00000000000001,250.0
2023-05-27,POP005L04P,P,POP,23.0,0,5.0,50.0
2023-05-27,POP015K,P,POP,0.0,0,0.0,0.0
2023-05-27,POP500M24P,P,POP,5.0,406,245.0,157.0
2023-05-27,POPF01L12P,P,POPF,97.0,100,10.08397435897436,0.0
2023-05-27,POV001L24P,P,POV,201.0,1502,600.0,950.0
2023-05-27,POV002L09P,P,POV,35.0,400,199.0,200.0
2023-05-27,POV005L04P,P,POV,20.0,0,139.0,100.0
2023-05-27,POV500M24P,P,POV,156.0,136,377.0,1300.0
2023-05-27,SE200G24P,S,SE,0.0,0,51.00000000000001,0.0
2023-05-27,SE500G24P,S,SE,140.0,0,203.0,140.0
2023-05-27,SO0001L12P,S,SO,0.0,0,0.0,0.0
2023-05-27,SO0002L09P,S,SO,0.0,0,0.0,0.0
2023-05-27,SO0005L04P,S,SO,0.0,0,0.0,0.0
2023-05-27,SO0500M24P,S,SO,0.0,0,0.0,0.0
2023-05-27,SOP001L12P,S,SOP,0.0,105,0.0,100.0
2023-05-27,SOS001L12P,S,SOS,444.0,2010,1373.0,3178.0
2023-05-27,SOS002L09P,S,SOS,353.9999999999999,0,939.9999999999995,115.0
2023-05-27,SOS003L04P,S,SOS,47.99999999999999,0,201.0,85.0
2023-05-27,SOS005L04P,S,SOS,1020.0,0,1244.0,984.0
2023-05-27,SOS008L02P,S,SOS,0.0,0,65.0,0.0
2023-05-27,SOS250M48P,S,SOS,0.0,0,50.99999999999999,40.0
2023-05-27,SOS500M24P,S,SOS,299.9999999999999,1007,636.9999999999999,2475.0
2023-05-28,AT5X5K,A,AT,754.0,700,230.0,0.0
2023-05-28,ATN01K24P,A,ATN,3526.0,2000,1248.0,95.0
2023-05-28,ATN02K12P,A,ATN,205.0,1000,466.0,300.0
2023-05-28,ATPA1K24P,A,ATPA,0.0,0,0.0,0.0
2023-05-28,ATPPCH5X5K,A,ATPPCH,0.0,0,0.0,0.0
2023-05-28,ATWWP001K24P,A,ATWWP,44.0,0,6.0,8.0
2023-05-28,ATWWP002K12P,A,ATWWP,26.0,0,0.0,0.0
2023-05-28,EEA200G24P,E,EEA,0.0,0,0.0,0.0
2023-05-28,EEA500G12P,E,EEA,0.0,0,0.0,0.0
2023-05-28,MAC1K25P,M,MAC,0.0,0,20.0,0.0
2023-05-28,MAHS025K,M,MAHS,0.0,0,10.0,0.0
2023-05-28,MAP1K25P,M,MAP,0.0,0,0.0,0.0
2023-05-28,MAPA1K24P,M,MAPA,0.0,0,0.0,0.0
2023-05-28,MAR01K24P,M,MAR,791.0,500,206.0,5.0
2023-05-28,MAR02K12P,M,MAR,131.0,0,32.0,50.0
2023-05-28,MASR025K,M,MASR,46.0,0,10.0,100.0
2023-05-28,POP001L12P,P,POP,1486.0,1214,554.0,200.0
2023-05-28,POP002L09P,P,POP,118.0,101,45.00000000000001,150.0
2023-05-28,POP005L04P,P,POP,32.0,0,20.0,50.0
2023-05-28,POP015K,P,POP,0.0,0,0.0,0.0
2023-05-28,POP500M24P,P,POP,574.0000000000001,0,176.0,0.0
2023-05-28,POPF01L12P,P,POPF,75.00000000000001,101,152.0,0.0
2023-05-28,POV001L24P,P,POV,2558.0,507,962.0,380.0
2023-05-28,POV002L09P,P,POV,931.0,402,303.0,250.0
2023-05-28,POV005L04P,P,POV,321.0,0,125.0,25.0
2023-05-28,POV500M24P,P,POV,1578.0,430,621.0,435.0
2023-05-28,SE200G24P,S,SE,31.0,0,10.0,0.0
2023-05-28,SE500G24P,S,SE,857.0,400,363.0,80.0
2023-05-28,SO0001L12P,S,SO,0.0,0,0.0,0.0
2023-05-28,SO0002L09P,S,SO,0.0,0,0.0,0.0
2023-05-28,SO0005L04P,S,SO,0.0,0,0.0,0.0
2023-05-28,SO0500M24P,S,SO,0.0,0,0.0,0.0
2023-05-28,SOP001L12P,S,SOP,34.99999999999999,121,5.0,0.0
2023-05-28,SOS001L12P,S,SOS,5528.000000000005,4000,1981.999999999999,730.0
2023-05-28,SOS002L09P,S,SOS,3595.999999999998,1501,1381.0,310.0
2023-05-28,SOS003L04P,S,SOS,688.9999999999998,1001,373.0,250.0
2023-05-28,SOS005L04P,S,SOS,4496.0,3243,2085.0,945.0
2023-05-28,SOS008L02P,S,SOS,126.0,0,43.99999999999999,150.0
2023-05-28,SOS250M48P,S,SOS,239.0,0,49.99999999999999,0.0
2023-05-28,SOS500M24P,S,SOS,3656.000000000001,2005,986.9999999999995,600.0
2023-05-29,AT5X5K,A,AT,540.0,800,929.0,700.0
2023-05-29,ATN01K24P,A,ATN,2689.0,2500,2326.25,2225.0
2023-05-29,ATN02K12P,A,ATN,403.0,1000,497.166,960.0
2023-05-29,ATPA1K24P,A,ATPA,0.0,0,0.0,0.0
2023-05-29,ATPPCH5X5K,A,ATPPCH,0.0,0,0.0,0.0
2023-05-29,ATWWP001K24P,A,ATWWP,37.0,0,35.0,0.0
2023-05-29,ATWWP002K12P,A,ATWWP,14.0,0,0.0,0.0
2023-05-29,EEA200G24P,E,EEA,0.0,0,0.0,0.0
2023-05-29,EEA500G12P,E,EEA,0.0,0,0.0,0.0
2023-05-29,MAC1K25P,M,MAC,150.0,200,10.0,0.0
2023-05-29,MAHS025K,M,MAHS,160.0,0,3.0,0.0
2023-05-29,MAP1K25P,M,MAP,0.0,0,0.0,0.0
2023-05-29,MAPA1K24P,M,MAPA,0.0,0,0.0,0.0
2023-05-29,MAR01K24P,M,MAR,765.0,300,503.0,265.0
2023-05-29,MAR02K12P,M,MAR,211.166,0,68.0,150.0
2023-05-29,MASR025K,M,MASR,28.0,0,51.0,42.0
2023-05-29,POP001L12P,P,POP,1189.9999999999998,1206,1342.334065934066,1260.0
2023-05-29,POP002L09P,P,POP,170.0,201,93.0,170.0
2023-05-29,POP005L04P,P,POP,65.0,100,10.0,12.0
2023-05-29,POP015K,P,POP,0.0,0,0.0,0.0
2023-05-29,POP500M24P,P,POP,474.0,305,251.0,810.0
2023-05-29,POPF01L12P,P,POPF,51.0,302,20.0,0.0
2023-05-29,POV001L24P,P,POV,1091.0,501,2187.0,2405.0
2023-05-29,POV002L09P,P,POV,415.0,503,753.0000000000003,803.0
2023-05-29,POV005L04P,P,POV,155.0,505,341.0,217.0
2023-05-29,POV500M24P,P,POV,1311.0,710,1790.0,1664.0
2023-05-29,SE200G24P,S,SE,19.0,0,20.0,0.0
2023-05-29,SE500G24P,S,SE,760.0,300,781.0,560.0
2023-05-29,SO0001L12P,S,SO,0.0,0,0.0,0.0
2023-05-29,SO0002L09P,S,SO,0.0,0,0.0,0.0
2023-05-29,SO0005L04P,S,SO,0.0,0,0.0,0.0
2023-05-29,SO0500M24P,S,SO,0.0,0,0.0,0.0
2023-05-29,SOP001L12P,S,SOP,130.0,0,44.99999999999999,0.0
2023-05-29,SOS001L12P,S,SOS,5958.000000000003,5005,5190.750000000004,4642.0
2023-05-29,SOS002L09P,S,SOS,3388.880012077293,2016,3473.0,1373.0
2023-05-29,SOS003L04P,S,SOS,534.9999999999998,1020,692.9999999999998,386.0
2023-05-29,SOS005L04P,S,SOS,3809.0,4012,4588.999999999999,3310.0
2023-05-29,SOS008L02P,S,SOS,167.0,0,543.0,10.0
2023-05-29,SOS250M48P,S,SOS,130.0,0,148.0,350.0
2023-05-29,SOS500M24P,S,SOS,2645.000000000001,2011,3743.0,2915.0
2023-05-30,AT5X5K,A,AT,480.0,800,330.0,20.0
2023-05-30,ATN01K24P,A,ATN,1254.0,2000,2842.0,1753.0
2023-05-30,ATN02K12P,A,ATN,199.25,500,487.0,780.0
2023-05-30,ATPA1K24P,A,ATPA,0.0,0,0.0,0.0
2023-05-30,ATPPCH5X5K,A,ATPPCH,0.0,0,0.0,0.0
2023-05-30,ATWWP001K24P,A,ATWWP,22.0,0,9.0,0.0
2023-05-30,ATWWP002K12P,A,ATWWP,4.0,0,4.0,0.0
2023-05-30,EEA200G24P,E,EEA,0.0,0,0.0,0.0
2023-05-30,EEA500G12P,E,EEA,0.0,0,0.0,0.0
2023-05-30,MAC1K25P,M,MAC,0.0,0,0.0,150.0
2023-05-30,MAHS025K,M,MAHS,10.0,160,0.0,150.0
2023-05-30,MAP1K25P,M,MAP,0.0,0,0.0,0.0
2023-05-30,MAPA1K24P,M,MAPA,0.0,0,0.0,0.0
2023-05-30,MAR01K24P,M,MAR,190.0,223,632.0,200.0
2023-05-30,MAR02K12P,M,MAR,16.0,3,179.166,200.0
2023-05-30,MASR025K,M,MASR,50.0,100,9.0,10.0
2023-05-30,POP001L12P,P,POP,1838.0,1008,1771.9999999999998,1630.0
2023-05-30,POP002L09P,P,POP,210.0,101,212.0000000000001,145.0
2023-05-30,POP005L04P,P,POP,65.0,0,73.0,35.0
2023-05-30,POP015K,P,POP,0.0,0,0.0,0.0
2023-05-30,POP500M24P,P,POP,391.0,205,403.0,400.0
2023-05-30,POPF01L12P,P,POPF,23.0,0,0.0,170.0
2023-05-30,POV001L24P,P,POV,1261.0,2008,964.0,1150.0
2023-05-30,POV002L09P,P,POV,319.0000000000001,310,375.0,220.0
2023-05-30,POV005L04P,P,POV,106.0,0,145.0,275.0
2023-05-30,POV500M24P,P,POV,596.0,830,636.0000000000001,992.0
2023-05-30,SE200G24P,S,SE,55.0,100,0.0,0.0
2023-05-30,SE500G24P,S,SE,565.0,300,654.0,680.0
2023-05-30,SO0001L12P,S,SO,0.0,0,0.0,0.0
2023-05-30,SO0002L09P,S,SO,0.0,0,0.0,0.0
2023-05-30,SO0005L04P,S,SO,0.0,0,0.0,0.0
2023-05-30,SO0500M24P,S,SO,0.0,0,0.0,0.0
2023-05-30,SOP001L12P,S,SOP,10.0,104,142.0,450.0
2023-05-30,SOS001L12P,S,SOS,3845.0,3007,4641.999999999999,3745.0
2023-05-30,SOS002L09P,S,SOS,2144.0,1023,2388.880012077293,892.0
2023-05-30,SOS003L04P,S,SOS,299.0,1021,474.9999999999999,235.0
2023-05-30,SOS005L04P,S,SOS,2501.75,3002,2846.0,2975.0
2023-05-30,SOS008L02P,S,SOS,603.0,0,86.0,190.0
2023-05-30,SOS250M48P,S,SOS,58.99999999999999,0,28.0,212.0
2023-05-30,SOS500M24P,S,SOS,1297.0,1504,1652.0,2100.0
2023-05-31,AT5X5K,A,AT,14.6,500,460.0,510.0
2023-05-31,ATN01K24P,A,ATN,401.129,1000,2202.0,1506.0
2023-05-31,ATN02K12P,A,ATN,291.117,200,566.0,310.0
2023-05-31,ATPA1K24P,A,ATPA,0.0,0,0.0,0.0
2023-05-31,ATPPCH5X5K,A,ATPPCH,0.0,0,0.0,0.0
2023-05-31,ATWWP001K24P,A,ATWWP,20.5,0,24.742,0.0
2023-05-31,ATWWP002K12P,A,ATWWP,11.0,0,2.5,0.0
2023-05-31,EEA200G24P,E,EEA,0.0,0,0.0,0.0
2023-05-31,EEA500G12P,E,EEA,0.0,0,0.0,0.0
2023-05-31,MAC1K25P,M,MAC,0.0,0,150.0,0.0
2023-05-31,MAHS025K,M,MAHS,6.0,0,150.0,10.0
2023-05-31,MAP1K25P,M,MAP,0.0,0,0.0,0.0
2023-05-31,MAPA1K24P,M,MAPA,0.0,0,0.0,0.0
2023-05-31,MAR01K24P,M,MAR,129.545,400,626.0,494.0
2023-05-31,MAR02K12P,M,MAR,34.617,300,98.0,100.0
2023-05-31,MASR025K,M,MASR,120.0,0,17.0,15.0
2023-05-31,POP001L12P,P,POP,528.0,0,1881.9999999999998,2070.0
2023-05-31,POP002L09P,P,POP,18.0,0,175.0,290.0
2023-05-31,POP005L04P,P,POP,24.0,0,52.0,88.0
2023-05-31,POP015K,P,POP,0.0,0,0.0,0.0
2023-05-31,POP500M24P,P,POP,145.0,0,522.0,190.0
2023-05-31,POPF01L12P,P,POPF,15.0,0,15.0,0.0
2023-05-31,POV001L24P,P,POV,735.9999999999999,0,1162.0,1110.0
2023-05-31,POV002L09P,P,POV,185.0000000000001,0,265.0000000000001,310.0
2023-05-31,POV005L04P,P,POV,13.0,0,23.0,205.0
2023-05-31,POV500M24P,P,POV,603.9999999999999,0,1049.0,760.0
2023-05-31,SE200G24P,S,SE,10.25,100,35.0,72.0
2023-05-31,SE500G24P,S,SE,116.917,800,773.0,763.0
2023-05-31,SO0001L12P,S,SO,0.0,0,0.0,0.0
2023-05-31,SO0002L09P,S,SO,0.0,0,0.0,0.0
2023-05-31,SO0005L04P,S,SO,0.0,0,0.0,0.0
2023-05-31,SO0500M24P,S,SO,0.0,0,0.0,0.0
2023-05-31,SOP001L12P,S,SOP,5.667028985507246,0,246.0,0.0
2023-05-31,SOS001L12P,S,SOS,3163.417028985507,0,3748.000000000001,4084.0
2023-05-31,SOS002L09P,S,SOS,1338.421980676328,0,2956.199999999998,1325.0
2023-05-31,SOS003L04P,S,SOS,363.2499999999999,0,265.0000000000001,115.0
2023-05-31,SOS005L04P,S,SOS,2366.25,0,3118.0,2126.0
2023-05-31,SOS008L02P,S,SOS,97.5,0,11.0,180.0
2023-05-31,SOS250M48P,S,SOS,64.0,0,219.9999999999999,83.0
2023-05-31,SOS500M24P,S,SOS,1908.0,1005,2163.999999999999,2050.0
2023-06-01,AT5X5K,A,AT,240.0,58,120.0,170.0
2023-06-01,ATN01K24P,A,ATN,1621.0,533,427.0,630.0
2023-06-01,ATN02K12P,A,ATN,47.0,92,507.0,450.0
2023-06-01,ATPA1K24P,A,ATPA,0.0,0,0.0,0.0
2023-06-01,ATPPCH5X5K,A,ATPPCH,0.0,0,0.0,0.0
2023-06-01,ATWWP001K24P,A,ATWWP,29.375,0,10.0,0.0
2023-06-01,ATWWP002K12P,A,ATWWP,0.0,0,0.0,0.0
2023-06-01,EEA200G24P,E,EEA,0.0,0,0.0,0.0
2023-06-01,EEA500G12P,E,EEA,0.0,0,0.0,0.0
2023-06-01,MAC1K25P,M,MAC,0.0,0,0.0,0.0
2023-06-01,MAHS025K,M,MAHS,0.0,0,0.0,0.0
2023-06-01,MAP1K25P,M,MAP,0.0,0,0.0,0.0
2023-06-01,MAPA1K24P,M,MAPA,0.0,0,0.0,0.0
2023-06-01,MAR01K24P,M,MAR,1019.0,0,144.0,90.0
2023-06-01,MAR02K12P,M,MAR,69.0,0,132.0,100.0
2023-06-01,MASR025K,M,MASR,140.0,0,90.0,0.0
2023-06-01,POP001L12P,P,POP,1588.0,612,294.0,168.0
2023-06-01,POP002L09P,P,POP,208.0000000000001,0,112.0,0.0
2023-06-01,POP005L04P,P,POP,78.0,0,66.0,0.0
2023-06-01,POP015K,P,POP,0.0,0,0.0,0.0
2023-06-01,POP500M24P,P,POP,485.0,0,302.0,190.0
2023-06-01,POPF01L12P,P,POPF,0.0,0,0.0,0.0
2023-06-01,POV001L24P,P,POV,1253.0,0,299.0,850.0
2023-06-01,POV002L09P,P,POV,695.9999999999999,0,94.0,300.0
2023-06-01,POV005L04P,P,POV,165.0,0,75.0,50.0
2023-06-01,POV500M24P,P,POV,888.9999999999999,0,374.0,250.0
2023-06-01,SE200G24P,S,SE,18.0,0,5.0,0.0
2023-06-01,SE500G24P,S,SE,403.0,5,154.0,50.0
2023-06-01,SO0001L12P,S,SO,0.0,0,0.0,0.0
2023-06-01,SO0002L09P,S,SO,0.0,0,0.0,0.0
2023-06-01,SO0005L04P,S,SO,0.0,0,0.0,0.0
2023-06-01,SO0500M24P,S,SO,0.0,0,0.0,0.0
2023-06-01,SOP001L12P,S,SOP,71.0,0,5.0,5.0
2023-06-01,SOS001L12P,S,SOS,5816.000000000002,3000,3855.0,4280.0
2023-06-01,SOS002L09P,S,SOS,4975.999999999997,0,1467.0,773.0
2023-06-01,SOS003L04P,S,SOS,573.9999999999997,0,168.0,85.0
2023-06-01,SOS005L04P,S,SOS,4591.000000000001,3005,1758.0,1115.0
2023-06-01,SOS008L02P,S,SOS,350.0,0,222.0,300.0
2023-06-01,SOS250M48P,S,SOS,134.0,0,136.0,45.0
2023-06-01,SOS500M24P,S,SOS,2405.000000000001,2000,1634.0,830.0
2023-06-02,AT5X5K,A,AT,0.0,500,180.0,0.0
2023-06-02,ATN01K24P,A,ATN,0.0,1000,579.667,0.0
2023-06-02,ATN02K12P,A,ATN,0.0,500,10.417,0.0
2023-06-02,ATPA1K24P,A,ATPA,0.0,0,0.0,0.0
2023-06-02,ATPPCH5X5K,A,ATPPCH,0.0,0,0.0,0.0
2023-06-02,ATWWP001K24P,A,ATWWP,0.0,0,3.5,0.0
2023-06-02,ATWWP002K12P,A,ATWWP,0.0,0,0.0,0.0
2023-06-02,EEA200G24P,E,EEA,0.0,0,0.0,0.0
2023-06-02,EEA500G12P,E,EEA,0.0,0,0.0,0.0
2023-06-02,MAC1K25P,M,MAC,0.0,0,0.0,0.0
2023-06-02,MAHS025K,M,MAHS,0.0,0,10.0,0.0
2023-06-02,MAP1K25P,M,MAP,0.0,0,0.0,0.0
2023-06-02,MAPA1K24P,M,MAPA,0.0,0,0.0,0.0
2023-06-02,MAR01K24P,M,MAR,0.0,300,223.833,0.0
2023-06-02,MAR02K12P,M,MAR,0.0,0,2.917,0.0
2023-06-02,MASR025K,M,MASR,0.0,100,8.0,0.0
2023-06-02,POP001L12P,P,POP,0.0,410,552.0,0.0
2023-06-02,POP002L09P,P,POP,0.0,0,75.0,0.0
2023-06-02,POP005L04P,P,POP,0.0,0,2.0,0.0
2023-06-02,POP015K,P,POP,0.0,0,0.0,0.0
2023-06-02,POP500M24P,P,POP,0.0,304,304.0,0.0
2023-06-02,POPF01L12P,P,POPF,0.0,0,0.0,0.0
2023-06-02,POV001L24P,P,POV,0.0,697,735.9999999999999,0.0
2023-06-02,POV002L09P,P,POV,0.0,0,556.0000000000001,0.0
2023-06-02,POV005L04P,P,POV,0.0,0,70.0,0.0
2023-06-02,POV500M24P,P,POV,0.0,697,494.0000000000001,0.0
2023-06-02,SE200G24P,S,SE,0.0,0,33.0,0.0
2023-06-02,SE500G24P,S,SE,0.0,500,122.667,0.0
2023-06-02,SO0001L12P,S,SO,0.0,0,0.0,0.0
2023-06-02,SO0002L09P,S,SO,0.0,0,0.0,0.0
2023-06-02,SO0005L04P,S,SO,0.0,0,0.0,0.0
2023-06-02,SO0500M24P,S,SO,0.0,0,0.0,0.0
2023-06-02,SOP001L12P,S,SOP,0.0,0,40.0,0.0
2023-06-02,SOS001L12P,S,SOS,0.0,2500,3833.25,0.0
2023-06-02,SOS002L09P,S,SOS,0.0,0,2872.110990338164,0.0
2023-06-02,SOS003L04P,S,SOS,0.0,0,281.0000000000001,0.0
2023-06-02,SOS005L04P,S,SOS,0.0,1008,1614.0,0.0
2023-06-02,SOS008L02P,S,SOS,0.0,0,134.5,0.0
2023-06-02,SOS250M48P,S,SOS,0.0,0,47.99999999999999,0.0
2023-06-02,SOS500M24P,S,SOS,0.0,1004,1800.999999999999,0.0
2023-06-03,AT5X5K,A,AT,50.0,0,16.0,0.0
2023-06-03,ATN01K24P,A,ATN,364.087,0,322.042,2000.0
2023-06-03,ATN02K12P,A,ATN,224.167,0,385.25,420.0
2023-06-03,ATPA1K24P,A,ATPA,0.0,0,0.0,0.0
2023-06-03,ATPPCH5X5K,A,ATPPCH,0.0,0,0.0,0.0
2023-06-03,ATWWP001K24P,A,ATWWP,1.0,1729,2.0,0.0
2023-06-03,ATWWP002K12P,A,ATWWP,2.0,460,0.0,0.0
2023-06-03,EEA200G24P,E,EEA,0.0,0,0.0,0.0
2023-06-03,EEA500G12P,E,EEA,0.0,0,0.0,0.0
2023-06-03,MAC1K25P,M,MAC,0.0,0,0.0,0.0
2023-06-03,MAHS025K,M,MAHS,0.0,1,0.0,2.0
2023-06-03,MAP1K25P,M,MAP,0.0,0,0.0,0.0
2023-06-03,MAPA1K24P,M,MAPA,0.0,0,0.0,0.0
2023-06-03,MAR01K24P,M,MAR,169.587,0,509.292,1140.0
2023-06-03,MAR02K12P,M,MAR,71.0,0,41.0,150.0
2023-06-03,MASR025K,M,MASR,100.0,0,20.0,150.0
2023-06-03,POP001L12P,P,POP,40.0,0,790.0,200.0
2023-06-03,POP002L09P,P,POP,0.0,0,91.0,0.0
2023-06-03,POP005L04P,P,POP,0.0,0,45.0,0.0
2023-06-03,POP015K,P,POP,0.0,0,0.0,0.0
2023-06-03,POP500M24P,P,POP,40.0,0,171.0,100.0
2023-06-03,POPF01L12P,P,POPF,120.0,0,23.0,0.0
2023-06-03,POV001L24P,P,POV,205.0,0,623.0,150.0
2023-06-03,POV002L09P,P,POV,5.000000000000001,0,199.0,0.0
2023-06-03,POV005L04P,P,POV,30.0,0,76.0,0.0
2023-06-03,POV500M24P,P,POV,38.00000000000001,0,311.0,100.0
2023-06-03,SE200G24P,S,SE,0.0,0,10.0,100.0
2023-06-03,SE500G24P,S,SE,4.08,0,85.0,0.0
2023-06-03,SO0001L12P,S,SO,0.0,0,0.0,0.0
2023-06-03,SO0002L09P,S,SO,0.0,0,0.0,0.0
2023-06-03,SO0005L04P,S,SO,0.0,0,0.0,0.0
2023-06-03,SO0500M24P,S,SO,0.0,0,0.0,0.0
2023-06-03,SOP001L12P,S,SOP,10.0,0,9.0,0.0
2023-06-03,SOS001L12P,S,SOS,568.0,0,2053.167028985506,1310.0
2023-06-03,SOS002L09P,S,SOS,429.9999999999999,0,1831.110990338164,350.0
2023-06-03,SOS003L04P,S,SOS,217.5,0,523.25,200.0
2023-06-03,SOS005L04P,S,SOS,1299.5,0,2576.0,575.0
2023-06-03,SOS008L02P,S,SOS,50.0,0,158.0,100.0
2023-06-03,SOS250M48P,S,SOS,10.0,0,25.0,10.0
2023-06-03,SOS500M24P,S,SOS,264.9999999999999,0,711.9999999999997,810.0
2023-06-04,AT5X5K,A,AT,516.0,500,180.0,103.0
2023-06-04,ATN01K24P,A,ATN,2831.0,1000,955.0,1325.0
2023-06-04,ATN02K12P,A,ATN,1163.0,500,84.0,380.0
2023-06-04,ATPA1K24P,A,ATPA,0.0,0,0.0,0.0
2023-06-04,ATPPCH5X5K,A,ATPPCH,0.0,0,0.0,0.0
2023-06-04,ATWWP001K24P,A,ATWWP,56.0,0,2.125,620.0
2023-06-04,ATWWP002K12P,A,ATWWP,162.1666666666667,0,0.0,60.0
2023-06-04,EEA200G24P,E,EEA,0.0,0,0.0,0.0
2023-06-04,EEA500G12P,E,EEA,0.0,0,0.0,0.0
2023-06-04,MAC1K25P,M,MAC,0.0,0,0.0,0.0
2023-06-04,MAHS025K,M,MAHS,25.0,0,0.0,0.0
2023-06-04,MAP1K25P,M,MAP,0.0,0,0.0,0.0
2023-06-04,MAPA1K24P,M,MAPA,0.0,0,0.0,0.0
2023-06-04,MAR01K24P,M,MAR,989.0,505,547.0,575.0
2023-06-04,MAR02K12P,M,MAR,130.0,200,76.0,0.0
2023-06-04,MASR025K,M,MASR,180.0,100,120.0,270.0
2023-06-04,POP001L12P,P,POP,2372.0,606,370.0,1560.0
2023-06-04,POP002L09P,P,POP,335.0000000000001,4,19.0,4.0
2023-06-04,POP005L04P,P,POP,88.0,200,3.0,0.0
2023-06-04,POP015K,P,POP,0.0,0,0.0,0.0
2023-06-04,POP500M24P,P,POP,645.0,700,155.0,311.0
2023-06-04,POPF01L12P,P,POPF,135.0,0,120.0,0.0
2023-06-04,POV001L24P,P,POV,2163.0,701,312.0,890.0
2023-06-04,POV002L09P,P,POV,757.0,0,120.0,300.0
2023-06-04,POV005L04P,P,POV,443.0000000000001,306,40.0,100.0
2023-06-04,POV500M24P,P,POV,1392.0,506,195.0,820.0
2023-06-04,SE200G24P,S,SE,45.0,0,10.0,30.0
2023-06-04,SE500G24P,S,SE,1395.0,305,174.0,340.0
2023-06-04,SO0001L12P,S,SO,0.0,0,0.0,0.0
2023-06-04,SO0002L09P,S,SO,0.0,0,0.0,0.0
2023-06-04,SO0005L04P,S,SO,0.0,0,0.0,0.0
2023-06-04,SO0500M24P,S,SO,0.0,0,0.0,0.0
2023-06-04,SOP001L12P,S,SOP,379.9999999999999,200,75.0,70.0
2023-06-04,SOS001L12P,S,SOS,12411.0,3007,1451.0,2557.0
2023-06-04,SOS002L09P,S,SOS,9893.999999999998,0,1304.769987922705,258.0
2023-06-04,SOS003L04P,S,SOS,1399.0,0,375.0000000000001,187.0
2023-06-04,SOS005L04P,S,SOS,11321.0,1509,2435.0,2624.0
2023-06-04,SOS008L02P,S,SOS,1038.0,0,442.9999999999999,170.0
2023-06-04,SOS250M48P,S,SOS,309.9999999999999,0,38.99999999999999,100.0
2023-06-04,SOS500M24P,S,SOS,4843.0,1500,801.9999999999998,505.0
2023-06-05,AT5X5K,A,AT,231.0,700,305.0,370.0
2023-06-05,ATN01K24P,A,ATN,2343.333,1500,1914.333,1045.0
2023-06-05,ATN02K12P,A,ATN,941.0,500,233.0,340.0
2023-06-05,ATPA1K24P,A,ATPA,0.0,0,0.0,0.0
2023-06-05,ATPPCH5X5K,A,ATPPCH,0.0,0,0.0,0.0
2023-06-05,ATWWP001K24P,A,ATWWP,64.625,0,20.91666666666667,840.0
2023-06-05,ATWWP002K12P,A,ATWWP,22.75,0,34.33333333333334,60.0
2023-06-05,EEA200G24P,E,EEA,0.0,0,0.0,0.0
2023-06-05,EEA500G12P,E,EEA,0.0,0,0.0,0.0
2023-06-05,MAC1K25P,M,MAC,0.0,0,0.0,0.0
2023-06-05,MAHS025K,M,MAHS,12.0,0,0.0,0.0
2023-06-05,MAP1K25P,M,MAP,0.0,0,0.0,0.0
2023-06-05,MAPA1K24P,M,MAPA,0.0,0,0.0,0.0
2023-06-05,MAR01K24P,M,MAR,708.0,505,623.0,373.0
2023-06-05,MAR02K12P,M,MAR,157.0,100,113.0,250.0
2023-06-05,MASR025K,M,MASR,20.0,200,220.0,10.0
2023-06-05,POP001L12P,P,POP,2028.0,0,1380.0,380.0
2023-06-05,POP002L09P,P,POP,420.0000000000001,0,164.0,0.0
2023-06-05,POP005L04P,P,POP,65.0,0,67.00000000000001,48.0
2023-06-05,POP015K,P,POP,0.0,0,0.0,0.0
2023-06-05,POP500M24P,P,POP,505.0000000000001,0,549.9999999999999,240.0
2023-06-05,POPF01L12P,P,POPF,40.0,0,124.0,0.0
2023-06-05,POV001L24P,P,POV,1779.0,300,1446.0,765.0
2023-06-05,POV002L09P,P,POV,623.0,4,268.0000000000001,28.0
2023-06-05,POV005L04P,P,POV,192.0,103,367.0000000000001,200.0
2023-06-05,POV500M24P,P,POV,1388.0,0,913.0,420.0
2023-06-05,SE200G24P,S,SE,45.0,0,27.0,0.0
2023-06-05,SE500G24P,S,SE,1031.0,400,445.833,340.0
2023-06-05,SO0001L12P,S,SO,0.0,0,0.0,0.0
2023-06-05,SO0002L09P,S,SO,0.0,0,0.0,0.0
2023-06-05,SO0005L04P,S,SO,0.0,0,0.0,0.0
2023-06-05,SO0500M24P,S,SO,0.0,0,0.0,0.0
2023-06-05,SOP001L12P,S,SOP,14.0,0,22.0,0.0
2023-06-05,SOS001L12P,S,SOS,9837.0,3000,8744.000000000002,3657.0
2023-06-05,SOS002L09P,S,SOS,6387.88798309179,0,6781.887983091789,3231.0
2023-06-05,SOS003L04P,S,SOS,1055.999999999999,0,983.9999999999995,439.0
2023-06-05,SOS005L04P,S,SOS,10028.0,2001,7498.999999999999,4895.0
2023-06-05,SOS008L02P,S,SOS,923.0,0,160.0,905.0
2023-06-05,SOS250M48P,S,SOS,120.0,0,285.0,205.0
2023-06-05,SOS500M24P,S,SOS,4236.000000000001,1898,3044.0,1170.0
2023-06-06,AT5X5K,A,AT,565.0,0,248.0,260.0
2023-06-06,ATN01K24P,A,ATN,2041.0,1000,1793.0,1505.0
2023-06-06,ATN02K12P,A,ATN,1088.0,1000,748.0,88.0
2023-06-06,ATPA1K24P,A,ATPA,0.0,0,0.0,0.0
2023-06-06,ATPPCH5X5K,A,ATPPCH,0.0,0,0.0,0.0
2023-06-06,ATWWP001K24P,A,ATWWP,74.16666666666667,0,59.758,0.0
2023-06-06,ATWWP002K12P,A,ATWWP,66.0,0,46.0,60.0
2023-06-06,EEA200G24P,E,EEA,0.0,0,0.0,0.0
2023-06-06,EEA500G12P,E,EEA,0.0,0,0.0,0.0
2023-06-06,MAC1K25P,M,MAC,0.0,0,0.0,0.0
2023-06-06,MAHS025K,M,MAHS,0.0,25,2.0,25.0
2023-06-06,MAP1K25P,M,MAP,0.0,0,0.0,0.0
2023-06-06,MAPA1K24P,M,MAPA,0.0,0,0.0,0.0
2023-06-06,MAR01K24P,M,MAR,208.0,200,464.0,720.0
2023-06-06,MAR02K12P,M,MAR,138.0,0,148.0,30.0
2023-06-06,MASR025K,M,MASR,445.0,135,10.0,155.0
2023-06-06,POP001L12P,P,POP,929.9999999999998,602,1388.0,1158.0
2023-06-06,POP002L09P,P,POP,98.0,0,45.00000000000001,0.0
2023-06-06,POP005L04P,P,POP,20.0,0,30.0,41.0
2023-06-06,POP015K,P,POP,0.0,0,0.0,0.0
2023-06-06,POP500M24P,P,POP,322.0000000000001,200,172.0,460.0
2023-06-06,POPF01L12P,P,POPF,25.0,0,39.0,50.0
2023-06-06,POV001L24P,P,POV,911.0,702,1634.0,974.0
2023-06-06,POV002L09P,P,POV,265.0000000000001,0,244.0,0.0
2023-06-06,POV005L04P,P,POV,85.0,0,181.0,85.0
2023-06-06,POV500M24P,P,POV,1026.0,700,986.9999999999998,689.0
2023-06-06,SE200G24P,S,SE,42.0,0,41.0,7.0
2023-06-06,SE500G24P,S,SE,395.0,1100,558.0,1123.0
2023-06-06,SO0001L12P,S,SO,0.0,0,0.0,0.0
2023-06-06,SO0002L09P,S,SO,0.0,0,0.0,0.0
2023-06-06,SO0005L04P,S,SO,0.0,0,0.0,0.0
2023-06-06,SO0500M24P,S,SO,0.0,0,0.0,0.0
2023-06-06,SOP001L12P,S,SOP,50.99999999999999,206,24.0,0.0
2023-06-06,SOS001L12P,S,SOS,6312.999999999998,5504,7736.000000000002,3919.0
2023-06-06,SOS002L09P,S,SOS,4531.000000000001,0,5354.999999999999,1624.0
2023-06-06,SOS003L04P,S,SOS,1196.0,0,806.9999999999997,200.0
2023-06-06,SOS005L04P,S,SOS,8442.0,5000,6876.000000000001,3844.0
2023-06-06,SOS008L02P,S,SOS,497.0000000000001,0,15.0,37.0
2023-06-06,SOS250M48P,S,SOS,385.9999999999998,0,158.0,70.0
2023-06-06,SOS500M24P,S,SOS,2895.000000000001,1500,1727.0,2282.0
2023-06-07,AT5X5K,A,AT,1217.0,0,544.0,0.0
2023-06-07,ATN01K24P,A,ATN,2211.0,1000,2331.087,0.0
2023-06-07,ATN02K12P,A,ATN,753.0,500,980.0,0.0
2023-06-07,ATPA1K24P,A,ATPA,0.0,0,0.0,0.0
2023-06-07,ATPPCH5X5K,A,ATPPCH,0.0,0,0.0,0.0
2023-06-07,ATWWP001K24P,A,ATWWP,70.875,0,34.0,0.0
2023-06-07,ATWWP002K12P,A,ATWWP,21.66666666666667,0,104.0,0.0
2023-06-07,EEA200G24P,E,EEA,0.0,0,0.0,0.0
2023-06-07,EEA500G12P,E,EEA,0.0,0,0.0,0.0
2023-06-07,MAC1K25P,M,MAC,0.0,0,0.0,0.0
2023-06-07,MAHS025K,M,MAHS,70.0,0,0.0,0.0
2023-06-07,MAP1K25P,M,MAP,0.0,0,0.0,0.0
2023-06-07,MAPA1K24P,M,MAPA,0.0,0,0.0,0.0
2023-06-07,MAR01K24P,M,MAR,992.0,1000,446.587,0.0
2023-06-07,MAR02K12P,M,MAR,169.0,200,97.0,0.0
2023-06-07,MASR025K,M,MASR,0.0,0,50.0,0.0
2023-06-07,POP001L12P,P,POP,1545.9999999999998,1004,988.0000000000002,0.0
2023-06-07,POP002L09P,P,POP,199.0000000000001,502,11.0,0.0
2023-06-07,POP005L04P,P,POP,72.00000000000001,0,31.0,0.0
2023-06-07,POP015K,P,POP,0.0,0,0.0,0.0
2023-06-07,POP500M24P,P,POP,295.9999999999999,502,143.0,0.0
2023-06-07,POPF01L12P,P,POPF,0.0,0,10.0,0.0
2023-06-07,POV001L24P,P,POV,776.9999999999999,451,1130.0,0.0
2023-06-07,POV002L09P,P,POV,322.0,703,268.0,0.0
2023-06-07,POV005L04P,P,POV,140.0,0,90.0,0.0
2023-06-07,POV500M24P,P,POV,758.9999999999999,401,720.0000000000001,0.0
2023-06-07,SE200G24P,S,SE,105.0,0,41.00000000000001,0.0
2023-06-07,SE500G24P,S,SE,562.0,500,581.08,0.0
2023-06-07,SO0001L12P,S,SO,0.0,0,0.0,0.0
2023-06-07,SO0002L09P,S,SO,0.0,0,0.0,0.0
2023-06-07,SO0005L04P,S,SO,0.0,0,0.0,0.0
2023-06-07,SO0500M24P,S,SO,0.0,0,0.0,0.0
2023-06-07,SOP001L12P,S,SOP,30.0,0,11.0,0.0
2023-06-07,SOS001L12P,S,SOS,4477.000000000003,5004,5699.000000000002,0.0
2023-06-07,SOS002L09P,S,SOS,3430.999999999998,0,5288.000000000001,0.0
2023-06-07,SOS003L04P,S,SOS,338.0000000000001,0,987.4999999999995,0.0
2023-06-07,SOS005L04P,S,SOS,5302.999999999999,3006,6627.499999999998,0.0
2023-06-07,SOS008L02P,S,SOS,174.0,0,746.0000000000001,0.0
2023-06-07,SOS250M48P,S,SOS,161.0,0,322.0,0.0
2023-06-07,SOS500M24P,S,SOS,2077.0,1201,2767.0,0.0
2023-06-08,AT5X5K,A,AT,1105.0,0,1151.0,0.0
2023-06-08,ATN01K24P,A,ATN,3127.5,1000,2446.0,0.0
2023-06-08,ATN02K12P,A,ATN,618.4166666666666,800,1000.0,0.0
2023-06-08,ATPA1K24P,A,ATPA,0.0,0,0.0,0.0
2023-06-08,ATPPCH5X5K,A,ATPPCH,0.0,0,0.0,0.0
2023-06-08,ATWWP001K24P,A,ATWWP,109.0,0,92.0,0.0
2023-06-08,ATWWP002K12P,A,ATWWP,8.0,0,6.0,0.0
2023-06-08,EEA200G24P,E,EEA,0.0,0,0.0,0.0
2023-06-08,EEA500G12P,E,EEA,0.0,0,0.0,0.0
2023-06-08,MAC1K25P,M,MAC,0.0,0,0.0,0.0
2023-06-08,MAHS025K,M,MAHS,15.0,85,70.0,0.0
2023-06-08,MAP1K25P,M,MAP,0.0,0,0.0,0.0
2023-06-08,MAPA1K24P,M,MAPA,0.0,0,0.0,0.0
2023-06-08,MAR01K24P,M,MAR,768.0,1000,772.0,0.0
2023-06-08,MAR02K12P,M,MAR,113.0,200,194.0,0.0
2023-06-08,MASR025K,M,MASR,15.0,100,24.0,0.0
2023-06-08,POP001L12P,P,POP,2928.0,1604,932.0,0.0
2023-06-08,POP002L09P,P,POP,160.0,403,18.0,0.0
2023-06-08,POP005L04P,P,POP,100.0,0,47.0,0.0
2023-06-08,POP015K,P,POP,0.0,0,0.0,0.0
2023-06-08,POP500M24P,P,POP,280.0000000000001,301,252.0,0.0
2023-06-08,POPF01L12P,P,POPF,144.0,0,20.0,0.0
2023-06-08,POV001L24P,P,POV,1186.0,1101,597.0,0.0
2023-06-08,POV002L09P,P,POV,500.0000000000001,502,275.0,0.0
2023-06-08,POV005L04P,P,POV,278.0000000000001,0,166.0,0.0
2023-06-08,POV500M24P,P,POV,824.9999999999999,1802,638.0,0.0
2023-06-08,SE200G24P,S,SE,50.0,0,15.0,0.0
2023-06-08,SE500G24P,S,SE,749.0,700,774.0,0.0
2023-06-08,SO0001L12P,S,SO,0.0,0,0.0,0.0
2023-06-08,SO0002L09P,S,SO,0.0,0,0.0,0.0
2023-06-08,SO0005L04P,S,SO,0.0,0,0.0,0.0
2023-06-08,SO0500M24P,S,SO,0.0,0,0.0,0.0
2023-06-08,SOP001L12P,S,SOP,119.0,0,0.0,0.0
2023-06-08,SOS001L12P,S,SOS,6702.832971014497,7004,4568.999999999999,0.0
2023-06-08,SOS002L09P,S,SOS,4417.000000000003,0,3333.999999999999,0.0
2023-06-08,SOS003L04P,S,SOS,895.9999999999999,0,320.0000000000001,0.0
2023-06-08,SOS005L04P,S,SOS,8159.999999999999,10500,4574.999999999999,0.0
2023-06-08,SOS008L02P,S,SOS,243.0,0,384.9999999999999,0.0
2023-06-08,SOS250M48P,S,SOS,165.0,0,171.0,0.0
2023-06-08,SOS500M24P,S,SOS,2397.000000000003,2001,2246.0,0.0
2023-06-09,AT5X5K,A,AT,0.0,500,770.0,0.0
2023-06-09,ATN01K24P,A,ATN,0.0,3000,1883.0,0.0
2023-06-09,ATN02K12P,A,ATN,0.0,1000,114.0,0.0
2023-06-09,ATPA1K24P,A,ATPA,0.0,0,0.0,0.0
2023-06-09,ATPPCH5X5K,A,ATPPCH,0.0,0,0.0,0.0
2023-06-09,ATWWP001K24P,A,ATWWP,0.0,0,62.0,0.0
2023-06-09,ATWWP002K12P,A,ATWWP,0.0,0,0.0,0.0
2023-06-09,EEA200G24P,E,EEA,0.0,0,0.0,0.0
2023-06-09,EEA500G12P,E,EEA,0.0,0,0.0,0.0
2023-06-09,MAC1K25P,M,MAC,0.0,0,0.0,0.0
2023-06-09,MAHS025K,M,MAHS,0.0,0,0.0,0.0
2023-06-09,MAP1K25P,M,MAP,0.0,0,0.0,0.0
2023-06-09,MAPA1K24P,M,MAPA,0.0,0,0.0,0.0
2023-06-09,MAR01K24P,M,MAR,0.0,1000,427.0,0.0
2023-06-09,MAR02K12P,M,MAR,0.0,205,10.0,0.0
2023-06-09,MASR025K,M,MASR,0.0,0,10.0,0.0
2023-06-09,POP001L12P,P,POP,0.0,0,400.0000000000002,0.0
2023-06-09,POP002L09P,P,POP,0.0,0,63.00000000000001,0.0
2023-06-09,POP005L04P,P,POP,0.0,0,17.0,0.0
2023-06-09,POP015K,P,POP,0.0,0,0.0,0.0
2023-06-09,POP500M24P,P,POP,0.0,501,193.0,0.0
2023-06-09,POPF01L12P,P,POPF,0.0,0,0.0,0.0
2023-06-09,POV001L24P,P,POV,0.0,0,342.0000000000001,0.0
2023-06-09,POV002L09P,P,POV,0.0,0,115.0,0.0
2023-06-09,POV005L04P,P,POV,0.0,0,60.0,0.0
2023-06-09,POV500M24P,P,POV,0.0,0,185.0,0.0
2023-06-09,SE200G24P,S,SE,0.0,215,0.0,0.0
2023-06-09,SE500G24P,S,SE,0.0,700,473.0,0.0
2023-06-09,SO0001L12P,S,SO,0.0,0,0.0,0.0
2023-06-09,SO0002L09P,S,SO,0.0,0,0.0,0.0
2023-06-09,SO0005L04P,S,SO,0.0,0,0.0,0.0
2023-06-09,SO0500M24P,S,SO,0.0,0,0.0,0.0
2023-06-09,SOP001L12P,S,SOP,0.0,0,0.0,0.0
2023-06-09,SOS001L12P,S,SOS,0.0,3006,1391.999999999999,0.0
2023-06-09,SOS002L09P,S,SOS,0.0,0,1863.999999999999,0.0
2023-06-09,SOS003L04P,S,SOS,0.0,0,223.0,0.0
2023-06-09,SOS005L04P,S,SOS,0.0,3508,2654.0,0.0
2023-06-09,SOS008L02P,S,SOS,0.0,0,155.0,0.0
2023-06-09,SOS250M48P,S,SOS,0.0,0,20.0,0.0
2023-06-09,SOS500M24P,S,SOS,0.0,1302,809.9999999999998,0.0
2023-06-10,AT5X5K,A,AT,0.0,1000,383.0,464.0
2023-06-10,ATN01K24P,A,ATN,694.125,2500,2540.875,2392.0
2023-06-10,ATN02K12P,A,ATN,136.0,500,859.5836666666668,583.0
2023-06-10,ATPA1K24P,A,ATPA,0.0,0,0.0,0.0
2023-06-10,ATPPCH5X5K,A,ATPPCH,0.0,0,0.0,0.0
2023-06-10,ATWWP001K24P,A,ATWWP,4.0,0,90.125,12.0
2023-06-10,ATWWP002K12P,A,ATWWP,0.0,0,76.33333333333333,0.0
2023-06-10,EEA200G24P,E,EEA,0.0,0,0.0,0.0
2023-06-10,EEA500G12P,E,EEA,0.0,0,0.0,0.0
2023-06-10,MAC1K25P,M,MAC,0.0,0,0.0,0.0
2023-06-10,MAHS025K,M,MAHS,0.0,0,5.0,6.0
2023-06-10,MAP1K25P,M,MAP,0.0,0,0.0,0.0
2023-06-10,MAPA1K24P,M,MAPA,0.0,0,0.0,0.0
2023-06-10,MAR01K24P,M,MAR,65.0,500,847.0,385.0
2023-06-10,MAR02K12P,M,MAR,454.0,0,203.0,300.0
2023-06-10,MASR025K,M,MASR,220.0,108,64.0,0.0
2023-06-10,POP001L12P,P,POP,1410.0,804,2426.0,1606.0
2023-06-10,POP002L09P,P,POP,0.0,50,380.0000000000001,235.0
2023-06-10,POP005L04P,P,POP,0.0,50,63.0,9.0
2023-06-10,POP015K,P,POP,0.0,0,0.0,0.0
2023-06-10,POP500M24P,P,POP,0.0,0,426.0,147.0
2023-06-10,POPF01L12P,P,POPF,0.0,0,46.91602564102564,84.0
2023-06-10,POV001L24P,P,POV,605.0,712,608.0000000000001,347.0
2023-06-10,POV002L09P,P,POV,24.0,502,374.9999999999999,255.0
2023-06-10,POV005L04P,P,POV,5.0,201,184.0,125.0
2023-06-10,POV500M24P,P,POV,325.0,0,711.9999999999999,419.0
2023-06-10,SE200G24P,S,SE,20.0,0,77.00000000000001,172.0
2023-06-10,SE500G24P,S,SE,79.0,500,448.0,465.0
2023-06-10,SO0001L12P,S,SO,0.0,0,0.0,0.0
2023-06-10,SO0002L09P,S,SO,0.0,0,0.0,0.0
2023-06-10,SO0005L04P,S,SO,0.0,0,0.0,0.0
2023-06-10,SO0500M24P,S,SO,0.0,0,0.0,0.0
2023-06-10,SOP001L12P,S,SOP,178.0,0,86.0,20.0
2023-06-10,SOS001L12P,S,SOS,1220.666032608695,4006,5011.999003623189,2029.0
2023-06-10,SOS002L09P,S,SOS,1056.666002415459,0,2802.0,762.0
2023-06-10,SOS003L04P,S,SOS,414.0,0,397.0000000000001,105.0
2023-06-10,SOS005L04P,S,SOS,3654.0,3056,4802.999999999998,1898.0
2023-06-10,SOS008L02P,S,SOS,102.0,508,150.0,0.0
2023-06-10,SOS250M48P,S,SOS,45.0,0,47.99999999999999,55.0
2023-06-10,SOS500M24P,S,SOS,702.9999999999999,2505,1983.0,1079.0
2023-06-11,AT5X5K,A,AT,296.0,700,70.0,10.0
2023-06-11,ATN01K24P,A,ATN,3391.625,2000,1584.295,1900.0
2023-06-11,ATN02K12P,A,ATN,531.0,300,464.7,780.0
2023-06-11,ATPA1K24P,A,ATPA,0.0,0,0.0,0.0
2023-06-11,ATPPCH5X5K,A,ATPPCH,0.0,0,0.0,0.0
2023-06-11,ATWWP001K24P,A,ATWWP,129.0,0,74.125,0.0
2023-06-11,ATWWP002K12P,A,ATWWP,30.0,0,21.0,3.0
2023-06-11,EEA200G24P,E,EEA,0.0,0,0.0,0.0
2023-06-11,EEA500G12P,E,EEA,0.0,0,0.0,0.0
2023-06-11,MAC1K25P,M,MAC,20.0,0,0.0,0.0
2023-06-11,MAHS025K,M,MAHS,2.0,0,0.0,10.0
2023-06-11,MAP1K25P,M,MAP,0.0,0,0.0,0.0
2023-06-11,MAPA1K24P,M,MAPA,0.0,0,0.0,0.0
2023-06-11,MAR01K24P,M,MAR,1093.0,300,572.42,640.0
2023-06-11,MAR02K12P,M,MAR,103.0,0,303.7,100.0
2023-06-11,MASR025K,M,MASR,100.0,100,180.0,0.0
2023-06-11,POP001L12P,P,POP,2132.0,0,1014.0000000000002,342.0
2023-06-11,POP002L09P,P,POP,267.0000000000001,0,216.0,15.0
2023-06-11,POP005L04P,P,POP,170.0,0,16.0,33.0
2023-06-11,POP015K,P,POP,0.0,0,0.0,0.0
2023-06-11,POP500M24P,P,POP,526.0,103,339.9999999999999,223.0
2023-06-11,POPF01L12P,P,POPF,245.0,0,160.0839743589743,0.0
2023-06-11,POV001L24P,P,POV,2090.0,504,896.0,799.0
2023-06-11,POV002L09P,P,POV,744.9999999999998,0,620.0,508.0
2023-06-11,POV005L04P,P,POV,345.0,0,140.0,119.0
2023-06-11,POV500M24P,P,POV,1538.0,1450,843.0,424.0
2023-06-11,SE200G24P,S,SE,71.0,0,0.0,0.0
2023-06-11,SE500G24P,S,SE,728.0,500,387.0,570.0
2023-06-11,SO0001L12P,S,SO,0.0,0,0.0,0.0
2023-06-11,SO0002L09P,S,SO,0.0,0,0.0,0.0
2023-06-11,SO0005L04P,S,SO,0.0,0,0.0,0.0
2023-06-11,SO0500M24P,S,SO,0.0,0,0.0,0.0
2023-06-11,SOP001L12P,S,SOP,130.0,0,28.0,1.0
2023-06-11,SOS001L12P,S,SOS,10104.0,0,3832.166032608696,3781.0
2023-06-11,SOS002L09P,S,SOS,7423.999999999998,0,2458.666002415459,1205.0
2023-06-11,SOS003L04P,S,SOS,1585.000000000001,0,599.0,581.0
2023-06-11,SOS005L04P,S,SOS,9631.999999999996,0,5422.499999999998,5139.0
2023-06-11,SOS008L02P,S,SOS,132.0,568,597.0,541.0
2023-06-11,SOS250M48P,S,SOS,308.0,799,227.0,441.0
2023-06-11,SOS500M24P,S,SOS,4365.000000000001,0,1863.0,1608.0
2023-06-12,AT5X5K,A,AT,405.0,500,426.0,80.0
2023-06-12,ATN01K24P,A,ATN,2758.75,3000,1907.875,1505.0
2023-06-12,ATN02K12P,A,ATN,979.0,500,785.0,490.0
2023-06-12,ATPA1K24P,A,ATPA,0.0,0,0.0,0.0
2023-06-12,ATPPCH5X5K,A,ATPPCH,0.0,0,0.0,0.0
2023-06-12,ATWWP001K24P,A,ATWWP,112.0,0,94.625,10.0
2023-06-12,ATWWP002K12P,A,ATWWP,20.0,0,7.0,40.0
2023-06-12,EEA200G24P,E,EEA,0.0,0,0.0,0.0
2023-06-12,EEA500G12P,E,EEA,0.0,0,0.0,0.0
2023-06-12,MAC1K25P,M,MAC,0.0,0,0.0,20.0
2023-06-12,MAHS025K,M,MAHS,0.0,500,0.0,9.0
2023-06-12,MAP1K25P,M,MAP,0.0,0,0.0,0.0
2023-06-12,MAPA1K24P,M,MAPA,0.0,0,0.0,0.0
2023-06-12,MAR01K24P,M,MAR,781.0,700,811.0,600.0
2023-06-12,MAR02K12P,M,MAR,85.0,400,113.0,64.0
2023-06-12,MASR025K,M,MASR,51.0,0,20.0,65.0
2023-06-12,POP001L12P,P,POP,2740.0000000000005,3004,2410.0,1878.0
2023-06-12,POP002L09P,P,POP,272.0,504,95.0,11.0
2023-06-12,POP005L04P,P,POP,130.0,525,15.0,2.0
2023-06-12,POP015K,P,POP,0.0,0,0.0,0.0
2023-06-12,POP500M24P,P,POP,461.0,0,272.0,0.0
2023-06-12,POPF01L12P,P,POPF,55.0,600,23.91602564102564,66.0
2023-06-12,POV001L24P,P,POV,2521.0,1502,1276.0,857.0
2023-06-12,POV002L09P,P,POV,898.0,2503,422.0000000000001,330.0
2023-06-12,POV005L04P,P,POV,540.0,1004,202.0,110.0
2023-06-12,POV500M24P,P,POV,1781.000000000001,0,638.0000000000001,480.0
2023-06-12,SE200G24P,S,SE,15.0,1,70.0,45.0
2023-06-12,SE500G24P,S,SE,434.0,500,732.833,380.0
2023-06-12,SO0001L12P,S,SO,0.0,0,0.0,0.0
2023-06-12,SO0002L09P,S,SO,0.0,0,0.0,0.0
2023-06-12,SO0005L04P,S,SO,0.0,0,0.0,0.0
2023-06-12,SO0500M24P,S,SO,0.0,0,0.0,0.0
2023-06-12,SOP001L12P,S,SOP,5.0,403,257.0,296.0
2023-06-12,SOS001L12P,S,SOS,11134.0,15000,4972.0,5253.0
2023-06-12,SOS002L09P,S,SOS,7744.999999999998,2007,5184.0,2434.0
2023-06-12,SOS003L04P,S,SOS,1637.0,0,825.9999999999997,336.0
2023-06-12,SOS005L04P,S,SOS,9286.999999999998,12018,6276.999999999999,8947.0
2023-06-12,SOS008L02P,S,SOS,461.0000000000001,1500,267.9999999999999,416.0
2023-06-12,SOS250M48P,S,SOS,462.9999999999998,3504,111.9579710144928,686.0
2023-06-12,SOS500M24P,S,SOS,5576.000000000004,200,1386.539945652174,796.0
2023-06-13,AT5X5K,A,AT,35.0,0,226.0,95.0
2023-06-13,ATN01K24P,A,ATN,1570.125,1500,2972.75,2368.0
2023-06-13,ATN02K12P,A,ATN,534.0833333333334,300,288.0,580.0
2023-06-13,ATPA1K24P,A,ATPA,0.0,0,0.0,0.0
2023-06-13,ATPPCH5X5K,A,ATPPCH,0.0,0,0.0,0.0
2023-06-13,ATWWP001K24P,A,ATWWP,73.0,0,115.0,0.0
2023-06-13,ATWWP002K12P,A,ATWWP,8.0,0,15.5,0.0
2023-06-13,EEA200G24P,E,EEA,0.0,0,0.0,0.0
2023-06-13,EEA500G12P,E,EEA,0.0,0,0.0,0.0
2023-06-13,MAC1K25P,M,MAC,0.0,0,0.0,0.0
2023-06-13,MAHS025K,M,MAHS,20.0,10,0.0,10.0
2023-06-13,MAP1K25P,M,MAP,0.0,0,0.0,0.0
2023-06-13,MAPA1K24P,M,MAPA,0.0,0,0.0,0.0
2023-06-13,MAR01K24P,M,MAR,584.0,500,850.0,930.0
2023-06-13,MAR02K12P,M,MAR,73.0,300,21.0,500.0
2023-06-13,MASR025K,M,MASR,360.0,305,51.0,300.0
2023-06-13,POP001L12P,P,POP,2628.000000000001,4002,2126.0,1700.0
2023-06-13,POP002L09P,P,POP,357.0000000000001,502,293.0,290.0
2023-06-13,POP005L04P,P,POP,159.0,0,218.0,206.0
2023-06-13,POP015K,P,POP,0.0,0,0.0,0.0
2023-06-13,POP500M24P,P,POP,366.0,1002,339.0000000000001,209.0
2023-06-13,POPF01L12P,P,POPF,219.0,100,80.0,0.0
2023-06-13,POV001L24P,P,POV,1743.0,1512,1708.0,1830.0
2023-06-13,POV002L09P,P,POV,410.0000000000001,0,591.0000000000001,805.0
2023-06-13,POV005L04P,P,POV,186.0,0,371.0,280.0
2023-06-13,POV500M24P,P,POV,935.0,2013,1245.0,1249.0
2023-06-13,SE200G24P,S,SE,30.0,201,37.0,20.0
2023-06-13,SE500G24P,S,SE,618.0,500,320.167,910.0
2023-06-13,SO0001L12P,S,SO,0.0,0,0.0,0.0
2023-06-13,SO0002L09P,S,SO,0.0,0,0.0,0.0
2023-06-13,SO0005L04P,S,SO,0.0,0,0.0,0.0
2023-06-13,SO0500M24P,S,SO,0.0,0,0.0,0.0
2023-06-13,SOP001L12P,S,SOP,25.0,400,10.0,0.0
2023-06-13,SOS001L12P,S,SOS,7508.000000000006,15002,8548.333967391305,12453.0
2023-06-13,SOS002L09P,S,SOS,6025.000000000002,3501,5716.000000000001,3056.0
2023-06-13,SOS003L04P,S,SOS,1307.0,0,792.9999999999999,369.0
2023-06-13,SOS005L04P,S,SOS,8228.499999999998,11524,8059.5,9589.0
2023-06-13,SOS008L02P,S,SOS,77.0,4054,554.0,1025.0
2023-06-13,SOS250M48P,S,SOS,227.0,0,375.9999999999999,548.0
2023-06-13,SOS500M24P,S,SOS,2927.000000000001,6805,2692.0,3322.0
2023-06-14,AT5X5K,A,AT,1005.0,0,245.0,20.0
2023-06-14,ATN01K24P,A,ATN,1281.667,1500,1631.0,850.0
2023-06-14,ATN02K12P,A,ATN,471.083,1000,961.0,400.0
2023-06-14,ATPA1K24P,A,ATPA,0.0,0,0.0,0.0
2023-06-14,ATPPCH5X5K,A,ATPPCH,0.0,0,0.0,0.0
2023-06-14,ATWWP001K24P,A,ATWWP,15.672,0,62.25,0.0
2023-06-14,ATWWP002K12P,A,ATWWP,16.667,0,7.0,0.0
2023-06-14,EEA200G24P,E,EEA,0.0,0,0.0,0.0
2023-06-14,EEA500G12P,E,EEA,0.0,0,0.0,0.0
2023-06-14,MAC1K25P,M,MAC,0.0,0,0.0,0.0
2023-06-14,MAHS025K,M,MAHS,45.0,0,10.0,500.0
2023-06-14,MAP1K25P,M,MAP,0.0,0,0.0,0.0
2023-06-14,MAPA1K24P,M,MAPA,0.0,0,0.0,0.0
2023-06-14,MAR01K24P,M,MAR,398.047,570,448.0,480.0
2023-06-14,MAR02K12P,M,MAR,182.917,208,400.0,200.0
2023-06-14,MASR025K,M,MASR,75.0,6,115.0,0.0
2023-06-14,POP001L12P,P,POP,2782.0,3402,1124.0,2180.0
2023-06-14,POP002L09P,P,POP,165.0,0,328.0,515.0
2023-06-14,POP005L04P,P,POP,122.0,0,58.00000000000001,200.0
2023-06-14,POP015K,P,POP,0.0,0,0.0,0.0
2023-06-14,POP500M24P,P,POP,221.0,1000,156.0,523.0
2023-06-14,POPF01L12P,P,POPF,190.0,0,106.0,100.0
2023-06-14,POV001L24P,P,POV,1306.0,1506,1407.0,1903.0
2023-06-14,POV002L09P,P,POV,378.0,0,565.0,895.0
2023-06-14,POV005L04P,P,POV,217.0,0,212.0,427.0
2023-06-14,POV500M24P,P,POV,1263.0,2003,664.0,1080.0
2023-06-14,SE200G24P,S,SE,55.45791666666666,0,13.0,50.0
2023-06-14,SE500G24P,S,SE,526.503,700,726.0,230.0
2023-06-14,SO0001L12P,S,SO,0.0,0,0.0,0.0
2023-06-14,SO0002L09P,S,SO,0.0,0,0.0,0.0
2023-06-14,SO0005L04P,S,SO,0.0,0,0.0,0.0
2023-06-14,SO0500M24P,S,SO,0.0,0,0.0,0.0
2023-06-14,SOP001L12P,S,SOP,22.25,0,1.0,116.0
2023-06-14,SOS001L12P,S,SOS,6137.667028985506,9111,9624.41603260869,11284.0
2023-06-14,SOS002L09P,S,SOS,4165.33297101449,4099,3613.776992753622,2196.0
2023-06-14,SOS003L04P,S,SOS,1008.0,1014,595.9999999999998,470.0
2023-06-14,SOS005L04P,S,SOS,6094.0,13004,10017.5,12253.0
2023-06-14,SOS008L02P,S,SOS,100.0,0,198.0,468.0
2023-06-14,SOS250M48P,S,SOS,145.0,0,222.0,580.0
2023-06-14,SOS500M24P,S,SOS,3124.000000000001,7006,2185.0,3456.0
2023-06-15,AT5X5K,A,AT,1189.0,0,547.0,630.0
2023-06-15,ATN01K24P,A,ATN,6929.125,2000,1321.667,1500.0
2023-06-15,ATN02K12P,A,ATN,2943.25,1000,423.083,705.0
2023-06-15,ATPA1K24P,A,ATPA,0.0,0,0.0,0.0
2023-06-15,ATPPCH5X5K,A,ATPPCH,0.0,0,0.0,0.0
2023-06-15,ATWWP001K24P,A,ATWWP,122.0,0,54.08366666666667,0.0
2023-06-15,ATWWP002K12P,A,ATWWP,178.0,0,1.667,50.0
2023-06-15,EEA200G24P,E,EEA,0.0,0,0.0,0.0
2023-06-15,EEA500G12P,E,EEA,0.0,0,0.0,0.0
2023-06-15,MAC1K25P,M,MAC,0.0,0,0.0,0.0
2023-06-15,MAHS025K,M,MAHS,45.0,38,10.0,0.0
2023-06-15,MAP1K25P,M,MAP,0.0,0,0.0,0.0
2023-06-15,MAPA1K24P,M,MAPA,0.0,0,0.0,0.0
2023-06-15,MAR01K24P,M,MAR,1453.0,700,590.667,840.0
2023-06-15,MAR02K12P,M,MAR,688.0,200,85.91699999999999,300.0
2023-06-15,MASR025K,M,MASR,108.0,0,132.0,100.0
2023-06-15,POP001L12P,P,POP,4168.000000000002,2018,2238.0,2484.0
2023-06-15,POP002L09P,P,POP,474.0000000000002,0,166.0,385.0
2023-06-15,POP005L04P,P,POP,333.0,200,112.0,150.0
2023-06-15,POP015K,P,POP,0.0,0,0.0,0.0
2023-06-15,POP500M24P,P,POP,1164.0,501,377.0,170.0
2023-06-15,POPF01L12P,P,POPF,1263.0,0,54.00000000000001,0.0
2023-06-15,POV001L24P,P,POV,1019.0,1509,781.0,1675.0
2023-06-15,POV002L09P,P,POV,400.0000000000001,0,218.0000000000001,670.0
2023-06-15,POV005L04P,P,POV,285.0,1200,156.0,680.0
2023-06-15,POV500M24P,P,POV,660.0,3009,897.0000000000001,1665.0
2023-06-15,SE200G24P,S,SE,90.0,0,47.0,100.0
2023-06-15,SE500G24P,S,SE,1066.0,700,373.333,450.0
2023-06-15,SO0001L12P,S,SO,0.0,0,0.0,0.0
2023-06-15,SO0002L09P,S,SO,0.0,0,0.0,0.0
2023-06-15,SO0005L04P,S,SO,0.0,0,0.0,0.0
2023-06-15,SO0500M24P,S,SO,0.0,0,0.0,0.0
2023-06-15,SOP001L12P,S,SOP,339.9999999999999,0,201.25,278.0
2023-06-15,SOS001L12P,S,SOS,10877.0,15000,7784.667028985504,13592.0
2023-06-15,SOS002L09P,S,SOS,6941.000000000001,4097,3176.999999999998,4066.0
2023-06-15,SOS003L04P,S,SOS,1468.0,3015,817.9999999999999,2830.0
2023-06-15,SOS005L04P,S,SOS,8784.0,15000,7491.75,13740.0
2023-06-15,SOS008L02P,S,SOS,1066.0,0,205.5,290.0
2023-06-15,SOS250M48P,S,SOS,140.0,0,333.0420289855072,455.0
2023-06-15,SOS500M24P,S,SOS,3874.000000000003,8501,2979.0,8309.0
2023-06-16,AT5X5K,A,AT,0.0,2000,503.0,0.0
2023-06-16,ATN01K24P,A,ATN,0.0,4000,3515.0,0.0
2023-06-16,ATN02K12P,A,ATN,0.0,1500,1307.0,0.0
2023-06-16,ATPA1K24P,A,ATPA,0.0,0,0.0,0.0
2023-06-16,ATPPCH5X5K,A,ATPPCH,0.0,0,0.0,0.0
2023-06-16,ATWWP001K24P,A,ATWWP,0.0,0,60.0,0.0
2023-06-16,ATWWP002K12P,A,ATWWP,0.0,0,5.0,0.0
2023-06-16,EEA200G24P,E,EEA,0.0,0,0.0,0.0
2023-06-16,EEA500G12P,E,EEA,0.0,0,0.0,0.0
2023-06-16,MAC1K25P,M,MAC,0.0,0,0.0,0.0
2023-06-16,MAHS025K,M,MAHS,0.0,100,2.0,0.0
2023-06-16,MAP1K25P,M,MAP,0.0,0,0.0,0.0
2023-06-16,MAPA1K24P,M,MAPA,0.0,0,0.0,0.0
2023-06-16,MAR01K24P,M,MAR,0.0,1500,789.0,0.0
2023-06-16,MAR02K12P,M,MAR,0.0,200,42.0,0.0
2023-06-16,MASR025K,M,MASR,0.0,150,100.0,0.0
2023-06-16,POP001L12P,P,POP,0.0,3016,2093.9999999999995,0.0
2023-06-16,POP002L09P,P,POP,0.0,0,143.0,0.0
2023-06-16,POP005L04P,P,POP,0.0,0,31.0,0.0
2023-06-16,POP015K,P,POP,0.0,0,0.0,0.0
2023-06-16,POP500M24P,P,POP,0.0,216,595.0,0.0
2023-06-16,POPF01L12P,P,POPF,0.0,0,143.0,0.0
2023-06-16,POV001L24P,P,POV,0.0,1500,1639.0,0.0
2023-06-16,POV002L09P,P,POV,0.0,0,408.0000000000001,0.0
2023-06-16,POV005L04P,P,POV,0.0,0,325.0,0.0
2023-06-16,POV500M24P,P,POV,0.0,2004,1043.0,0.0
2023-06-16,SE200G24P,S,SE,0.0,0,0.0,0.0
2023-06-16,SE500G24P,S,SE,0.0,800,588.0,0.0
2023-06-16,SO0001L12P,S,SO,0.0,0,0.0,0.0
2023-06-16,SO0002L09P,S,SO,0.0,0,0.0,0.0
2023-06-16,SO0005L04P,S,SO,0.0,0,0.0,0.0
2023-06-16,SO0500M24P,S,SO,0.0,0,0.0,0.0
2023-06-16,SOP001L12P,S,SOP,0.0,0,50.99999999999999,0.0
2023-06-16,SOS001L12P,S,SOS,0.0,1536,8731.583967391305,0.0
2023-06-16,SOS002L09P,S,SOS,0.0,2367,3707.999999999999,0.0
2023-06-16,SOS003L04P,S,SOS,0.0,0,1069.0,0.0
2023-06-16,SOS005L04P,S,SOS,0.0,4765,5536.999999999999,0.0
2023-06-16,SOS008L02P,S,SOS,0.0,0,365.0,0.0
2023-06-16,SOS250M48P,S,SOS,0.0,0,215.0,0.0
2023-06-16,SOS500M24P,S,SOS,0.0,0,5097.000000000001,0.0
2023-06-17,AT5X5K,A,AT,55.0,200,858.0,785.0
2023-06-17,ATN01K24P,A,ATN,718.875,1500,3733.25,3060.0
2023-06-17,ATN02K12P,A,ATN,910.0,500,797.0,585.0
2023-06-17,ATPA1K24P,A,ATPA,0.0,0,0.0,0.0
2023-06-17,ATPPCH5X5K,A,ATPPCH,0.0,0,0.0,0.0
2023-06-17,ATWWP001K24P,A,ATWWP,30.0,0,55.63,0.0
2023-06-17,ATWWP002K12P,A,ATWWP,6.0,0,31.0,0.0
2023-06-17,EEA200G24P,E,EEA,0.0,0,0.0,0.0
2023-06-17,EEA500G12P,E,EEA,0.0,0,0.0,0.0
2023-06-17,MAC1K25P,M,MAC,0.0,0,0.0,0.0
2023-06-17,MAHS025K,M,MAHS,0.0,0,0.0,30.0
2023-06-17,MAP1K25P,M,MAP,0.0,0,0.0,0.0
2023-06-17,MAPA1K24P,M,MAPA,0.0,0,0.0,0.0
2023-06-17,MAR01K24P,M,MAR,206.0,300,779.38,290.0
2023-06-17,MAR02K12P,M,MAR,334.0,0,87.0,200.0
2023-06-17,MASR025K,M,MASR,50.0,250,0.0,108.0
2023-06-17,POP001L12P,P,POP,60.0,2000,992.0,0.0
2023-06-17,POP002L09P,P,POP,5.000000000000001,0,147.0,0.0
2023-06-17,POP005L04P,P,POP,5.0,500,10.0,25.0
2023-06-17,POP015K,P,POP,0.0,0,0.0,0.0
2023-06-17,POP500M24P,P,POP,30.0,1000,423.9999999999999,320.0
2023-06-17,POPF01L12P,P,POPF,0.0,840,35.0,200.0
2023-06-17,POV001L24P,P,POV,130.0,2003,1153.0,500.0
2023-06-17,POV002L09P,P,POV,50.0,0,200.0,0.0
2023-06-17,POV005L04P,P,POV,274.0,0,221.0,49.0
2023-06-17,POV500M24P,P,POV,185.0,0,1001.0,610.0
2023-06-17,SE200G24P,S,SE,0.0,200,63.0,110.0
2023-06-17,SE500G24P,S,SE,173.0,200,490.337,508.0
2023-06-17,SO0001L12P,S,SO,0.0,0,0.0,0.0
2023-06-17,SO0002L09P,S,SO,0.0,0,0.0,0.0
2023-06-17,SO0005L04P,S,SO,0.0,0,0.0,0.0
2023-06-17,SO0500M24P,S,SO,0.0,0,0.0,0.0
2023-06-17,SOP001L12P,S,SOP,0.0,300,134.0,0.0
2023-06-17,SOS001L12P,S,SOS,693.0,6000,4853.999999999997,4736.0
2023-06-17,SOS002L09P,S,SOS,185.0,1403,2358.0,1400.888
2023-06-17,SOS003L04P,S,SOS,50.99999999999999,2000,1203.0,403.0
2023-06-17,SOS005L04P,S,SOS,1197.0,6000,4056.249999999999,3388.0
2023-06-17,SOS008L02P,S,SOS,4.999999999999999,0,475.5,637.0
2023-06-17,SOS250M48P,S,SOS,0.0,0,25.0,30.0
2023-06-17,SOS500M24P,S,SOS,217.0,5001,3731.990036231889,3304.0
2023-06-18,AT5X5K,A,AT,823.0,200,220.0,134.0
2023-06-18,ATN01K24P,A,ATN,6688.833333333333,2000,1940.625,2470.0
2023-06-18,ATN02K12P,A,ATN,1078.0,500,421.0,775.0
2023-06-18,ATPA1K24P,A,ATPA,0.0,0,0.0,0.0
2023-06-18,ATPPCH5X5K,A,ATPPCH,0.0,0,0.0,0.0
2023-06-18,ATWWP001K24P,A,ATWWP,261.0,0,95.0,30.0
2023-06-18,ATWWP002K12P,A,ATWWP,32.0,0,2.0,62.0
2023-06-18,EEA200G24P,E,EEA,0.0,0,0.0,0.0
2023-06-18,EEA500G12P,E,EEA,0.0,0,0.0,0.0
2023-06-18,MAC1K25P,M,MAC,0.0,0,0.0,0.0
2023-06-18,MAHS025K,M,MAHS,179.0,0,17.0,68.0
2023-06-18,MAP1K25P,M,MAP,0.0,0,0.0,0.0
2023-06-18,MAPA1K24P,M,MAPA,0.0,0,0.0,0.0
2023-06-18,MAR01K24P,M,MAR,2003.0,300,597.0,660.0
2023-06-18,MAR02K12P,M,MAR,50.0,0,82.0,35.0
2023-06-18,MASR025K,M,MASR,45.0,100,35.0,300.0
2023-06-18,POP001L12P,P,POP,7676.0,3410,1785.9999999999998,4370.0
2023-06-18,POP002L09P,P,POP,348.0000000000001,504,89.0,0.0
2023-06-18,POP005L04P,P,POP,83.0,0,94.0,460.0
2023-06-18,POP015K,P,POP,0.0,0,0.0,0.0
2023-06-18,POP500M24P,P,POP,1015.0,1000,148.0,763.0
2023-06-18,POPF01L12P,P,POPF,417.0000000000001,508,330.0,500.0
2023-06-18,POV001L24P,P,POV,4125.0,2507,855.0,1893.0
2023-06-18,POV002L09P,P,POV,1563.0,1002,144.0,0.0
2023-06-18,POV005L04P,P,POV,740.0,0,268.0000000000001,50.0
2023-06-18,POV500M24P,P,POV,2367.0,1004,923.0,1970.0
2023-06-18,SE200G24P,S,SE,66.0,0,98.0,0.0
2023-06-18,SE500G24P,S,SE,1477.0,200,400.833,790.0
2023-06-18,SO0001L12P,S,SO,0.0,0,0.0,0.0
2023-06-18,SO0002L09P,S,SO,0.0,0,0.0,0.0
2023-06-18,SO0005L04P,S,SO,0.0,0,0.0,0.0
2023-06-18,SO0500M24P,S,SO,0.0,0,0.0,0.0
2023-06-18,SOP001L12P,S,SOP,95.0,110,115.0,200.0
2023-06-18,SOS001L12P,S,SOS,14103.0,11503,5827.000000000001,6647.0
2023-06-18,SOS002L09P,S,SOS,8282.000000000002,2074,2374.0,5020.0
2023-06-18,SOS003L04P,S,SOS,2151.000000000001,4000,1006.0,1880.0
2023-06-18,SOS005L04P,S,SOS,11705.99999999999,10009,4828.999999999999,4818.0
2023-06-18,SOS008L02P,S,SOS,854.0000000000001,0,109.0,265.0
2023-06-18,SOS250M48P,S,SOS,394.9999999999999,0,189.0,0.0
2023-06-18,SOS500M24P,S,SOS,5097.875000000003,6500,2983.470018115941,4005.0
2023-06-19,AT5X5K,A,AT,1062.0,480,721.8,390.0
2023-06-19,ATN01K24P,A,ATN,6026.046666666666,3500,4533.083333333333,2261.0
2023-06-19,ATN02K12P,A,ATN,777.25,1500,868.333,290.0
2023-06-19,ATPA1K24P,A,ATPA,0.0,0,0.0,0.0
2023-06-19,ATPPCH5X5K,A,ATPPCH,0.0,0,0.0,0.0
2023-06-19,ATWWP001K24P,A,ATWWP,90.0,0,147.0,16.0
2023-06-19,ATWWP002K12P,A,ATWWP,3.0,0,10.0,0.0
2023-06-19,EEA200G24P,E,EEA,0.0,0,0.0,0.0
2023-06-19,EEA500G12P,E,EEA,0.0,0,0.0,0.0
2023-06-19,MAC1K25P,M,MAC,17.0,0,0.0,0.0
2023-06-19,MAHS025K,M,MAHS,16.0,200,59.0,20.0
2023-06-19,MAP1K25P,M,MAP,0.0,0,0.0,0.0
2023-06-19,MAPA1K24P,M,MAPA,0.0,0,0.0,0.0
2023-06-19,MAR01K24P,M,MAR,1646.33,1000,1579.0,1022.0
2023-06-19,MAR02K12P,M,MAR,188.0,300,83.0,0.0
2023-06-19,MASR025K,M,MASR,687.0,0,27.0,2.0
2023-06-19,POP001L12P,P,POP,4328.0,3000,4588.0,3890.0
2023-06-19,POP002L09P,P,POP,330.9999999999999,503,152.0,180.0
2023-06-19,POP005L04P,P,POP,197.0,500,84.0,10.0
2023-06-19,POP015K,P,POP,0.0,0,0.0,0.0
2023-06-19,POP500M24P,P,POP,921.0,0,646.0000000000001,385.0
2023-06-19,POPF01L12P,P,POPF,320.0,0,320.0,100.0
2023-06-19,POV001L24P,P,POV,3127.999999999999,2000,2133.999999999999,2300.0
2023-06-19,POV002L09P,P,POV,1100.0,511,510.0000000000001,780.0
2023-06-19,POV005L04P,P,POV,446.0,1000,326.0,370.0
2023-06-19,POV500M24P,P,POV,2013.000000000001,0,1386.0,1254.0
2023-06-19,SE200G24P,S,SE,68.0,0,76.0,35.0
2023-06-19,SE500G24P,S,SE,1029.0,700,820.0,500.0
2023-06-19,SO0001L12P,S,SO,0.0,0,0.0,0.0
2023-06-19,SO0002L09P,S,SO,0.0,0,0.0,0.0
2023-06-19,SO0005L04P,S,SO,0.0,0,0.0,0.0
2023-06-19,SO0500M24P,S,SO,0.0,0,0.0,0.0
2023-06-19,SOP001L12P,S,SOP,62.00000000000001,0,115.0,50.0
2023-06-19,SOS001L12P,S,SOS,10179.0,13059,8486.999999999998,7133.0
2023-06-19,SOS002L09P,S,SOS,6655.0,2543,4739.444987922704,3035.0
2023-06-19,SOS003L04P,S,SOS,1409.0,3516,1447.999999999999,1290.0
2023-06-19,SOS005L04P,S,SOS,10878.5,7928,6564.0,5077.0
2023-06-19,SOS008L02P,S,SOS,135.0,0,84.99999999999999,15.0
2023-06-19,SOS250M48P,S,SOS,260.0,0,247.0,125.0
2023-06-19,SOS500M24P,S,SOS,5008.000000000002,7012,3859.0,3172.0
2023-06-20,AT5X5K,A,AT,700.0,700,766.0,590.0
2023-06-20,ATN01K24P,A,ATN,4839.291666666667,3500,5261.75,3661.0
2023-06-20,ATN02K12P,A,ATN,521.3333333333334,1200,529.25,1145.0
2023-06-20,ATPA1K24P,A,ATPA,0.0,0,0.0,0.0
2023-06-20,ATPPCH5X5K,A,ATPPCH,0.0,0,0.0,0.0
2023-06-20,ATWWP001K24P,A,ATWWP,88.0,0,65.0,0.0
2023-06-20,ATWWP002K12P,A,ATWWP,16.0,0,8.0,0.0
2023-06-20,EEA200G24P,E,EEA,0.0,0,0.0,0.0
2023-06-20,EEA500G12P,E,EEA,0.0,0,0.0,0.0
2023-06-20,MAC1K25P,M,MAC,0.0,0,12.0,0.0
2023-06-20,MAHS025K,M,MAHS,70.0,0,151.0,179.0
2023-06-20,MAP1K25P,M,MAP,0.0,0,0.0,0.0
2023-06-20,MAPA1K24P,M,MAPA,0.0,0,0.0,0.0
2023-06-20,MAR01K24P,M,MAR,1583.0,1200,1473.0,613.0
2023-06-20,MAR02K12P,M,MAR,64.0,203,108.0,0.0
2023-06-20,MASR025K,M,MASR,207.0,150,228.0,15.0
2023-06-20,POP001L12P,P,POP,2604.0,9010,5448.0,5930.0
2023-06-20,POP002L09P,P,POP,211.0,505,442.9970085470086,400.0
2023-06-20,POP005L04P,P,POP,164.0,700,367.0,160.0
2023-06-20,POP015K,P,POP,0.0,0,0.0,0.0
2023-06-20,POP500M24P,P,POP,744.0,1515,1175.0,1150.0
2023-06-20,POPF01L12P,P,POPF,110.0,500,290.0,630.0
2023-06-20,POV001L24P,P,POV,3164.999999999999,4007,3017.0,3770.0
2023-06-20,POV002L09P,P,POV,1059.0,1501,965.0000000000002,784.0
2023-06-20,POV005L04P,P,POV,496.0000000000001,1500,535.0,500.0
2023-06-20,POV500M24P,P,POV,1643.0,3124,2092.0,2285.0
2023-06-20,SE200G24P,S,SE,85.0,0,20.0,39.0
2023-06-20,SE500G24P,S,SE,918.0,1000,1204.0,750.0
2023-06-20,SO0001L12P,S,SO,0.0,0,0.0,0.0
2023-06-20,SO0002L09P,S,SO,0.0,0,0.0,0.0
2023-06-20,SO0005L04P,S,SO,0.0,0,0.0,0.0
2023-06-20,SO0500M24P,S,SO,0.0,0,0.0,0.0
2023-06-20,SOP001L12P,S,SOP,69.99999999999999,0,24.0,60.0
2023-06-20,SOS001L12P,S,SOS,8945.999999999998,4784,7336.416032608695,12147.0
2023-06-20,SOS002L09P,S,SOS,6443.0,2447,2278.999999999999,1015.0
2023-06-20,SOS003L04P,S,SOS,1734.0,2136,1796.0,1802.0
2023-06-20,SOS005L04P,S,SOS,9149.999999999998,6439,8589.0,8151.0
2023-06-20,SOS008L02P,S,SOS,319.0,0,473.0,635.0
2023-06-20,SOS250M48P,S,SOS,132.0,0,118.0,173.0
2023-06-20,SOS500M24P,S,SOS,3559.000000000002,1700,3730.875000000001,4066.875
2023-06-21,AT5X5K,A,AT,725.0,700,758.0,852.0
2023-06-21,ATN01K24P,A,ATN,3485.833333333333,4500,4295.663333333333,2754.0
2023-06-21,ATN02K12P,A,ATN,641.0833333333334,1000,1013.916666666667,736.0
2023-06-21,ATPA1K24P,A,ATPA,0.0,0,0.0,0.0
2023-06-21,ATPPCH5X5K,A,ATPPCH,0.0,0,0.0,0.0
2023-06-21,ATWWP001K24P,A,ATWWP,50.0,0,64.625,10.0
2023-06-21,ATWWP002K12P,A,ATWWP,7.0,0,11.0,0.0
2023-06-21,EEA200G24P,E,EEA,0.0,0,0.0,0.0
2023-06-21,EEA500G12P,E,EEA,0.0,0,0.0,0.0
2023-06-21,MAC1K25P,M,MAC,2.0,0,2.0,0.0
2023-06-21,MAHS025K,M,MAHS,0.0,0,20.0,10.0
2023-06-21,MAP1K25P,M,MAP,0.0,0,0.0,0.0
2023-06-21,MAPA1K24P,M,MAPA,0.0,0,0.0,0.0
2023-06-21,MAR01K24P,M,MAR,1311.0,2000,874.3299999999999,319.0
2023-06-21,MAR02K12P,M,MAR,89.0,200,107.0,0.0
2023-06-21,MASR025K,M,MASR,35.0,150,171.0,55.0
2023-06-21,POP001L12P,P,POP,4230.0,4946,2794.0,4918.0
2023-06-21,POP002L09P,P,POP,220.0,0,343.0000000000001,657.0
2023-06-21,POP005L04P,P,POP,85.0,0,170.0,275.0
2023-06-21,POP015K,P,POP,0.0,0,0.0,0.0
2023-06-21,POP500M24P,P,POP,704.9999999999999,501,579.0,535.0
2023-06-21,POPF01L12P,P,POPF,190.0,0,245.0,140.0
2023-06-21,POV001L24P,P,POV,2417.0,4005,3290.0,4155.0
2023-06-21,POV002L09P,P,POV,667.0000000000001,0,824.0000000000001,1222.0
2023-06-21,POV005L04P,P,POV,311.0,0,388.0000000000001,535.0
2023-06-21,POV500M24P,P,POV,1575.0,1500,1639.0,1549.0
2023-06-21,SE200G24P,S,SE,62.00000000000001,1,28.0,17.0
2023-06-21,SE500G24P,S,SE,538.0,1500,689.0,780.0
2023-06-21,SO0001L12P,S,SO,0.0,0,0.0,0.0
2023-06-21,SO0002L09P,S,SO,0.0,0,0.0,0.0
2023-06-21,SO0005L04P,S,SO,0.0,0,0.0,0.0
2023-06-21,SO0500M24P,S,SO,0.0,0,0.0,0.0
2023-06-21,SOP001L12P,S,SOP,20.0,300,69.99999999999999,10.0
2023-06-21,SOS001L12P,S,SOS,7777.999999999999,9000,7596.916032608701,16109.0
2023-06-21,SOS002L09P,S,SOS,4122.999999999998,3000,2461.999999999999,1892.0
2023-06-21,SOS003L04P,S,SOS,947.9999999999994,3007,1530.0,1413.0
2023-06-21,SOS005L04P,S,SOS,7416.999999999998,12000,8422.499999999998,10046.0
2023-06-21,SOS008L02P,S,SOS,867.0,0,166.0,120.0
2023-06-21,SOS250M48P,S,SOS,137.0,0,288.0,325.0
2023-06-21,SOS500M24P,S,SOS,2588.000000000002,2378,3035.000000000001,5144.0
2023-06-22,AT5X5K,A,AT,998.0,500,732.0,1140.0
2023-06-22,ATN01K24P,A,ATN,5640.546666666666,4500,3370.133333333333,5150.0
2023-06-22,ATN02K12P,A,ATN,929.25,500,601.0,390.0
2023-06-22,ATPA1K24P,A,ATPA,0.0,0,0.0,0.0
2023-06-22,ATPPCH5X5K,A,ATPPCH,0.0,0,0.0,0.0
2023-06-22,ATWWP001K24P,A,ATWWP,85.0,0,75.87599999999999,23.0
2023-06-22,ATWWP002K12P,A,ATWWP,96.0,0,30.0,0.0
2023-06-22,EEA200G24P,E,EEA,0.0,0,0.0,0.0
2023-06-22,EEA500G12P,E,EEA,0.0,0,0.0,0.0
2023-06-22,MAC1K25P,M,MAC,10.0,0,25.0,0.0
2023-06-22,MAHS025K,M,MAHS,61.0,50,59.0,20.0
2023-06-22,MAP1K25P,M,MAP,0.0,0,0.0,0.0
2023-06-22,MAPA1K24P,M,MAPA,0.0,0,0.0,0.0
2023-06-22,MAR01K24P,M,MAR,2059.38,2000,375.0,1490.0
2023-06-22,MAR02K12P,M,MAR,308.0,0,151.0,100.0
2023-06-22,MASR025K,M,MASR,198.0,250,0.0,5.0
2023-06-22,POP001L12P,P,POP,5522.0,5014,5056.0,4620.0
2023-06-22,POP002L09P,P,POP,506.0000000000001,0,170.0,170.0
2023-06-22,POP005L04P,P,POP,224.0,0,163.0,60.0
2023-06-22,POP015K,P,POP,0.0,0,0.0,0.0
2023-06-22,POP500M24P,P,POP,909.0000000000002,301,730.9999999999999,717.0
2023-06-22,POPF01L12P,P,POPF,438.0,0,115.0,100.0
2023-06-22,POV001L24P,P,POV,5145.999999999996,6000,2970.0,2780.0
2023-06-22,POV002L09P,P,POV,1224.0,506,777.0,589.0
2023-06-22,POV005L04P,P,POV,851.0,0,416.0,776.0
2023-06-22,POV500M24P,P,POV,3616.0,2200,1703.0,1506.0
2023-06-22,SE200G24P,S,SE,50.0,200,65.0,25.0
2023-06-22,SE500G24P,S,SE,1656.0,800,931.0,1035.0
2023-06-22,SO0001L12P,S,SO,0.0,0,0.0,0.0
2023-06-22,SO0002L09P,S,SO,0.0,0,0.0,0.0
2023-06-22,SO0005L04P,S,SO,0.0,0,0.0,0.0
2023-06-22,SO0500M24P,S,SO,0.0,0,0.0,0.0
2023-06-22,SOP001L12P,S,SOP,52.0,0,250.0,250.0
2023-06-22,SOS001L12P,S,SOS,13760.0,10000,10146.0839673913,14344.0
2023-06-22,SOS002L09P,S,SOS,6102.000000000004,3028,3135.999999999999,2945.0
2023-06-22,SOS003L04P,S,SOS,2171.000000000001,2979,1050.0,1340.0
2023-06-22,SOS005L04P,S,SOS,16638.0,15000,8282.0,9295.0
2023-06-22,SOS008L02P,S,SOS,2027.999999999999,0,207.9999999999999,1223.0
2023-06-22,SOS250M48P,S,SOS,297.0,0,114.0,275.0
2023-06-22,SOS500M24P,S,SOS,6259.999999999999,2500,4240.000000000002,4913.0
2023-06-23,AT5X5K,A,AT,0.0,800,698.0,0.0
2023-06-23,ATN01K24P,A,ATN,0.0,4500,3970.38,0.0
2023-06-23,ATN02K12P,A,ATN,0.0,300,255.0,0.0
2023-06-23,ATPA1K24P,A,ATPA,0.0,0,0.0,0.0
2023-06-23,ATPPCH5X5K,A,ATPPCH,0.0,0,0.0,0.0
2023-06-23,ATWWP001K24P,A,ATWWP,0.0,0,42.0,0.0
2023-06-23,ATWWP002K12P,A,ATWWP,0.0,0,9.0,0.0
2023-06-23,EEA200G24P,E,EEA,0.0,0,0.0,0.0
2023-06-23,EEA500G12P,E,EEA,0.0,0,0.0,0.0
2023-06-23,MAC1K25P,M,MAC,0.0,0,10.0,0.0
2023-06-23,MAHS025K,M,MAHS,0.0,60,10.0,0.0
2023-06-23,MAP1K25P,M,MAP,0.0,0,0.0,0.0
2023-06-23,MAPA1K24P,M,MAPA,0.0,0,0.0,0.0
2023-06-23,MAR01K24P,M,MAR,0.0,2000,1505.38,0.0
2023-06-23,MAR02K12P,M,MAR,0.0,0,73.0,0.0
2023-06-23,MASR025K,M,MASR,0.0,405,13.0,0.0
2023-06-23,POP001L12P,P,POP,0.0,2000,2599.667948717949,0.0
2023-06-23,POP002L09P,P,POP,0.0,0,101.0,0.0
2023-06-23,POP005L04P,P,POP,0.0,0,128.0,0.0
2023-06-23,POP015K,P,POP,0.0,0,0.0,0.0
2023-06-23,POP500M24P,P,POP,0.0,0,459.0000000000001,0.0
2023-06-23,POPF01L12P,P,POPF,0.0,0,10.0,0.0
2023-06-23,POV001L24P,P,POV,0.0,2037,1980.0,0.0
2023-06-23,POV002L09P,P,POV,0.0,0,322.0000000000001,0.0
2023-06-23,POV005L04P,P,POV,0.0,0,410.0,0.0
2023-06-23,POV500M24P,P,POV,0.0,1002,1635.0,0.0
2023-06-23,SE200G24P,S,SE,0.0,102,2.0,0.0
2023-06-23,SE500G24P,S,SE,0.0,700,765.0,0.0
2023-06-23,SO0001L12P,S,SO,0.0,0,0.0,0.0
2023-06-23,SO0002L09P,S,SO,0.0,0,0.0,0.0
2023-06-23,SO0005L04P,S,SO,0.0,0,0.0,0.0
2023-06-23,SO0500M24P,S,SO,0.0,0,0.0,0.0
2023-06-23,SOP001L12P,S,SOP,0.0,0,0.0,0.0
2023-06-23,SOS001L12P,S,SOS,0.0,9607,8938.0,0.0
2023-06-23,SOS002L09P,S,SOS,0.0,0,1035.0,0.0
2023-06-23,SOS003L04P,S,SOS,0.0,0,1461.999999999999,0.0
2023-06-23,SOS005L04P,S,SOS,0.0,6880,8818.999999999998,0.0
2023-06-23,SOS008L02P,S,SOS,0.0,0,339.0,0.0
2023-06-23,SOS250M48P,S,SOS,0.0,0,154.0,0.0
2023-06-23,SOS500M24P,S,SOS,0.0,5770,3639.000000000002,0.0
2023-06-24,AT5X5K,A,AT,7.0,500,455.0,620.0
2023-06-24,ATN01K24P,A,ATN,416.792,3000,4034.541666666667,4437.0
2023-06-24,ATN02K12P,A,ATN,1219.25,0,596.167,670.0
2023-06-24,ATPA1K24P,A,ATPA,0.0,0,0.0,0.0
2023-06-24,ATPPCH5X5K,A,ATPPCH,0.0,0,0.0,0.0
2023-06-24,ATWWP001K24P,A,ATWWP,10.0,0,30.0,22.0
2023-06-24,ATWWP002K12P,A,ATWWP,5.0,0,51.0,0.0
2023-06-24,EEA200G24P,E,EEA,0.0,0,0.0,0.0
2023-06-24,EEA500G12P,E,EEA,0.0,0,0.0,0.0
2023-06-24,MAC1K25P,M,MAC,0.0,0,0.0,0.0
2023-06-24,MAHS025K,M,MAHS,0.0,20,0.0,60.0
2023-06-24,MAP1K25P,M,MAP,0.0,0,0.0,0.0
2023-06-24,MAPA1K24P,M,MAPA,0.0,0,0.0,0.0
2023-06-24,MAR01K24P,M,MAR,224.167,0,1070.0,1425.0
2023-06-24,MAR02K12P,M,MAR,485.0,0,172.0,410.0
2023-06-24,MASR025K,M,MASR,217.0,0,221.0,420.0
2023-06-24,POP001L12P,P,POP,486.0,3404,3387.9999999999995,3600.0
2023-06-24,POP002L09P,P,POP,27.0,0,151.0000000000001,5.0
2023-06-24,POP005L04P,P,POP,25.0,0,88.0,338.0
2023-06-24,POP015K,P,POP,0.0,0,0.0,0.0
2023-06-24,POP500M24P,P,POP,107.0,704,338.0000000000001,205.0
2023-06-24,POPF01L12P,P,POPF,0.0,0,190.0839743589744,80.0
2023-06-24,POV001L24P,P,POV,483.0000000000001,2172,2739.0,2560.0
2023-06-24,POV002L09P,P,POV,115.0,0,216.0,60.0
2023-06-24,POV005L04P,P,POV,171.0,1000,351.0,155.0
2023-06-24,POV500M24P,P,POV,180.0,2601,1912.0,1662.0
2023-06-24,SE200G24P,S,SE,0.0,0,46.00000000000001,10.0
2023-06-24,SE500G24P,S,SE,54.0,700,904.0,767.0
2023-06-24,SO0001L12P,S,SO,0.0,0,0.0,0.0
2023-06-24,SO0002L09P,S,SO,0.0,0,0.0,0.0
2023-06-24,SO0005L04P,S,SO,0.0,0,0.0,0.0
2023-06-24,SO0500M24P,S,SO,0.0,0,0.0,0.0
2023-06-24,SOP001L12P,S,SOP,190.0,0,64.99999999999999,145.0
2023-06-24,SOS001L12P,S,SOS,1805.0,8006,6100.583967391304,9163.0
2023-06-24,SOS002L09P,S,SOS,140.0,0,2026.55597826087,1979.0
2023-06-24,SOS003L04P,S,SOS,443.9999999999999,0,1347.0,1691.0
2023-06-24,SOS005L04P,S,SOS,2575.75,6003,7071.999999999999,7069.0
2023-06-24,SOS008L02P,S,SOS,484.9999999999999,0,874.0000000000001,655.0
2023-06-24,SOS250M48P,S,SOS,6.999999999999999,0,84.99999999999999,230.0
2023-06-24,SOS500M24P,S,SOS,700.9999999999998,3003,2836.000000000001,5610.0
2023-06-25,AT5X5K,A,AT,716.0,700,254.0,380.0
2023-06-25,ATN01K24P,A,ATN,6455.291666666667,3000,2027.958666666667,2900.0
2023-06-25,ATN02K12P,A,ATN,488.9166666666667,0,456.6666666666667,800.0
2023-06-25,ATPA1K24P,A,ATPA,0.0,0,0.0,0.0
2023-06-25,ATPPCH5X5K,A,ATPPCH,0.0,0,0.0,0.0
2023-06-25,ATWWP001K24P,A,ATWWP,116.0,0,20.0,20.0
2023-06-25,ATWWP002K12P,A,ATWWP,19.0,0,0.0,0.0
2023-06-25,EEA200G24P,E,EEA,0.0,0,0.0,0.0
2023-06-25,EEA500G12P,E,EEA,0.0,0,0.0,0.0
2023-06-25,MAC1K25P,M,MAC,30.0,0,0.0,0.0
2023-06-25,MAHS025K,M,MAHS,10.0,0,20.0,1.0
2023-06-25,MAP1K25P,M,MAP,0.0,0,0.0,0.0
2023-06-25,MAPA1K24P,M,MAPA,0.0,0,0.0,0.0
2023-06-25,MAR01K24P,M,MAR,2394.0,300,1467.167,1425.0
2023-06-25,MAR02K12P,M,MAR,43.0,0,54.0,52.0
2023-06-25,MASR025K,M,MASR,0.0,0,206.0,125.0
2023-06-25,POP001L12P,P,POP,4760.0,3012,3080.332051282052,4970.0
2023-06-25,POP002L09P,P,POP,236.0,502,399.0,268.0
2023-06-25,POP005L04P,P,POP,164.0,0,73.0,30.0
2023-06-25,POP015K,P,POP,0.0,0,0.0,0.0
2023-06-25,POP500M24P,P,POP,609.0000000000001,800,564.9999999999999,1000.0
2023-06-25,POPF01L12P,P,POPF,514.0,0,610.0,450.0
2023-06-25,POV001L24P,P,POV,4276.000000000001,2501,2709.0,3100.0
2023-06-25,POV002L09P,P,POV,704.0000000000002,1501,208.0,50.0
2023-06-25,POV005L04P,P,POV,901.0,0,651.0,380.0
2023-06-25,POV500M24P,P,POV,2365.0,2011,1322.0,1905.0
2023-06-25,SE200G24P,S,SE,40.0,0,90.0,45.0
2023-06-25,SE500G24P,S,SE,1361.0,300,505.0,675.0
2023-06-25,SO0001L12P,S,SO,0.0,0,0.0,0.0
2023-06-25,SO0002L09P,S,SO,0.0,0,0.0,0.0
2023-06-25,SO0005L04P,S,SO,0.0,0,0.0,0.0
2023-06-25,SO0500M24P,S,SO,0.0,0,0.0,0.0
2023-06-25,SOP001L12P,S,SOP,140.0,0,208.0,100.0
2023-06-25,SOS001L12P,S,SOS,16384.33596014491,16943,6880.332971014491,9827.333
2023-06-25,SOS002L09P,S,SOS,2246.120048309178,8000,2450.005012077294,5009.559999999999
2023-06-25,SOS003L04P,S,SOS,3012.0,4017,1399.0,2072.0
2023-06-25,SOS005L04P,S,SOS,15577.0,8503,7865.000000000001,12097.0
2023-06-25,SOS008L02P,S,SOS,308.0,0,1118.0,877.0
2023-06-25,SOS250M48P,S,SOS,464.9999999999998,0,170.0,37.0
2023-06-25,SOS500M24P,S,SOS,5068.332971014498,6504,3136.332971014494,4236.333000000001
2023-06-26,AT5X5K,A,AT,723.0,0,690.0,210.0
2023-06-26,ATN01K24P,A,ATN,3426.541666666667,0,5017.916666666667,4537.0
2023-06-26,ATN02K12P,A,ATN,436.0,0,276.0,472.0
2023-06-26,ATPA1K24P,A,ATPA,0.0,0,0.0,0.0
2023-06-26,ATPPCH5X5K,A,ATPPCH,0.0,0,0.0,0.0
2023-06-26,ATWWP001K24P,A,ATWWP,128.0,0,183.502,45.0
2023-06-26,ATWWP002K12P,A,ATWWP,5.0,0,0.0,0.0
2023-06-26,EEA200G24P,E,EEA,0.0,0,0.0,0.0
2023-06-26,EEA500G12P,E,EEA,0.0,0,0.0,0.0
2023-06-26,MAC1K25P,M,MAC,0.0,0,0.0,0.0
2023-06-26,MAHS025K,M,MAHS,20.0,500,84.0,500.0
2023-06-26,MAP1K25P,M,MAP,0.0,0,0.0,0.0
2023-06-26,MAPA1K24P,M,MAPA,0.0,0,0.0,0.0
2023-06-26,MAR01K24P,M,MAR,551.0,0,1693.0,2380.0
2023-06-26,MAR02K12P,M,MAR,50.0,0,117.0,80.0
2023-06-26,MASR025K,M,MASR,20.0,0,282.0,0.0
2023-06-26,POP001L12P,P,POP,2766.0,800,3534.000000000001,2814.0
2023-06-26,POP002L09P,P,POP,139.0000000000001,705,91.0,281.0
2023-06-26,POP005L04P,P,POP,42.0,0,42.00000000000001,12.0
2023-06-26,POP015K,P,POP,0.0,0,0.0,0.0
2023-06-26,POP500M24P,P,POP,294.9999999999999,0,215.0,255.0
2023-06-26,POPF01L12P,P,POPF,220.0,0,269.9999999999999,250.0
2023-06-26,POV001L24P,P,POV,2235.0,0,4299.0,2847.0
2023-06-26,POV002L09P,P,POV,865.9999999999999,2004,1412.889987789988,1970.0
2023-06-26,POV005L04P,P,POV,334.0,0,850.0,639.0
2023-06-26,POV500M24P,P,POV,877.0,0,1989.0,2764.0
2023-06-26,SE200G24P,S,SE,41.0,0,53.0,65.0
2023-06-26,SE500G24P,S,SE,520.0,0,1060.0,1061.25
2023-06-26,SO0001L12P,S,SO,0.0,0,0.0,0.0
2023-06-26,SO0002L09P,S,SO,0.0,0,0.0,0.0
2023-06-26,SO0005L04P,S,SO,0.0,0,0.0,0.0
2023-06-26,SO0500M24P,S,SO,0.0,0,0.0,0.0
2023-06-26,SOP001L12P,S,SOP,135.0,0,185.0,100.0
2023-06-26,SOS001L12P,S,SOS,5302.0,9840,13188.67001811594,6387.0
2023-06-26,SOS002L09P,S,SOS,4500.0,5748,6594.560024154592,8957.0
2023-06-26,SOS003L04P,S,SOS,959.9999999999995,1050,1947.000000000001,1233.0
2023-06-26,SOS005L04P,S,SOS,5452.999999999998,5524,12312.25,14895.0
2023-06-26,SOS008L02P,S,SOS,775.0,0,579.0,0.0
2023-06-26,SOS250M48P,S,SOS,188.0,0,160.0,173.0
2023-06-26,SOS500M24P,S,SOS,2153.0,2682,4177.000000000002,2276.0
2023-06-27,AT5X5K,A,AT,114.0,0,470.0,0.0
2023-06-27,ATN01K24P,A,ATN,1308.15,1000,2248.0,0.0
2023-06-27,ATN02K12P,A,ATN,206.16,530,205.25,0.0
2023-06-27,ATPA1K24P,A,ATPA,0.0,0,0.0,0.0
2023-06-27,ATPPCH5X5K,A,ATPPCH,0.0,0,0.0,0.0
2023-06-27,ATWWP001K24P,A,ATWWP,50.0,0,39.0,0.0
2023-06-27,ATWWP002K12P,A,ATWWP,0.0,0,0.0,0.0
2023-06-27,EEA200G24P,E,EEA,0.0,0,0.0,0.0
2023-06-27,EEA500G12P,E,EEA,0.0,0,0.0,0.0
2023-06-27,MAC1K25P,M,MAC,0.0,0,0.0,0.0
2023-06-27,MAHS025K,M,MAHS,0.0,55,1.0,0.0
2023-06-27,MAP1K25P,M,MAP,0.0,0,0.0,0.0
2023-06-27,MAPA1K24P,M,MAPA,0.0,0,0.0,0.0
2023-06-27,MAR01K24P,M,MAR,233.3,1351,482.0,0.0
2023-06-27,MAR02K12P,M,MAR,30.4,203,7.0,0.0
2023-06-27,MASR025K,M,MASR,0.0,0,0.0,0.0
2023-06-27,POP001L12P,P,POP,100.0,0,2498.0,0.0
2023-06-27,POP002L09P,P,POP,0.0,0,97.0,0.0
2023-06-27,POP005L04P,P,POP,0.0,0,119.0,0.0
2023-06-27,POP015K,P,POP,0.0,0,0.0,0.0
2023-06-27,POP500M24P,P,POP,0.0,0,449.0,0.0
2023-06-27,POPF01L12P,P,POPF,0.0,0,244.0,0.0
2023-06-27,POV001L24P,P,POV,260.0,0,1480.0,0.0
2023-06-27,POV002L09P,P,POV,241.0,522,749.0000000000001,0.0
2023-06-27,POV005L04P,P,POV,10.0,0,174.0,0.0
2023-06-27,POV500M24P,P,POV,155.0,0,346.0,0.0
2023-06-27,SE200G24P,S,SE,27.0,0,41.00000000000001,0.0
2023-06-27,SE500G24P,S,SE,135.2,1079,401.167,0.0
2023-06-27,SO0001L12P,S,SO,0.0,0,0.0,0.0
2023-06-27,SO0002L09P,S,SO,0.0,0,0.0,0.0
2023-06-27,SO0005L04P,S,SO,0.0,0,0.0,0.0
2023-06-27,SO0500M24P,S,SO,0.0,0,0.0,0.0
2023-06-27,SOP001L12P,S,SOP,0.0,0,0.0,0.0
2023-06-27,SOS001L12P,S,SOS,672.9999999999998,0,3976.332971014493,0.0
2023-06-27,SOS002L09P,S,SOS,1017.4,8669,2641.889975845409,0.0
2023-06-27,SOS003L04P,S,SOS,54.09999999999999,0,893.0,0.0
2023-06-27,SOS005L04P,S,SOS,457.2499999999999,0,4408.749999999999,0.0
2023-06-27,SOS008L02P,S,SOS,0.0,0,476.9999999999999,0.0
2023-06-27,SOS250M48P,S,SOS,10.0,0,116.0,0.0
2023-06-27,SOS500M24P,S,SOS,243.0829710144927,0,1414.0,0.0
2023-06-28,AT5X5K,A,AT,0.0,0,0.0,0.0
2023-06-28,ATN01K24P,A,ATN,0.0,0,0.0,0.0
2023-06-28,ATN02K12P,A,ATN,0.0,0,0.0,0.0
2023-06-28,ATPA1K24P,A,ATPA,0.0,0,0.0,0.0
2023-06-28,ATPPCH5X5K,A,ATPPCH,0.0,0,0.0,0.0
2023-06-28,ATWWP001K24P,A,ATWWP,0.0,0,0.0,0.0
2023-06-28,ATWWP002K12P,A,ATWWP,0.0,0,0.0,0.0
2023-06-28,EEA200G24P,E,EEA,0.0,0,0.0,0.0
2023-06-28,EEA500G12P,E,EEA,0.0,0,0.0,0.0
2023-06-28,MAC1K25P,M,MAC,0.0,0,0.0,0.0
2023-06-28,MAHS025K,M,MAHS,0.0,0,0.0,0.0
2023-06-28,MAP1K25P,M,MAP,0.0,0,0.0,0.0
2023-06-28,MAPA1K24P,M,MAPA,0.0,0,0.0,0.0
2023-06-28,MAR01K24P,M,MAR,0.0,0,0.0,0.0
2023-06-28,MAR02K12P,M,MAR,0.0,0,0.0,0.0
2023-06-28,MASR025K,M,MASR,0.0,0,0.0,0.0
2023-06-28,POP001L12P,P,POP,0.0,0,0.0,0.0
2023-06-28,POP002L09P,P,POP,0.0,0,0.0,0.0
2023-06-28,POP005L04P,P,POP,0.0,0,0.0,0.0
2023-06-28,POP015K,P,POP,0.0,0,0.0,0.0
2023-06-28,POP500M24P,P,POP,0.0,0,0.0,0.0
2023-06-28,POPF01L12P,P,POPF,0.0,0,0.0,0.0
2023-06-28,POV001L24P,P,POV,0.0,0,0.0,0.0
2023-06-28,POV002L09P,P,POV,0.0,0,0.0,0.0
2023-06-28,POV005L04P,P,POV,0.0,0,0.0,0.0
2023-06-28,POV500M24P,P,POV,0.0,0,0.0,0.0
2023-06-28,SE200G24P,S,SE,0.0,0,0.0,0.0
2023-06-28,SE500G24P,S,SE,0.0,0,0.0,0.0
2023-06-28,SO0001L12P,S,SO,0.0,0,0.0,0.0
2023-06-28,SO0002L09P,S,SO,0.0,0,0.0,0.0
2023-06-28,SO0005L04P,S,SO,0.0,0,0.0,0.0
2023-06-28,SO0500M24P,S,SO,0.0,0,0.0,0.0
2023-06-28,SOP001L12P,S,SOP,0.0,0,0.0,0.0
2023-06-28,SOS001L12P,S,SOS,0.0,0,0.0,0.0
2023-06-28,SOS002L09P,S,SOS,0.0,0,0.0,0.0
2023-06-28,SOS003L04P,S,SOS,0.0,0,0.0,0.0
2023-06-28,SOS005L04P,S,SOS,0.0,0,0.0,0.0
2023-06-28,SOS008L02P,S,SOS,0.0,0,0.0,0.0
2023-06-28,SOS250M48P,S,SOS,0.0,0,0.0,0.0
2023-06-28,SOS500M24P,S,SOS,0.0,0,0.0,0.0
2023-06-29,AT5X5K,A,AT,0.0,0,0.0,0.0
2023-06-29,ATN01K24P,A,ATN,0.0,0,0.0,0.0
2023-06-29,ATN02K12P,A,ATN,0.0,0,0.0,0.0
2023-06-29,ATPA1K24P,A,ATPA,0.0,0,0.0,0.0
2023-06-29,ATPPCH5X5K,A,ATPPCH,0.0,0,0.0,0.0
2023-06-29,ATWWP001K24P,A,ATWWP,0.0,0,0.0,0.0
2023-06-29,ATWWP002K12P,A,ATWWP,0.0,0,0.0,0.0
2023-06-29,EEA200G24P,E,EEA,0.0,0,0.0,0.0
2023-06-29,EEA500G12P,E,EEA,0.0,0,0.0,0.0
2023-06-29,MAC1K25P,M,MAC,0.0,0,0.0,0.0
2023-06-29,MAHS025K,M,MAHS,0.0,0,0.0,0.0
2023-06-29,MAP1K25P,M,MAP,0.0,0,0.0,0.0
2023-06-29,MAPA1K24P,M,MAPA,0.0,0,0.0,0.0
2023-06-29,MAR01K24P,M,MAR,0.0,0,0.0,0.0
2023-06-29,MAR02K12P,M,MAR,0.0,0,0.0,0.0
2023-06-29,MASR025K,M,MASR,0.0,0,0.0,0.0
2023-06-29,POP001L12P,P,POP,0.0,0,0.0,0.0
2023-06-29,POP002L09P,P,POP,0.0,0,0.0,0.0
2023-06-29,POP005L04P,P,POP,0.0,0,0.0,0.0
2023-06-29,POP015K,P,POP,0.0,0,0.0,0.0
2023-06-29,POP500M24P,P,POP,0.0,0,0.0,0.0
2023-06-29,POPF01L12P,P,POPF,0.0,0,0.0,0.0
2023-06-29,POV001L24P,P,POV,0.0,0,0.0,0.0
2023-06-29,POV002L09P,P,POV,0.0,0,0.0,0.0
2023-06-29,POV005L04P,P,POV,0.0,0,0.0,0.0
2023-06-29,POV500M24P,P,POV,0.0,0,0.0,0.0
2023-06-29,SE200G24P,S,SE,0.0,0,0.0,0.0
2023-06-29,SE500G24P,S,SE,0.0,0,0.0,0.0
2023-06-29,SO0001L12P,S,SO,0.0,0,0.0,0.0
2023-06-29,SO0002L09P,S,SO,0.0,0,0.0,0.0
2023-06-29,SO0005L04P,S,SO,0.0,0,0.0,0.0
2023-06-29,SO0500M24P,S,SO,0.0,0,0.0,0.0
2023-06-29,SOP001L12P,S,SOP,0.0,0,0.0,0.0
2023-06-29,SOS001L12P,S,SOS,0.0,0,0.0,0.0
2023-06-29,SOS002L09P,S,SOS,0.0,0,0.0,0.0
2023-06-29,SOS003L04P,S,SOS,0.0,0,0.0,0.0
2023-06-29,SOS005L04P,S,SOS,0.0,0,0.0,0.0
2023-06-29,SOS008L02P,S,SOS,0.0,0,0.0,0.0
2023-06-29,SOS250M48P,S,SOS,0.0,0,0.0,0.0
2023-06-29,SOS500M24P,S,SOS,0.0,0,0.0,0.0
2023-06-30,AT5X5K,A,AT,0.0,0,0.0,0.0
2023-06-30,ATN01K24P,A,ATN,0.0,0,0.0,0.0
2023-06-30,ATN02K12P,A,ATN,0.0,0,0.0,0.0
2023-06-30,ATPA1K24P,A,ATPA,0.0,0,0.0,0.0
2023-06-30,ATPPCH5X5K,A,ATPPCH,0.0,0,0.0,0.0
2023-06-30,ATWWP001K24P,A,ATWWP,0.0,0,0.0,0.0
2023-06-30,ATWWP002K12P,A,ATWWP,0.0,0,0.0,0.0
2023-06-30,EEA200G24P,E,EEA,0.0,0,0.0,0.0
2023-06-30,EEA500G12P,E,EEA,0.0,0,0.0,0.0
2023-06-30,MAC1K25P,M,MAC,0.0,0,0.0,0.0
2023-06-30,MAHS025K,M,MAHS,0.0,0,0.0,0.0
2023-06-30,MAP1K25P,M,MAP,0.0,0,0.0,0.0
2023-06-30,MAPA1K24P,M,MAPA,0.0,0,0.0,0.0
2023-06-30,MAR01K24P,M,MAR,0.0,0,0.0,0.0
2023-06-30,MAR02K12P,M,MAR,0.0,0,0.0,0.0
2023-06-30,MASR025K,M,MASR,0.0,0,0.0,0.0
2023-06-30,POP001L12P,P,POP,0.0,0,0.0,0.0
2023-06-30,POP002L09P,P,POP,0.0,0,0.0,0.0
2023-06-30,POP005L04P,P,POP,0.0,0,0.0,0.0
2023-06-30,POP015K,P,POP,0.0,0,0.0,0.0
2023-06-30,POP500M24P,P,POP,0.0,0,0.0,0.0
2023-06-30,POPF01L12P,P,POPF,0.0,0,0.0,0.0
2023-06-30,POV001L24P,P,POV,0.0,0,0.0,0.0
2023-06-30,POV002L09P,P,POV,0.0,0,0.0,0.0
2023-06-30,POV005L04P,P,POV,0.0,0,0.0,0.0
2023-06-30,POV500M24P,P,POV,0.0,0,0.0,0.0
2023-06-30,SE200G24P,S,SE,0.0,0,0.0,0.0
2023-06-30,SE500G24P,S,SE,0.0,0,0.0,0.0
2023-06-30,SO0001L12P,S,SO,0.0,0,0.0,0.0
2023-06-30,SO0002L09P,S,SO,0.0,0,0.0,0.0
2023-06-30,SO0005L04P,S,SO,0.0,0,0.0,0.0
2023-06-30,SO0500M24P,S,SO,0.0,0,0.0,0.0
2023-06-30,SOP001L12P,S,SOP,0.0,0,0.0,0.0
2023-06-30,SOS001L12P,S,SOS,0.0,0,0.0,0.0
2023-06-30,SOS002L09P,S,SOS,0.0,0,0.0,0.0
2023-06-30,SOS003L04P,S,SOS,0.0,0,0.0,0.0
2023-06-30,SOS005L04P,S,SOS,0.0,0,0.0,0.0
2023-06-30,SOS008L02P,S,SOS,0.0,0,0.0,0.0
2023-06-30,SOS250M48P,S,SOS,0.0,0,0.0,0.0
2023-06-30,SOS500M24P,S,SOS,0.0,0,0.0,0.0
2023-07-01,AT5X5K,A,AT,0.0,0,0.0,0.0
2023-07-01,ATN01K24P,A,ATN,0.0,0,0.0,0.0
2023-07-01,ATN02K12P,A,ATN,0.0,0,0.0,0.0
2023-07-01,ATPA1K24P,A,ATPA,0.0,0,0.0,0.0
2023-07-01,ATPPCH5X5K,A,ATPPCH,0.0,0,0.0,0.0
2023-07-01,ATWWP001K24P,A,ATWWP,0.0,0,0.0,0.0
2023-07-01,ATWWP002K12P,A,ATWWP,0.0,0,0.0,0.0
2023-07-01,EEA200G24P,E,EEA,0.0,0,0.0,0.0
2023-07-01,EEA500G12P,E,EEA,0.0,0,0.0,0.0
2023-07-01,MAC1K25P,M,MAC,0.0,0,0.0,0.0
2023-07-01,MAHS025K,M,MAHS,0.0,0,0.0,0.0
2023-07-01,MAP1K25P,M,MAP,0.0,0,0.0,0.0
2023-07-01,MAPA1K24P,M,MAPA,0.0,0,0.0,0.0
2023-07-01,MAR01K24P,M,MAR,0.0,0,0.0,0.0
2023-07-01,MAR02K12P,M,MAR,0.0,0,0.0,0.0
2023-07-01,MASR025K,M,MASR,0.0,0,0.0,0.0
2023-07-01,POP001L12P,P,POP,0.0,0,0.0,0.0
2023-07-01,POP002L09P,P,POP,0.0,0,0.0,0.0
2023-07-01,POP005L04P,P,POP,0.0,0,0.0,0.0
2023-07-01,POP015K,P,POP,0.0,0,0.0,0.0
2023-07-01,POP500M24P,P,POP,0.0,0,0.0,0.0
2023-07-01,POPF01L12P,P,POPF,0.0,0,0.0,0.0
2023-07-01,POV001L24P,P,POV,0.0,0,0.0,0.0
2023-07-01,POV002L09P,P,POV,0.0,0,0.0,0.0
2023-07-01,POV005L04P,P,POV,0.0,0,0.0,0.0
2023-07-01,POV500M24P,P,POV,0.0,0,0.0,0.0
2023-07-01,SE200G24P,S,SE,0.0,0,0.0,0.0
2023-07-01,SE500G24P,S,SE,0.0,0,0.0,0.0
2023-07-01,SO0001L12P,S,SO,0.0,0,0.0,0.0
2023-07-01,SO0002L09P,S,SO,0.0,0,0.0,0.0
2023-07-01,SO0005L04P,S,SO,0.0,0,0.0,0.0
2023-07-01,SO0500M24P,S,SO,0.0,0,0.0,0.0
2023-07-01,SOP001L12P,S,SOP,0.0,0,0.0,0.0
2023-07-01,SOS001L12P,S,SOS,0.0,0,0.0,0.0
2023-07-01,SOS002L09P,S,SOS,0.0,0,0.0,0.0
2023-07-01,SOS003L04P,S,SOS,0.0,0,0.0,0.0
2023-07-01,SOS005L04P,S,SOS,0.0,0,0.0,0.0
2023-07-01,SOS008L02P,S,SOS,0.0,0,0.0,0.0
2023-07-01,SOS250M48P,S,SOS,0.0,0,0.0,0.0
2023-07-01,SOS500M24P,S,SOS,0.0,0,0.0,0.0
2023-07-02,AT5X5K,A,AT,700.0,0,94.0,280.0
2023-07-02,ATN01K24P,A,ATN,3881.0,0,732.4,1080.0
2023-07-02,ATN02K12P,A,ATN,70.0,0,111.16,30.0
2023-07-02,ATPA1K24P,A,ATPA,0.0,0,0.0,0.0
2023-07-02,ATPPCH5X5K,A,ATPPCH,0.0,0,0.0,0.0
2023-07-02,ATWWP001K24P,A,ATWWP,0.0,0,12.04,0.0
2023-07-02,ATWWP002K12P,A,ATWWP,0.0,0,0.0,0.0
2023-07-02,EEA200G24P,E,EEA,0.0,0,0.0,0.0
2023-07-02,EEA500G12P,E,EEA,0.0,0,0.0,0.0
2023-07-02,MAC1K25P,M,MAC,0.0,0,0.0,0.0
2023-07-02,MAHS025K,M,MAHS,0.0,0,50.0,0.0
2023-07-02,MAP1K25P,M,MAP,0.0,0,0.0,0.0
2023-07-02,MAPA1K24P,M,MAPA,0.0,0,0.0,0.0
2023-07-02,MAR01K24P,M,MAR,1190.0,0,182.3,60.0
2023-07-02,MAR02K12P,M,MAR,0.0,0,30.4,0.0
2023-07-02,MASR025K,M,MASR,12.0,0,0.0,0.0
2023-07-02,POP001L12P,P,POP,1549.9999999999993,0,464.0000000000002,1000.0
2023-07-02,POP002L09P,P,POP,307.0000000000001,0,32.00000000000001,230.0
2023-07-02,POP005L04P,P,POP,50.0,0,20.0,0.0
2023-07-02,POP015K,P,POP,0.0,0,0.0,0.0
2023-07-02,POP500M24P,P,POP,475.0,0,286.0000000000001,150.0
2023-07-02,POPF01L12P,P,POPF,234.0,0,56.0,100.0
2023-07-02,POV001L24P,P,POV,629.9999999999999,0,402.0,470.0
2023-07-02,POV002L09P,P,POV,185.0000000000001,0,134.0,190.0
2023-07-02,POV005L04P,P,POV,95.0,0,25.0,0.0
2023-07-02,POV500M24P,P,POV,371.9999999999999,0,90.0,20.0
2023-07-02,SE200G24P,S,SE,11.0,0,16.0,0.0
2023-07-02,SE500G24P,S,SE,708.0,0,238.2,185.0
2023-07-02,SO0001L12P,S,SO,0.0,0,0.0,0.0
2023-07-02,SO0002L09P,S,SO,0.0,0,0.0,0.0
2023-07-02,SO0005L04P,S,SO,0.0,0,0.0,0.0
2023-07-02,SO0500M24P,S,SO,0.0,0,0.0,0.0
2023-07-02,SOP001L12P,S,SOP,55.0,0,0.0,40.0
2023-07-02,SOS001L12P,S,SOS,4788.000000000003,0,1302.0,330.0
2023-07-02,SOS002L09P,S,SOS,4627.999999999998,0,1076.001026570048,1220.0
2023-07-02,SOS003L04P,S,SOS,830.9999999999995,0,58.0,6.0
2023-07-02,SOS005L04P,S,SOS,4667.0,0,1220.0,1205.0
2023-07-02,SOS008L02P,S,SOS,370.0,100,302.0,0.0
2023-07-02,SOS250M48P,S,SOS,385.0,0,120.0,0.0
2023-07-02,SOS500M24P,S,SOS,2463.000000000001,0,417.0,40.0
2023-07-03,AT5X5K,A,AT,1531.0,400,282.0,160.0
2023-07-03,ATN01K24P,A,ATN,4813.875,3000,2123.875,1100.0
2023-07-03,ATN02K12P,A,ATN,105.0,500,148.0,450.0
2023-07-03,ATPA1K24P,A,ATPA,0.0,0,0.0,0.0
2023-07-03,ATPPCH5X5K,A,ATPPCH,0.0,0,0.0,0.0
2023-07-03,ATWWP001K24P,A,ATWWP,42.29166666666666,0,22.26266666666666,0.0
2023-07-03,ATWWP002K12P,A,ATWWP,0.0,0,0.0,0.0
2023-07-03,EEA200G24P,E,EEA,0.0,0,0.0,0.0
2023-07-03,EEA500G12P,E,EEA,0.0,0,0.0,0.0
2023-07-03,MAC1K25P,M,MAC,0.0,0,0.0,0.0
2023-07-03,MAHS025K,M,MAHS,0.0,0,0.0,16.0
2023-07-03,MAP1K25P,M,MAP,0.0,0,0.0,0.0
2023-07-03,MAPA1K24P,M,MAPA,0.0,0,0.0,0.0
2023-07-03,MAR01K24P,M,MAR,1521.0,1000,576.0,175.0
2023-07-03,MAR02K12P,M,MAR,15.0,300,0.0,0.0
2023-07-03,MASR025K,M,MASR,0.0,0,0.0,100.0
2023-07-03,POP001L12P,P,POP,2830.0,4,1526.0,680.0
2023-07-03,POP002L09P,P,POP,535.0,0,58.00000000000001,135.0
2023-07-03,POP005L04P,P,POP,116.0,0,25.0,4.0
2023-07-03,POP015K,P,POP,0.0,0,0.0,0.0
2023-07-03,POP500M24P,P,POP,540.9999999999999,0,208.0,150.0
2023-07-03,POPF01L12P,P,POPF,115.0,0,149.0,0.0
2023-07-03,POV001L24P,P,POV,2331.0,0,824.0,1165.0
2023-07-03,POV002L09P,P,POV,870.0,0,246.0,774.0
2023-07-03,POV005L04P,P,POV,335.0,1,107.0,229.0
2023-07-03,POV500M24P,P,POV,1245.0,0,829.0,625.0
2023-07-03,SE200G24P,S,SE,45.0,0,0.0,0.0
2023-07-03,SE500G24P,S,SE,861.0,0,345.0,20.0
2023-07-03,SO0001L12P,S,SO,0.0,0,0.0,0.0
2023-07-03,SO0002L09P,S,SO,0.0,0,0.0,0.0
2023-07-03,SO0005L04P,S,SO,0.0,0,0.0,0.0
2023-07-03,SO0500M24P,S,SO,0.0,0,0.0,0.0
2023-07-03,SOP001L12P,S,SOP,110.0,0,22.0,30.0
2023-07-03,SOS001L12P,S,SOS,5733.999999999997,0,3744.000000000003,1893.0
2023-07-03,SOS002L09P,S,SOS,4911.999999999999,0,2174.400000000001,4020.0
2023-07-03,SOS003L04P,S,SOS,1095.999999999999,0,575.0999999999997,475.0
2023-07-03,SOS005L04P,S,SOS,6123.999999999999,0,4260.25,2187.0
2023-07-03,SOS008L02P,S,SOS,215.0,906,585.0,950.0
2023-07-03,SOS250M48P,S,SOS,274.0,0,126.0,0.0
2023-07-03,SOS500M24P,S,SOS,2735.0,0,2148.082971014493,1439.0
2023-07-04,AT5X5K,A,AT,928.0,800,1429.0,1500.0
2023-07-04,ATN01K24P,A,ATN,4835.375,3500,3690.125,3468.0
2023-07-04,ATN02K12P,A,ATN,604.0,600,637.0,100.0
2023-07-04,ATPA1K24P,A,ATPA,0.0,0,0.0,0.0
2023-07-04,ATPPCH5X5K,A,ATPPCH,0.0,0,0.0,0.0
2023-07-04,ATWWP001K24P,A,ATWWP,9.0,0,7.251,0.0
2023-07-04,ATWWP002K12P,A,ATWWP,0.0,0,0.0,0.0
2023-07-04,EEA200G24P,E,EEA,0.0,0,0.0,0.0
2023-07-04,EEA500G12P,E,EEA,0.0,0,0.0,0.0
2023-07-04,MAC1K25P,M,MAC,0.0,0,0.0,0.0
2023-07-04,MAHS025K,M,MAHS,5.0,0,16.0,0.0
2023-07-04,MAP1K25P,M,MAP,0.0,0,0.0,0.0
2023-07-04,MAPA1K24P,M,MAPA,0.0,0,0.0,0.0
2023-07-04,MAR01K24P,M,MAR,1396.0,1500,767.75,758.0
2023-07-04,MAR02K12P,M,MAR,98.0,0,130.0,0.0
2023-07-04,MASR025K,M,MASR,65.0,29,12.0,0.0
2023-07-04,POP001L12P,P,POP,3016.0,1000,2790.0,1172.0
2023-07-04,POP002L09P,P,POP,405.0000000000001,252,305.0000000000001,297.0
2023-07-04,POP005L04P,P,POP,156.0,0,99.0,5.0
2023-07-04,POP015K,P,POP,0.0,0,0.0,0.0
2023-07-04,POP500M24P,P,POP,613.9999999999999,300,735.0000000000001,328.0
2023-07-04,POPF01L12P,P,POPF,195.0,200,54.00000000000001,144.0
2023-07-04,POV001L24P,P,POV,2528.0,1200,1405.0,1150.0
2023-07-04,POV002L09P,P,POV,970.0,1017,646.0000000000001,478.0
2023-07-04,POV005L04P,P,POV,370.0,401,148.0,75.0
2023-07-04,POV500M24P,P,POV,1267.0,400,1036.0,900.0
2023-07-04,SE200G24P,S,SE,153.0,0,45.0,0.0
2023-07-04,SE500G24P,S,SE,951.0,500,369.0,980.0
2023-07-04,SO0001L12P,S,SO,0.0,0,0.0,0.0
2023-07-04,SO0002L09P,S,SO,0.0,0,0.0,0.0
2023-07-04,SO0005L04P,S,SO,0.0,0,0.0,0.0
2023-07-04,SO0500M24P,S,SO,0.0,0,0.0,0.0
2023-07-04,SOP001L12P,S,SOP,150.0,0,49.99999999999999,0.0
2023-07-04,SOS001L12P,S,SOS,5859.000000000002,0,5662.000000000001,3280.0
2023-07-04,SOS002L09P,S,SOS,6212.0,0,4883.999999999999,7955.0
2023-07-04,SOS003L04P,S,SOS,1057.0,0,1325.0,960.0
2023-07-04,SOS005L04P,S,SOS,5561.999999999999,0,5147.0,2974.0
2023-07-04,SOS008L02P,S,SOS,960.0,1009,640.0,340.0
2023-07-04,SOS250M48P,S,SOS,231.0,0,86.0,0.0
2023-07-04,SOS500M24P,S,SOS,2740.000000000002,0,2619.000000000001,1859.0
2023-07-05,AT5X5K,A,AT,403.0,1500,840.0010000000001,985.0
2023-07-05,ATN01K24P,A,ATN,4577.458,4000,4712.041666666667,5885.0
2023-07-05,ATN02K12P,A,ATN,604.417,0,295.0,150.0
2023-07-05,ATPA1K24P,A,ATPA,0.0,0,0.0,0.0
2023-07-05,ATPPCH5X5K,A,ATPPCH,0.0,0,0.0,0.0
2023-07-05,ATWWP001K24P,A,ATWWP,6.5,0,4.0,0.0
2023-07-05,ATWWP002K12P,A,ATWWP,6.5,0,0.0,0.0
2023-07-05,EEA200G24P,E,EEA,0.0,0,0.0,0.0
2023-07-05,EEA500G12P,E,EEA,0.0,0,0.0,0.0
2023-07-05,MAC1K25P,M,MAC,15.0,0,0.0,0.0
2023-07-05,MAHS025K,M,MAHS,65.0,0,0.0,5.0
2023-07-05,MAP1K25P,M,MAP,0.0,0,0.0,0.0
2023-07-05,MAPA1K24P,M,MAPA,0.0,0,0.0,0.0
2023-07-05,MAR01K24P,M,MAR,1207.542,2000,1868.0,2085.0
2023-07-05,MAR02K12P,M,MAR,289.25,0,120.0,0.0
2023-07-05,MASR025K,M,MASR,20.0,100,98.0,75.0
2023-07-05,POP001L12P,P,POP,5820.0,402,1646.0,1200.0
2023-07-05,POP002L09P,P,POP,527.0,200,473.0,195.0
2023-07-05,POP005L04P,P,POP,97.0,0,58.0,10.0
2023-07-05,POP015K,P,POP,0.0,0,0.0,0.0
2023-07-05,POP500M24P,P,POP,591.9999999999999,100,380.0000000000001,270.0
2023-07-05,POPF01L12P,P,POPF,120.0,102,14.0,0.0
2023-07-05,POV001L24P,P,POV,2055.0,1510,2330.0,1100.0
2023-07-05,POV002L09P,P,POV,1055.0,500,1147.110012210012,475.0
2023-07-05,POV005L04P,P,POV,237.0,150,450.0,345.0
2023-07-05,POV500M24P,P,POV,1033.0,601,1248.0,477.0
2023-07-05,SE200G24P,S,SE,85.20791666666666,200,5.0,140.0
2023-07-05,SE500G24P,S,SE,992.333,1000,847.0,1500.0
2023-07-05,SO0001L12P,S,SO,0.0,0,0.0,0.0
2023-07-05,SO0002L09P,S,SO,0.0,0,0.0,0.0
2023-07-05,SO0005L04P,S,SO,0.0,0,0.0,0.0
2023-07-05,SO0500M24P,S,SO,0.0,0,0.0,0.0
2023-07-05,SOP001L12P,S,SOP,346.4999999999999,220,49.99999999999999,50.0
2023-07-05,SOS001L12P,S,SOS,5557.250000000003,0,5212.000000000002,2595.0
2023-07-05,SOS002L09P,S,SOS,5541.109963768113,3000,6237.998973429952,3721.0
2023-07-05,SOS003L04P,S,SOS,972.4999999999998,0,1013.0,360.0
2023-07-05,SOS005L04P,S,SOS,5700.499999999998,2502,4901.999999999999,3211.0
2023-07-05,SOS008L02P,S,SOS,423.4999999999999,0,429.9999999999999,250.0
2023-07-05,SOS250M48P,S,SOS,182.0,0,6.999999999999999,0.0
2023-07-05,SOS500M24P,S,SOS,1900.0,0,2200.000000000001,1040.0
2023-07-06,AT5X5K,A,AT,1248.0,1500,220.999,500.0
2023-07-06,ATN01K24P,A,ATN,6287.0,4500,3907.874666666667,3851.0
2023-07-06,ATN02K12P,A,ATN,982.0,0,732.9960000000001,800.0
2023-07-06,ATPA1K24P,A,ATPA,0.0,0,0.0,0.0
2023-07-06,ATPPCH5X5K,A,ATPPCH,0.0,0,0.0,0.0
2023-07-06,ATWWP001K24P,A,ATWWP,5.0,0,12.5,9.0
2023-07-06,ATWWP002K12P,A,ATWWP,1.0,0,0.0,0.0
2023-07-06,EEA200G24P,E,EEA,0.0,0,0.0,0.0
2023-07-06,EEA500G12P,E,EEA,0.0,0,0.0,0.0
2023-07-06,MAC1K25P,M,MAC,0.0,45,0.0,0.0
2023-07-06,MAHS025K,M,MAHS,222.0,0,0.0,0.0
2023-07-06,MAP1K25P,M,MAP,0.0,0,0.0,0.0
2023-07-06,MAPA1K24P,M,MAPA,0.0,0,0.0,0.0
2023-07-06,MAR01K24P,M,MAR,1400.0,1500,768.542,1390.0
2023-07-06,MAR02K12P,M,MAR,63.0,0,344.25,550.0
2023-07-06,MASR025K,M,MASR,21.0,0,187.0,170.0
2023-07-06,POP001L12P,P,POP,2364.0,1710,1988.0,2090.0
2023-07-06,POP002L09P,P,POP,225.0000000000001,201,332.0000000000001,165.0
2023-07-06,POP005L04P,P,POP,82.00000000000001,0,177.0,62.0
2023-07-06,POP015K,P,POP,0.0,0,0.0,0.0
2023-07-06,POP500M24P,P,POP,341.0,500,368.0,95.0
2023-07-06,POPF01L12P,P,POPF,120.0,105,126.0,150.0
2023-07-06,POV001L24P,P,POV,3341.0,1201,1667.0,1275.0
2023-07-06,POV002L09P,P,POV,1764.0,801,535.0000000000001,412.0
2023-07-06,POV005L04P,P,POV,855.0,200,155.0,90.0
2023-07-06,POV500M24P,P,POV,2615.0,10,676.0000000000001,347.0
2023-07-06,SE200G24P,S,SE,97.0,152,120.0,40.0
2023-07-06,SE500G24P,S,SE,1223.0,1000,879.333,365.0
2023-07-06,SO0001L12P,S,SO,0.0,0,0.0,0.0
2023-07-06,SO0002L09P,S,SO,0.0,0,0.0,0.0
2023-07-06,SO0005L04P,S,SO,0.0,0,0.0,0.0
2023-07-06,SO0500M24P,S,SO,0.0,0,0.0,0.0
2023-07-06,SOP001L12P,S,SOP,126.0,154,85.5,180.0
2023-07-06,SOS001L12P,S,SOS,8686.999999999996,4000,6340.250000000001,3787.0
2023-07-06,SOS002L09P,S,SOS,8372.000000000005,3000,6046.332971014494,5630.0
2023-07-06,SOS003L04P,S,SOS,1737.0,0,999.4999999999995,690.0
2023-07-06,SOS005L04P,S,SOS,9994.0,6500,6943.499999999999,5887.0
2023-07-06,SOS008L02P,S,SOS,99.0,1216,467.4999999999999,800.0
2023-07-06,SOS250M48P,S,SOS,244.9999999999999,0,32.00099637681159,0.0
2023-07-06,SOS500M24P,S,SOS,3326.000000000004,1200,2295.999999999999,1177.0
2023-07-07,AT5X5K,A,AT,0.0,1000,494.0,730.0
2023-07-07,ATN01K24P,A,ATN,0.0,5000,2633.0,4660.0
2023-07-07,ATN02K12P,A,ATN,0.0,1000,333.0,450.0
2023-07-07,ATPA1K24P,A,ATPA,0.0,0,0.0,0.0
2023-07-07,ATPPCH5X5K,A,ATPPCH,0.0,0,0.0,0.0
2023-07-07,ATWWP001K24P,A,ATWWP,0.0,0,3.0,0.0
2023-07-07,ATWWP002K12P,A,ATWWP,0.0,0,0.0,0.0
2023-07-07,EEA200G24P,E,EEA,0.0,0,0.0,0.0
2023-07-07,EEA500G12P,E,EEA,0.0,0,0.0,0.0
2023-07-07,MAC1K25P,M,MAC,0.0,0,0.0,45.0
2023-07-07,MAHS025K,M,MAHS,0.0,0,0.0,30.0
2023-07-07,MAP1K25P,M,MAP,0.0,0,0.0,0.0
2023-07-07,MAPA1K24P,M,MAPA,0.0,0,0.0,0.0
2023-07-07,MAR01K24P,M,MAR,0.0,1000,536.0,1221.0
2023-07-07,MAR02K12P,M,MAR,0.0,303,5.0,0.0
2023-07-07,MASR025K,M,MASR,0.0,211,0.0,105.0
2023-07-07,POP001L12P,P,POP,0.0,0,2808.0,2460.0
2023-07-07,POP002L09P,P,POP,0.0,0,30.0,30.0
2023-07-07,POP005L04P,P,POP,0.0,0,0.0,0.0
2023-07-07,POP015K,P,POP,0.0,0,0.0,0.0
2023-07-07,POP500M24P,P,POP,0.0,701,0.0,0.0
2023-07-07,POPF01L12P,P,POPF,0.0,9,155.0,105.0
2023-07-07,POV001L24P,P,POV,0.0,1008,850.9999999999999,863.0
2023-07-07,POV002L09P,P,POV,0.0,0,684.0,654.0
2023-07-07,POV005L04P,P,POV,0.0,0,140.0,140.0
2023-07-07,POV500M24P,P,POV,0.0,1801,597.0000000000001,594.0
2023-07-07,SE200G24P,S,SE,0.0,0,0.0,108.0
2023-07-07,SE500G24P,S,SE,0.0,1200,645.0,1100.0
2023-07-07,SO0001L12P,S,SO,0.0,0,0.0,0.0
2023-07-07,SO0002L09P,S,SO,0.0,0,0.0,0.0
2023-07-07,SO0005L04P,S,SO,0.0,0,0.0,0.0
2023-07-07,SO0500M24P,S,SO,0.0,0,0.0,0.0
2023-07-07,SOP001L12P,S,SOP,0.0,302,65.0,115.0
2023-07-07,SOS001L12P,S,SOS,0.0,4011,2641.999999999999,2099.0
2023-07-07,SOS002L09P,S,SOS,0.0,4007,2820.0,2714.0
2023-07-07,SOS003L04P,S,SOS,0.0,0,505.9999999999999,723.0
2023-07-07,SOS005L04P,S,SOS,0.0,3003,3709.0,2025.0
2023-07-07,SOS008L02P,S,SOS,0.0,0,55.99999999999999,146.0
2023-07-07,SOS250M48P,S,SOS,0.0,0,0.0,0.0
2023-07-07,SOS500M24P,S,SOS,0.0,0,1164.0,965.0
2023-07-08,AT5X5K,A,AT,69.4,0,1071.0,905.0
2023-07-08,ATN01K24P,A,ATN,272.13,5000,4909.67,2754.0
2023-07-08,ATN02K12P,A,ATN,369.0,0,854.0,315.0
2023-07-08,ATPA1K24P,A,ATPA,0.0,0,0.0,0.0
2023-07-08,ATPPCH5X5K,A,ATPPCH,0.0,0,0.0,0.0
2023-07-08,ATWWP001K24P,A,ATWWP,1.46,0,11.4,0.0
2023-07-08,ATWWP002K12P,A,ATWWP,2.0,0,0.0,0.0
2023-07-08,EEA200G24P,E,EEA,0.0,0,0.0,0.0
2023-07-08,EEA500G12P,E,EEA,0.0,0,0.0,0.0
2023-07-08,MAC1K25P,M,MAC,0.0,0,0.0,0.0
2023-07-08,MAHS025K,M,MAHS,0.0,240,25.0,34.0
2023-07-08,MAP1K25P,M,MAP,0.0,0,0.0,0.0
2023-07-08,MAPA1K24P,M,MAPA,0.0,0,0.0,0.0
2023-07-08,MAR01K24P,M,MAR,256.66,800,1474.0,920.0
2023-07-08,MAR02K12P,M,MAR,143.0,0,84.0,10.0
2023-07-08,MASR025K,M,MASR,238.0,100,26.0,25.0
2023-07-08,POP001L12P,P,POP,452.0,5006,1418.0,2180.0
2023-07-08,POP002L09P,P,POP,30.0,0,73.0,0.0
2023-07-08,POP005L04P,P,POP,20.0,100,60.0,0.0
2023-07-08,POP015K,P,POP,0.0,0,0.0,0.0
2023-07-08,POP500M24P,P,POP,88.99999999999999,500,234.0,575.0
2023-07-08,POPF01L12P,P,POPF,25.0,0,104.0,0.0
2023-07-08,POV001L24P,P,POV,309.0,6813,1177.0,2020.0
2023-07-08,POV002L09P,P,POV,330.0,0,411.0000000000001,165.0
2023-07-08,POV005L04P,P,POV,211.0,1501,122.0,120.0
2023-07-08,POV500M24P,P,POV,190.0,1551,348.0,965.0
2023-07-08,SE200G24P,S,SE,0.0,71,172.0,0.0
2023-07-08,SE500G24P,S,SE,73.5,800,1031.0,515.0
2023-07-08,SO0001L12P,S,SO,0.0,0,0.0,0.0
2023-07-08,SO0002L09P,S,SO,0.0,0,0.0,0.0
2023-07-08,SO0005L04P,S,SO,0.0,0,0.0,0.0
2023-07-08,SO0500M24P,S,SO,0.0,0,0.0,0.0
2023-07-08,SOP001L12P,S,SOP,30.67001811594202,0,148.0,70.0
2023-07-08,SOS001L12P,S,SOS,1063.079981884058,0,5437.416032608696,2877.0
2023-07-08,SOS002L09P,S,SOS,1103.219987922706,4001,5373.887016908212,3739.0
2023-07-08,SOS003L04P,S,SOS,204.0,0,1044.0,390.0
2023-07-08,SOS005L04P,S,SOS,2584.5,3017,5583.499999999997,3013.0
2023-07-08,SOS008L02P,S,SOS,201.0,0,647.0000000000001,60.0
2023-07-08,SOS250M48P,S,SOS,10.0,0,114.8960144927536,0.0
2023-07-08,SOS500M24P,S,SOS,512.9999999999999,0,1880.0,822.0
2023-07-09,AT5X5K,A,AT,2103.0,0,869.0,900.0
2023-07-09,ATN01K24P,A,ATN,8819.417,5000,3544.295,7800.0
2023-07-09,ATN02K12P,A,ATN,1675.827,0,411.0,1105.0
2023-07-09,ATPA1K24P,A,ATPA,0.0,0,0.0,0.0
2023-07-09,ATPPCH5X5K,A,ATPPCH,0.0,0,0.0,0.0
2023-07-09,ATWWP001K24P,A,ATWWP,62.0,0,3.0,2.0
2023-07-09,ATWWP002K12P,A,ATWWP,0.0,0,0.0,0.0
2023-07-09,EEA200G24P,E,EEA,0.0,0,0.0,0.0
2023-07-09,EEA500G12P,E,EEA,0.0,0,0.0,0.0
2023-07-09,MAC1K25P,M,MAC,10.0,0,0.0,0.0
2023-07-09,MAHS025K,M,MAHS,0.0,0,200.0,220.0
2023-07-09,MAP1K25P,M,MAP,0.0,0,0.0,0.0
2023-07-09,MAPA1K24P,M,MAPA,0.0,0,0.0,0.0
2023-07-09,MAR01K24P,M,MAR,1607.417,830,1160.08,2013.0
2023-07-09,MAR02K12P,M,MAR,29.0,0,57.0,0.0
2023-07-09,MASR025K,M,MASR,200.0,0,131.0,0.0
2023-07-09,POP001L12P,P,POP,6032.000000000002,2000,1190.0000000000002,3920.0
2023-07-09,POP002L09P,P,POP,511.0000000000001,201,177.0,240.0
2023-07-09,POP005L04P,P,POP,136.0,0,56.0,74.0
2023-07-09,POP015K,P,POP,0.0,0,0.0,0.0
2023-07-09,POP500M24P,P,POP,734.9999999999999,502,506.9999999999999,1215.0
2023-07-09,POPF01L12P,P,POPF,65.0,0,0.0,0.0
2023-07-09,POV001L24P,P,POV,4290.0,2004,2273.0,4803.0
2023-07-09,POV002L09P,P,POV,1215.0,806,250.0000000000001,470.0
2023-07-09,POV005L04P,P,POV,365.0,500,554.0,1290.0
2023-07-09,POV500M24P,P,POV,2213.0,1500,1820.0,3520.0
2023-07-09,SE200G24P,S,SE,187.0,0,0.0,136.0
2023-07-09,SE500G24P,S,SE,1675.0,500,914.0,1390.0
2023-07-09,SO0001L12P,S,SO,0.0,0,0.0,0.0
2023-07-09,SO0002L09P,S,SO,0.0,0,0.0,0.0
2023-07-09,SO0005L04P,S,SO,0.0,0,0.0,0.0
2023-07-09,SO0500M24P,S,SO,0.0,0,0.0,0.0
2023-07-09,SOP001L12P,S,SOP,160.0,403,146.0,120.0
2023-07-09,SOS001L12P,S,SOS,14251.6599637681,3523,4010.0,4558.0
2023-07-09,SOS002L09P,S,SOS,8778.000000000004,3004,4171.0,4369.0
2023-07-09,SOS003L04P,S,SOS,1886.000000000002,0,836.9999999999995,916.0
2023-07-09,SOS005L04P,S,SOS,10717.25,4503,5302.0,5588.0
2023-07-09,SOS008L02P,S,SOS,290.0,0,135.0,460.0
2023-07-09,SOS250M48P,S,SOS,511.9999999999996,0,15.0,0.0
2023-07-09,SOS500M24P,S,SOS,4971.000000000002,1506,2024.082971014493,1605.0
2023-07-10,AT5X5K,A,AT,1189.0,1000,1415.4,1258.0
2023-07-10,ATN01K24P,A,ATN,4087.0,6000,7636.709999999999,6896.0
2023-07-10,ATN02K12P,A,ATN,555.0,1000,1671.248,1184.0
2023-07-10,ATPA1K24P,A,ATPA,0.0,0,0.0,0.0
2023-07-10,ATPPCH5X5K,A,ATPPCH,0.0,0,0.0,0.0
2023-07-10,ATWWP001K24P,A,ATWWP,17.0,0,21.874,15.0
2023-07-10,ATWWP002K12P,A,ATWWP,0.0,0,0.0,0.0
2023-07-10,EEA200G24P,E,EEA,0.0,0,0.0,0.0
2023-07-10,EEA500G12P,E,EEA,0.0,0,0.0,0.0
2023-07-10,MAC1K25P,M,MAC,0.0,0,25.0,0.0
2023-07-10,MAHS025K,M,MAHS,5.0,0,32.0,2.0
2023-07-10,MAP1K25P,M,MAP,0.0,0,0.0,0.0
2023-07-10,MAPA1K24P,M,MAPA,0.0,0,0.0,0.0
2023-07-10,MAR01K24P,M,MAR,795.0,1000,1523.58,2153.0
2023-07-10,MAR02K12P,M,MAR,8.0,0,86.0,200.0
2023-07-10,MASR025K,M,MASR,315.0,100,40.0,175.0
2023-07-10,POP001L12P,P,POP,2897.9999999999995,4488,1289.9999999999998,2220.0
2023-07-10,POP002L09P,P,POP,310.0000000000001,200,20.0,40.0
2023-07-10,POP005L04P,P,POP,66.0,200,0.0,30.0
2023-07-10,POP015K,P,POP,0.0,0,0.0,0.0
2023-07-10,POP500M24P,P,POP,421.9999999999999,503,584.0000000000001,310.0
2023-07-10,POPF01L12P,P,POPF,88.0,805,0.0,0.0
2023-07-10,POV001L24P,P,POV,2360.0,2005,3316.0,3570.0
2023-07-10,POV002L09P,P,POV,952.0,801,530.0000000000001,680.0
2023-07-10,POV005L04P,P,POV,467.0,800,420.0,389.0
2023-07-10,POV500M24P,P,POV,1520.0,1807,1649.0,1908.0
2023-07-10,SE200G24P,S,SE,60.0,200,124.0,16.0
2023-07-10,SE500G24P,S,SE,1121.0,1300,1314.5,550.0
2023-07-10,SO0001L12P,S,SO,0.0,0,0.0,0.0
2023-07-10,SO0002L09P,S,SO,0.0,0,0.0,0.0
2023-07-10,SO0005L04P,S,SO,0.0,0,0.0,0.0
2023-07-10,SO0500M24P,S,SO,0.0,0,0.0,0.0
2023-07-10,SOP001L12P,S,SOP,159.0,100,39.67001811594203,0.0
2023-07-10,SOS001L12P,S,SOS,6860.416032608694,13004,8105.07998188406,7052.0
2023-07-10,SOS002L09P,S,SOS,5536.999999999998,3001,4629.221014492753,2751.0
2023-07-10,SOS003L04P,S,SOS,915.9999999999995,0,1107.0,788.0
2023-07-10,SOS005L04P,S,SOS,5997.0,14000,6929.499999999999,3395.0
2023-07-10,SOS008L02P,S,SOS,128.0,1006,206.0,70.0
2023-07-10,SOS250M48P,S,SOS,484.9999999999998,0,12.0,0.0
2023-07-10,SOS500M24P,S,SOS,3291.000000000002,4804,2979.917028985509,3166.0
2023-07-11,AT5X5K,A,AT,237.0,1000,1067.2,1452.0
2023-07-11,ATN01K24P,A,ATN,4334.166666666667,6000,4358.500333333333,5922.0
2023-07-11,ATN02K12P,A,ATN,417.4166666666667,1500,712.0,375.0
2023-07-11,ATPA1K24P,A,ATPA,0.0,0,0.0,0.0
2023-07-11,ATPPCH5X5K,A,ATPPCH,0.0,0,0.0,0.0
2023-07-11,ATWWP001K24P,A,ATWWP,13.0,0,7.0,7.0
2023-07-11,ATWWP002K12P,A,ATWWP,5.0,0,0.0,0.0
2023-07-11,EEA200G24P,E,EEA,0.0,0,0.0,0.0
2023-07-11,EEA500G12P,E,EEA,0.0,0,0.0,0.0
2023-07-11,MAC1K25P,M,MAC,0.0,1,0.0,2.0
2023-07-11,MAHS025K,M,MAHS,55.0,0,24.0,5.0
2023-07-11,MAP1K25P,M,MAP,0.0,0,0.0,0.0
2023-07-11,MAPA1K24P,M,MAPA,0.0,0,0.0,0.0
2023-07-11,MAR01K24P,M,MAR,481.0,1250,984.667,894.0
2023-07-11,MAR02K12P,M,MAR,100.0,0,93.0,0.0
2023-07-11,MASR025K,M,MASR,20.0,100,182.0,155.0
2023-07-11,POP001L12P,P,POP,4786.0,1000,3026.0,2220.0
2023-07-11,POP002L09P,P,POP,266.0,201,131.0,272.0
2023-07-11,POP005L04P,P,POP,48.0,100,23.0,48.0
2023-07-11,POP015K,P,POP,0.0,0,0.0,0.0
2023-07-11,POP500M24P,P,POP,511.0,203,597.0,552.0
2023-07-11,POPF01L12P,P,POPF,302.0,505,231.0,256.0
2023-07-11,POV001L24P,P,POV,1091.0,4006,3466.999999999999,2931.0
2023-07-11,POV002L09P,P,POV,629.0000000000003,796,998.0,1135.0
2023-07-11,POV005L04P,P,POV,210.0,501,435.0,505.0
2023-07-11,POV500M24P,P,POV,778.0,1000,2206.0,1718.0
2023-07-11,SE200G24P,S,SE,53.0,101,32.0,184.0
2023-07-11,SE500G24P,S,SE,364.0,600,1032.0,1395.0
2023-07-11,SO0001L12P,S,SO,0.0,0,0.0,0.0
2023-07-11,SO0002L09P,S,SO,0.0,0,0.0,0.0
2023-07-11,SO0005L04P,S,SO,0.0,0,0.0,0.0
2023-07-11,SO0500M24P,S,SO,0.0,0,0.0,0.0
2023-07-11,SOP001L12P,S,SOP,337.9999999999999,106,4.0,0.0
2023-07-11,SOS001L12P,S,SOS,5008.999999999999,7111,9292.659963768116,7976.0
2023-07-11,SOS002L09P,S,SOS,4000.999999999999,3008,4835.223007246378,4603.0
2023-07-11,SOS003L04P,S,SOS,858.9999999999994,0,1054.0,1550.0
2023-07-11,SOS005L04P,S,SOS,5827.999999999999,8073,7303.749999999999,5223.0
2023-07-11,SOS008L02P,S,SOS,826.0,0,195.9999999999999,80.0
2023-07-11,SOS250M48P,S,SOS,114.0,0,38.99999999999999,0.0
2023-07-11,SOS500M24P,S,SOS,2124.000000000001,2501,3563.000000000001,2098.0
2023-07-12,AT5X5K,A,AT,507.0,1000,469.0,735.0
2023-07-12,ATN01K24P,A,ATN,2816.0,3500,4621.0,5360.0
2023-07-12,ATN02K12P,A,ATN,975.5,1000,448.0,530.0
2023-07-12,ATPA1K24P,A,ATPA,0.0,0,0.0,0.0
2023-07-12,ATPPCH5X5K,A,ATPPCH,0.0,0,0.0,0.0
2023-07-12,ATWWP001K24P,A,ATWWP,1.0,1200,0.0,0.0
2023-07-12,ATWWP002K12P,A,ATWWP,11.0,414,0.0,0.0
2023-07-12,EEA200G24P,E,EEA,0.0,0,0.0,0.0
2023-07-12,EEA500G12P,E,EEA,0.0,0,0.0,0.0
2023-07-12,MAC1K25P,M,MAC,0.0,0,0.0,0.0
2023-07-12,MAHS025K,M,MAHS,5.0,0,0.0,0.0
2023-07-12,MAP1K25P,M,MAP,0.0,0,0.0,0.0
2023-07-12,MAPA1K24P,M,MAPA,0.0,0,0.0,0.0
2023-07-12,MAR01K24P,M,MAR,358.0,500,523.0,580.0
2023-07-12,MAR02K12P,M,MAR,141.0,0,126.0,0.0
2023-07-12,MASR025K,M,MASR,10.0,0,69.0,10.0
2023-07-12,POP001L12P,P,POP,580.0,2732,3192.000000000002,1290.0
2023-07-12,POP002L09P,P,POP,45.00000000000001,201,217.0000000000001,227.0
2023-07-12,POP005L04P,P,POP,10.0,0,118.0,129.0
2023-07-12,POP015K,P,POP,0.0,0,0.0,0.0
2023-07-12,POP500M24P,P,POP,81.00000000000001,305,411.9999999999999,360.0
2023-07-12,POPF01L12P,P,POPF,0.0,0,125.0,100.0
2023-07-12,POV001L24P,P,POV,565.0,2503,1621.0,1160.0
2023-07-12,POV002L09P,P,POV,160.0,802,611.0,419.0
2023-07-12,POV005L04P,P,POV,25.0,0,454.0,110.0
2023-07-12,POV500M24P,P,POV,244.0000000000001,1205,1347.0,1115.0
2023-07-12,SE200G24P,S,SE,35.0,0,123.0,15.0
2023-07-12,SE500G24P,S,SE,705.0,600,635.0,880.0
2023-07-12,SO0001L12P,S,SO,0.0,0,0.0,0.0
2023-07-12,SO0002L09P,S,SO,0.0,0,0.0,0.0
2023-07-12,SO0005L04P,S,SO,0.0,0,0.0,0.0
2023-07-12,SO0500M24P,S,SO,0.0,0,0.0,0.0
2023-07-12,SOP001L12P,S,SOP,24.0,0,548.0,563.0
2023-07-12,SOS001L12P,S,SOS,7130.999999999998,9002,6227.999999999999,3156.0
2023-07-12,SOS002L09P,S,SOS,5060.000000000001,3010,3549.000000000001,2603.0
2023-07-12,SOS003L04P,S,SOS,1150.0,0,888.9999999999997,172.0
2023-07-12,SOS005L04P,S,SOS,9233.0,7502,6052.999999999998,3715.0
2023-07-12,SOS008L02P,S,SOS,423.9999999999999,0,161.0,155.0
2023-07-12,SOS250M48P,S,SOS,63.0,0,0.0,0.0
2023-07-12,SOS500M24P,S,SOS,2477.0,4806,2252.0,1862.0
2023-07-13,AT5X5K,A,AT,1044.0,800,512.0,310.0
2023-07-13,ATN01K24P,A,ATN,4135.5,5000,3393.583333333333,3937.0
2023-07-13,ATN02K12P,A,ATN,822.0,500,1069.833333333333,1450.0
2023-07-13,ATPA1K24P,A,ATPA,0.0,0,0.0,0.0
2023-07-13,ATPPCH5X5K,A,ATPPCH,0.0,0,0.0,0.0
2023-07-13,ATWWP001K24P,A,ATWWP,125.0,503,3.6,1476.0
2023-07-13,ATWWP002K12P,A,ATWWP,5.0,0,36.0,233.0
2023-07-13,EEA200G24P,E,EEA,0.0,0,0.0,0.0
2023-07-13,EEA500G12P,E,EEA,0.0,0,0.0,0.0
2023-07-13,MAC1K25P,M,MAC,0.0,0,0.0,0.0
2023-07-13,MAHS025K,M,MAHS,42.0,60,5.0,5.0
2023-07-13,MAP1K25P,M,MAP,0.0,0,0.0,0.0
2023-07-13,MAPA1K24P,M,MAPA,0.0,0,0.0,0.0
2023-07-13,MAR01K24P,M,MAR,872.0,300,646.75,588.0
2023-07-13,MAR02K12P,M,MAR,124.0,200,71.0,165.0
2023-07-13,MASR025K,M,MASR,252.0,100,12.0,80.0
2023-07-13,POP001L12P,P,POP,2926.0000000000005,2430,4528.0,3516.0
2023-07-13,POP002L09P,P,POP,235.0,201,109.0,84.0
2023-07-13,POP005L04P,P,POP,74.0,0,51.00000000000001,10.0
2023-07-13,POP015K,P,POP,0.0,0,0.0,0.0
2023-07-13,POP500M24P,P,POP,362.9999999999999,202,306.0000000000001,80.0
2023-07-13,POPF01L12P,P,POPF,265.0,0,0.0,0.0
2023-07-13,POV001L24P,P,POV,2330.000000000001,0,964.0,734.0
2023-07-13,POV002L09P,P,POV,849.9999999999999,803,200.0,170.0
2023-07-13,POV005L04P,P,POV,236.0,0,97.0,60.0
2023-07-13,POV500M24P,P,POV,1206.0,801,658.0000000000001,200.0
2023-07-13,SE200G24P,S,SE,82.00000000000001,1,95.0,87.0
2023-07-13,SE500G24P,S,SE,1367.0,500,702.0,727.0
2023-07-13,SO0001L12P,S,SO,0.0,0,0.0,0.0
2023-07-13,SO0002L09P,S,SO,0.0,0,0.0,0.0
2023-07-13,SO0005L04P,S,SO,0.0,0,0.0,0.0
2023-07-13,SO0500M24P,S,SO,0.0,0,0.0,0.0
2023-07-13,SOP001L12P,S,SOP,89.99999999999999,300,0.0,79.0
2023-07-13,SOS001L12P,S,SOS,7112.499999999996,12002,6068.000000000001,7879.0
2023-07-13,SOS002L09P,S,SOS,5853.999999999998,8551,1905.999999999999,1673.0
2023-07-13,SOS003L04P,S,SOS,1510.999999999999,0,1137.0,363.0
2023-07-13,SOS005L04P,S,SOS,8526.0,12503,5744.999999999998,10329.0
2023-07-13,SOS008L02P,S,SOS,140.0,1505,584.0,356.0
2023-07-13,SOS250M48P,S,SOS,173.0,0,25.0,0.0
2023-07-13,SOS500M24P,S,SOS,2532.000000000001,5005,2129.0,3736.0
2023-07-14,AT5X5K,A,AT,0.0,800,547.0,833.0
2023-07-14,ATN01K24P,A,ATN,0.0,4000,1284.0,1221.0
2023-07-14,ATN02K12P,A,ATN,0.0,0,269.0,550.0
2023-07-14,ATPA1K24P,A,ATPA,0.0,0,0.0,0.0
2023-07-14,ATPPCH5X5K,A,ATPPCH,0.0,0,0.0,0.0
2023-07-14,ATWWP001K24P,A,ATWWP,0.0,0,64.0,8.0
2023-07-14,ATWWP002K12P,A,ATWWP,0.0,0,1.0,0.0
2023-07-14,EEA200G24P,E,EEA,0.0,0,0.0,0.0
2023-07-14,EEA500G12P,E,EEA,0.0,0,0.0,0.0
2023-07-14,MAC1K25P,M,MAC,0.0,0,22.0,0.0
2023-07-14,MAHS025K,M,MAHS,0.0,0,0.0,55.0
2023-07-14,MAP1K25P,M,MAP,0.0,0,0.0,0.0
2023-07-14,MAPA1K24P,M,MAPA,0.0,0,0.0,0.0
2023-07-14,MAR01K24P,M,MAR,0.0,200,203.0,465.0
2023-07-14,MAR02K12P,M,MAR,0.0,300,4.0,254.0
2023-07-14,MASR025K,M,MASR,0.0,100,10.0,145.0
2023-07-14,POP001L12P,P,POP,0.0,570,1028.0,1288.0
2023-07-14,POP002L09P,P,POP,0.0,0,85.00000000000001,280.0
2023-07-14,POP005L04P,P,POP,0.0,0,30.0,0.0
2023-07-14,POP015K,P,POP,0.0,0,0.0,0.0
2023-07-14,POP500M24P,P,POP,0.0,200,45.0,185.0
2023-07-14,POPF01L12P,P,POPF,0.0,0,0.0,0.0
2023-07-14,POV001L24P,P,POV,0.0,0,835.9999999999999,423.0
2023-07-14,POV002L09P,P,POV,0.0,0,393.0000000000001,385.0
2023-07-14,POV005L04P,P,POV,0.0,0,171.0,150.0
2023-07-14,POV500M24P,P,POV,0.0,313,534.0000000000001,375.0
2023-07-14,SE200G24P,S,SE,0.0,0,7.000000000000001,0.0
2023-07-14,SE500G24P,S,SE,0.0,700,532.0,670.0
2023-07-14,SO0001L12P,S,SO,0.0,0,0.0,0.0
2023-07-14,SO0002L09P,S,SO,0.0,0,0.0,0.0
2023-07-14,SO0005L04P,S,SO,0.0,0,0.0,0.0
2023-07-14,SO0500M24P,S,SO,0.0,0,0.0,0.0
2023-07-14,SOP001L12P,S,SOP,0.0,0,6.999999999999999,200.0
2023-07-14,SOS001L12P,S,SOS,0.0,3352,3377.999999999999,8208.0
2023-07-14,SOS002L09P,S,SOS,0.0,2213,2834.999999999999,3940.0
2023-07-14,SOS003L04P,S,SOS,0.0,0,905.9999999999998,703.0
2023-07-14,SOS005L04P,S,SOS,0.0,3028,3638.0,7684.0
2023-07-14,SOS008L02P,S,SOS,0.0,0,4.999999999999999,155.0
2023-07-14,SOS250M48P,S,SOS,0.0,0,0.0,0.0
2023-07-14,SOS500M24P,S,SOS,0.0,2499,955.0,2861.0
2023-07-15,AT5X5K,A,AT,29.4,350,608.0,415.0
2023-07-15,ATN01K24P,A,ATN,269.542,500,2628.916666666667,2000.0
2023-07-15,ATN02K12P,A,ATN,324.0,800,1025.416666666667,1100.0
2023-07-15,ATPA1K24P,A,ATPA,0.0,0,0.0,0.0
2023-07-15,ATPPCH5X5K,A,ATPPCH,0.0,0,0.0,0.0
2023-07-15,ATWWP001K24P,A,ATWWP,12.708,0,140.251,0.0
2023-07-15,ATWWP002K12P,A,ATWWP,10.583,0,36.0,50.0
2023-07-15,EEA200G24P,E,EEA,0.0,0,0.0,0.0
2023-07-15,EEA500G12P,E,EEA,0.0,0,0.0,0.0
2023-07-15,MAC1K25P,M,MAC,0.0,0,0.0,0.0
2023-07-15,MAHS025K,M,MAHS,0.0,47,10.0,42.0
2023-07-15,MAP1K25P,M,MAP,0.0,0,0.0,0.0
2023-07-15,MAPA1K24P,M,MAPA,0.0,0,0.0,0.0
2023-07-15,MAR01K24P,M,MAR,80.167,200,537.0,120.0
2023-07-15,MAR02K12P,M,MAR,127.583,101,155.0,120.0
2023-07-15,MASR025K,M,MASR,0.0,200,107.0,60.0
2023-07-15,POP001L12P,P,POP,30.0,3604,3452.0,1940.0
2023-07-15,POP002L09P,P,POP,0.0,0,260.0,70.0
2023-07-15,POP005L04P,P,POP,0.0,0,80.0,30.0
2023-07-15,POP015K,P,POP,0.0,0,0.0,0.0
2023-07-15,POP500M24P,P,POP,10.0,0,272.0,45.0
2023-07-15,POPF01L12P,P,POPF,0.0,0,40.0,0.0
2023-07-15,POV001L24P,P,POV,99.0,1500,1257.0,510.0
2023-07-15,POV002L09P,P,POV,98.0,0,937.0,933.0
2023-07-15,POV005L04P,P,POV,127.0,0,242.0,90.0
2023-07-15,POV500M24P,P,POV,41.0,0,781.0,560.0
2023-07-15,SE200G24P,S,SE,0.1670833333333334,121,44.00000000000001,80.0
2023-07-15,SE500G24P,S,SE,82.083,500,693.0,450.0
2023-07-15,SO0001L12P,S,SO,0.0,0,0.0,0.0
2023-07-15,SO0002L09P,S,SO,0.0,0,0.0,0.0
2023-07-15,SO0005L04P,S,SO,0.0,0,0.0,0.0
2023-07-15,SO0500M24P,S,SO,0.0,0,0.0,0.0
2023-07-15,SOP001L12P,S,SOP,21.0,150,212.0,200.0
2023-07-15,SOS001L12P,S,SOS,958.5,3079,4030.5,4081.0
2023-07-15,SOS002L09P,S,SOS,872.4440217391302,0,3219.000000000001,2742.0
2023-07-15,SOS003L04P,S,SOS,312.0,0,380.9999999999999,240.0
2023-07-15,SOS005L04P,S,SOS,3660.999999999999,3061,5254.0,4380.0
2023-07-15,SOS008L02P,S,SOS,15.5,3004,140.0,170.0
2023-07-15,SOS250M48P,S,SOS,10.0,1000,470.0,462.0
2023-07-15,SOS500M24P,S,SOS,236.0,0,2171.0,1950.0
2023-07-16,AT5X5K,A,AT,852.0,350,462.4,120.0
2023-07-16,ATN01K24P,A,ATN,7324.0,1500,2817.083666666667,2270.0
2023-07-16,ATN02K12P,A,ATN,1165.083333333333,700,525.25,377.0
2023-07-16,ATPA1K24P,A,ATPA,0.0,0,0.0,0.0
2023-07-16,ATPPCH5X5K,A,ATPPCH,0.0,0,0.0,0.0
2023-07-16,ATWWP001K24P,A,ATWWP,156.0,0,87.08300000000001,0.0
2023-07-16,ATWWP002K12P,A,ATWWP,1.0,0,48.583,30.0
2023-07-16,EEA200G24P,E,EEA,0.0,0,0.0,0.0
2023-07-16,EEA500G12P,E,EEA,0.0,0,0.0,0.0
2023-07-16,MAC1K25P,M,MAC,0.0,0,0.0,0.0
2023-07-16,MAHS025K,M,MAHS,35.0,2,57.0,0.0
2023-07-16,MAP1K25P,M,MAP,0.0,0,0.0,0.0
2023-07-16,MAPA1K24P,M,MAPA,0.0,0,0.0,0.0
2023-07-16,MAR01K24P,M,MAR,1110.0,200,409.417,62.0
2023-07-16,MAR02K12P,M,MAR,110.0,0,131.583,107.0
2023-07-16,MASR025K,M,MASR,145.0,19,193.0,0.0
2023-07-16,POP001L12P,P,POP,2341.999999999999,2176,940.0,2156.0
2023-07-16,POP002L09P,P,POP,197.0000000000001,202,128.0,21.0
2023-07-16,POP005L04P,P,POP,28.0,0,5.0,64.0
2023-07-16,POP015K,P,POP,0.0,0,0.0,0.0
2023-07-16,POP500M24P,P,POP,463.9999999999999,0,145.0,260.0
2023-07-16,POPF01L12P,P,POPF,610.0000000000001,0,186.0,450.0
2023-07-16,POV001L24P,P,POV,2636.0,1526,1071.0,2012.0
2023-07-16,POV002L09P,P,POV,547.0,840,746.9999999999999,360.0
2023-07-16,POV005L04P,P,POV,385.0,0,209.0,115.0
2023-07-16,POV500M24P,P,POV,1416.0,0,457.0000000000001,600.0
2023-07-16,SE200G24P,S,SE,30.0,0,20.0,39.0
2023-07-16,SE500G24P,S,SE,1043.0,500,455.083,92.0
2023-07-16,SO0001L12P,S,SO,0.0,0,0.0,0.0
2023-07-16,SO0002L09P,S,SO,0.0,0,0.0,0.0
2023-07-16,SO0005L04P,S,SO,0.0,0,0.0,0.0
2023-07-16,SO0500M24P,S,SO,0.0,0,0.0,0.0
2023-07-16,SOP001L12P,S,SOP,25.0,106,178.0,60.0
2023-07-16,SOS001L12P,S,SOS,8652.000000000004,3003,3523.083967391305,3515.0
2023-07-16,SOS002L09P,S,SOS,6870.000000000003,3005,3753.44402173913,4020.0
2023-07-16,SOS003L04P,S,SOS,1613.0,1012,406.9999999999999,445.0
2023-07-16,SOS005L04P,S,SOS,8727.000000000002,3004,4510.999999999998,5150.0
2023-07-16,SOS008L02P,S,SOS,1090.0,0,472.4999999999999,580.0
2023-07-16,SOS250M48P,S,SOS,220.9999999999999,3296,200.0,640.0
2023-07-16,SOS500M24P,S,SOS,4169.000000000003,0,1978.0,1159.0
2023-07-17,AT5X5K,A,AT,677.0,700,458.0,310.0
2023-07-17,ATN01K24P,A,ATN,4766.92,4500,4618.5,3286.0
2023-07-17,ATN02K12P,A,ATN,634.0,1184,873.0,50.0
2023-07-17,ATPA1K24P,A,ATPA,0.0,0,0.0,0.0
2023-07-17,ATPPCH5X5K,A,ATPPCH,0.0,0,0.0,0.0
2023-07-17,ATWWP001K24P,A,ATWWP,97.0,0,134.0,0.0
2023-07-17,ATWWP002K12P,A,ATWWP,0.0,0,43.0,0.0
2023-07-17,EEA200G24P,E,EEA,0.0,0,0.0,0.0
2023-07-17,EEA500G12P,E,EEA,0.0,0,0.0,0.0
2023-07-17,MAC1K25P,M,MAC,10.0,0,0.0,0.0
2023-07-17,MAHS025K,M,MAHS,120.0,0,45.0,10.0
2023-07-17,MAP1K25P,M,MAP,0.0,0,0.0,0.0
2023-07-17,MAPA1K24P,M,MAPA,0.0,0,0.0,0.0
2023-07-17,MAR01K24P,M,MAR,845.29,1000,812.0,470.0
2023-07-17,MAR02K12P,M,MAR,29.0,202,149.0,6.0
2023-07-17,MASR025K,M,MASR,91.0,0,80.0,0.0
2023-07-17,POP001L12P,P,POP,1583.9999999999998,2258,1549.9999999999998,2500.0
2023-07-17,POP002L09P,P,POP,166.0,200,75.0,50.0
2023-07-17,POP005L04P,P,POP,65.0,0,59.0,0.0
2023-07-17,POP015K,P,POP,0.0,0,0.0,0.0
2023-07-17,POP500M24P,P,POP,360.0,302,336.0,310.0
2023-07-17,POPF01L12P,P,POPF,505.9999999999999,0,55.0,200.0
2023-07-17,POV001L24P,P,POV,1091.0,2008,1949.0,1935.0
2023-07-17,POV002L09P,P,POV,280.0000000000001,800,592.0000000000001,625.0
2023-07-17,POV005L04P,P,POV,182.0,0,163.0,170.0
2023-07-17,POV500M24P,P,POV,514.0,600,1157.0,559.0
2023-07-17,SE200G24P,S,SE,54.00000000000001,0,56.00000000000001,0.0
2023-07-17,SE500G24P,S,SE,1198.17,700,364.0,815.0
2023-07-17,SO0001L12P,S,SO,0.0,0,0.0,0.0
2023-07-17,SO0002L09P,S,SO,0.0,0,0.0,0.0
2023-07-17,SO0005L04P,S,SO,0.0,0,0.0,0.0
2023-07-17,SO0500M24P,S,SO,0.0,0,0.0,0.0
2023-07-17,SOP001L12P,S,SOP,5.670018115942028,0,12.0,41.0
2023-07-17,SOS001L12P,S,SOS,4080.000000000003,9000,6167.000000000002,5160.0
2023-07-17,SOS002L09P,S,SOS,2549.0,2712,2732.0,2975.0
2023-07-17,SOS003L04P,S,SOS,820.9999999999998,3027,799.9999999999998,1868.0
2023-07-17,SOS005L04P,S,SOS,4625.249999999999,8019,6503.0,6977.0
2023-07-17,SOS008L02P,S,SOS,340.5000000000001,0,348.0,180.0
2023-07-17,SOS250M48P,S,SOS,341.9999999999999,715,436.9999999999998,1169.0
2023-07-17,SOS500M24P,S,SOS,2214.0,0,3179.000000000001,2160.0
2023-07-18,AT5X5K,A,AT,757.0,500,600.0,560.0
2023-07-18,ATN01K24P,A,ATN,5457.125,4000,5005.999958333333,4960.0
2023-07-18,ATN02K12P,A,ATN,998.75,500,235.0,1995.0
2023-07-18,ATPA1K24P,A,ATPA,0.0,0,0.0,0.0
2023-07-18,ATPPCH5X5K,A,ATPPCH,0.0,0,0.0,0.0
2023-07-18,ATWWP001K24P,A,ATWWP,75.0,0,120.832,0.0
2023-07-18,ATWWP002K12P,A,ATWWP,11.0,0,2.0,40.0
2023-07-18,EEA200G24P,E,EEA,0.0,0,0.0,0.0
2023-07-18,EEA500G12P,E,EEA,0.0,0,0.0,0.0
2023-07-18,MAC1K25P,M,MAC,0.0,0,0.0,0.0
2023-07-18,MAHS025K,M,MAHS,105.0,60,0.0,0.0
2023-07-18,MAP1K25P,M,MAP,0.0,0,0.0,0.0
2023-07-18,MAPA1K24P,M,MAPA,0.0,0,0.0,0.0
2023-07-18,MAR01K24P,M,MAR,1373.0,700,790.0,960.0
2023-07-18,MAR02K12P,M,MAR,60.0,200,68.0,110.0
2023-07-18,MASR025K,M,MASR,130.0,250,155.0,300.0
2023-07-18,POP001L12P,P,POP,1856.0000000000002,3430,2520.0,980.0
2023-07-18,POP002L09P,P,POP,229.0000000000001,507,113.0,20.0
2023-07-18,POP005L04P,P,POP,30.0,100,23.0,0.0
2023-07-18,POP015K,P,POP,0.0,0,0.0,0.0
2023-07-18,POP500M24P,P,POP,382.0000000000001,603,437.9999999999999,60.0
2023-07-18,POPF01L12P,P,POPF,292.9999999999999,500,574.9999999999999,200.0
2023-07-18,POV001L24P,P,POV,904.0,2007,1180.0,915.0
2023-07-18,POV002L09P,P,POV,185.0,1001,394.0000000000001,340.0
2023-07-18,POV005L04P,P,POV,175.0,505,138.0,350.0
2023-07-18,POV500M24P,P,POV,558.0,2001,479.0000000000001,338.0
2023-07-18,SE200G24P,S,SE,94.0,100,43.95,47.0
2023-07-18,SE500G24P,S,SE,829.0,700,1042.0,1300.0
2023-07-18,SO0001L12P,S,SO,0.0,0,0.0,0.0
2023-07-18,SO0002L09P,S,SO,0.0,0,0.0,0.0
2023-07-18,SO0005L04P,S,SO,0.0,0,0.0,0.0
2023-07-18,SO0500M24P,S,SO,0.0,0,0.0,0.0
2023-07-18,SOP001L12P,S,SOP,30.0,0,159.0,24.0
2023-07-18,SOS001L12P,S,SOS,5216.000000000002,3004,5000.000000000002,4330.0
2023-07-18,SOS002L09P,S,SOS,3121.0,4000,3314.999999999997,2272.0
2023-07-18,SOS003L04P,S,SOS,818.9999999999998,4008,818.9999999999998,818.9999999999998
2023-07-18,SOS005L04P,S,SOS,4367.749999999999,3000,6062.999999999999,5212.0
2023-07-18,SOS008L02P,S,SOS,78.0,0,75.0,470.0
2023-07-18,SOS250M48P,S,SOS,222.0,0,937.0,455.0
2023-07-18,SOS500M24P,S,SOS,1803.999999999999,2005,2939.0,1839.0
2023-07-19,AT5X5K,A,AT,1382.0,500,337.0,360.0
2023-07-19,ATN01K24P,A,ATN,5481.5,4500,4898.25,4317.0
2023-07-19,ATN02K12P,A,ATN,731.6666666666666,300,1336.333333333333,404.0
2023-07-19,ATPA1K24P,A,ATPA,0.0,0,0.0,0.0
2023-07-19,ATPPCH5X5K,A,ATPPCH,0.0,0,0.0,0.0
2023-07-19,ATWWP001K24P,A,ATWWP,80.0,0,80.0,0.0
2023-07-19,ATWWP002K12P,A,ATWWP,13.0,0,5.0,0.0
2023-07-19,EEA200G24P,E,EEA,0.0,0,0.0,0.0
2023-07-19,EEA500G12P,E,EEA,0.0,0,0.0,0.0
2023-07-19,MAC1K25P,M,MAC,60.0,0,0.0,0.0
2023-07-19,MAHS025K,M,MAHS,23.0,200,5.0,40.0
2023-07-19,MAP1K25P,M,MAP,0.0,0,0.0,0.0
2023-07-19,MAPA1K24P,M,MAPA,0.0,0,0.0,0.0
2023-07-19,MAR01K24P,M,MAR,804.0,1000,1282.75,860.0
2023-07-19,MAR02K12P,M,MAR,33.0,0,82.0,200.0
2023-07-19,MASR025K,M,MASR,140.0,100,35.0,100.0
2023-07-19,POP001L12P,P,POP,7674.0,2604,3280.0,3780.0
2023-07-19,POP002L09P,P,POP,207.0,490,88.00000000000001,700.0
2023-07-19,POP005L04P,P,POP,24.0,0,35.0,100.0
2023-07-19,POP015K,P,POP,0.0,0,0.0,0.0
2023-07-19,POP500M24P,P,POP,299.0,602,359.9999999999999,697.0
2023-07-19,POPF01L12P,P,POPF,16.0,705,180.0,80.0
2023-07-19,POV001L24P,P,POV,2062.0,1015,1088.0,1225.0
2023-07-19,POV002L09P,P,POV,704.0000000000001,2001,165.0,455.0
2023-07-19,POV005L04P,P,POV,221.0,200,324.0,305.0
2023-07-19,POV500M24P,P,POV,1305.0,1008,659.0000000000001,650.0
2023-07-19,SE200G24P,S,SE,37.0,200,66.0,50.0
2023-07-19,SE500G24P,S,SE,811.0,1200,670.0,725.0
2023-07-19,SO0001L12P,S,SO,0.0,0,0.0,0.0
2023-07-19,SO0002L09P,S,SO,0.0,0,0.0,0.0
2023-07-19,SO0005L04P,S,SO,0.0,0,0.0,0.0
2023-07-19,SO0500M24P,S,SO,0.0,0,0.0,0.0
2023-07-19,SOP001L12P,S,SOP,239.0,0,0.0,0.0
2023-07-19,SOS001L12P,S,SOS,6352.000000000004,3052,5154.0,5706.0
2023-07-19,SOS002L09P,S,SOS,4514.0,15311,1485.0,8455.0
2023-07-19,SOS003L04P,S,SOS,990.9999999999995,2005,1110.0,2198.0
2023-07-19,SOS005L04P,S,SOS,6387.0,4020,4535.0,5478.0
2023-07-19,SOS008L02P,S,SOS,433.9999999999999,0,241.0,415.0
2023-07-19,SOS250M48P,S,SOS,369.9999999999999,0,403.0000000000001,135.0
2023-07-19,SOS500M24P,S,SOS,2852.000000000002,2003,1624.0,2376.0
2023-07-20,AT5X5K,A,AT,1030.0,500,1223.0,1270.0
2023-07-20,ATN01K24P,A,ATN,7009.291666666667,4500,5155.625,4742.0
2023-07-20,ATN02K12P,A,ATN,504.0,1500,977.3333333333334,790.0
2023-07-20,ATPA1K24P,A,ATPA,0.0,0,0.0,0.0
2023-07-20,ATPPCH5X5K,A,ATPPCH,0.0,0,0.0,0.0
2023-07-20,ATWWP001K24P,A,ATWWP,73.0,0,47.0,0.0
2023-07-20,ATWWP002K12P,A,ATWWP,150.0,0,35.0,0.0
2023-07-20,EEA200G24P,E,EEA,0.0,0,0.0,0.0
2023-07-20,EEA500G12P,E,EEA,0.0,0,0.0,0.0
2023-07-20,MAC1K25P,M,MAC,0.0,0,0.0,0.0
2023-07-20,MAHS025K,M,MAHS,38.0,0,8.0,5.0
2023-07-20,MAP1K25P,M,MAP,0.0,0,0.0,0.0
2023-07-20,MAPA1K24P,M,MAPA,0.0,0,0.0,0.0
2023-07-20,MAR01K24P,M,MAR,1144.0,1500,764.0,402.0
2023-07-20,MAR02K12P,M,MAR,40.0,200,137.0,0.0
2023-07-20,MASR025K,M,MASR,15.0,134,135.0,0.0
2023-07-20,POP001L12P,P,POP,3476.0,5732,3286.0,2100.0
2023-07-20,POP002L09P,P,POP,159.0,501,295.0000000000001,390.0
2023-07-20,POP005L04P,P,POP,70.99999999999999,0,15.0,0.0
2023-07-20,POP015K,P,POP,0.0,0,0.0,0.0
2023-07-20,POP500M24P,P,POP,220.0,501,305.9999999999999,85.0
2023-07-20,POPF01L12P,P,POPF,43.00000000000001,203,0.0,400.0
2023-07-20,POV001L24P,P,POV,2572.0,505,1964.0,2247.0
2023-07-20,POV002L09P,P,POV,1642.0,1359,1023.0,1135.0
2023-07-20,POV005L04P,P,POV,417.0,306,396.0,176.0
2023-07-20,POV500M24P,P,POV,1317.0,1007,949.0,1152.0
2023-07-20,SE200G24P,S,SE,77.00000000000001,100,48.0,82.0
2023-07-20,SE500G24P,S,SE,822.0,1000,992.0,535.0
2023-07-20,SO0001L12P,S,SO,0.0,0,0.0,0.0
2023-07-20,SO0002L09P,S,SO,0.0,0,0.0,0.0
2023-07-20,SO0005L04P,S,SO,0.0,0,0.0,0.0
2023-07-20,SO0500M24P,S,SO,0.0,0,0.0,0.0
2023-07-20,SOP001L12P,S,SOP,106.0,103,20.0,0.0
2023-07-20,SOS001L12P,S,SOS,7667.000000000003,4005,6656.000000000003,7305.0
2023-07-20,SOS002L09P,S,SOS,8627.000000000004,16000,8683.99897342995,11471.0
2023-07-20,SOS003L04P,S,SOS,1130.0,1505,1564.999999999999,1510.0
2023-07-20,SOS005L04P,S,SOS,7699.000000000003,6003,6489.0,7421.0
2023-07-20,SOS008L02P,S,SOS,794.9999999999999,0,584.0,174.0
2023-07-20,SOS250M48P,S,SOS,210.9999999999999,0,477.9999999999997,505.0
2023-07-20,SOS500M24P,S,SOS,2362.000000000001,4015,2524.0,2740.0
2023-07-21,AT5X5K,A,AT,0.0,1000,523.0,560.0
2023-07-21,ATN01K24P,A,ATN,0.0,6000,1786.0,3138.0
2023-07-21,ATN02K12P,A,ATN,0.0,1200,231.0,906.0
2023-07-21,ATPA1K24P,A,ATPA,0.0,0,0.0,0.0
2023-07-21,ATPPCH5X5K,A,ATPPCH,0.0,0,0.0,0.0
2023-07-21,ATWWP001K24P,A,ATWWP,0.0,0,25.0,6.0
2023-07-21,ATWWP002K12P,A,ATWWP,0.0,0,0.0,0.0
2023-07-21,EEA200G24P,E,EEA,0.0,0,0.0,0.0
2023-07-21,EEA500G12P,E,EEA,0.0,0,0.0,0.0
2023-07-21,MAC1K25P,M,MAC,0.0,0,0.0,0.0
2023-07-21,MAHS025K,M,MAHS,0.0,100,0.0,93.0
2023-07-21,MAP1K25P,M,MAP,0.0,0,0.0,0.0
2023-07-21,MAPA1K24P,M,MAPA,0.0,0,0.0,0.0
2023-07-21,MAR01K24P,M,MAR,0.0,500,225.0,450.0
2023-07-21,MAR02K12P,M,MAR,0.0,200,5.0,200.0
2023-07-21,MASR025K,M,MASR,0.0,200,0.0,100.0
2023-07-21,POP001L12P,P,POP,0.0,2204,1656.0,1390.0
2023-07-21,POP002L09P,P,POP,0.0,0,92.0,170.0
2023-07-21,POP005L04P,P,POP,0.0,0,28.0,0.0
2023-07-21,POP015K,P,POP,0.0,0,0.0,0.0
2023-07-21,POP500M24P,P,POP,0.0,0,46.00000000000001,135.0
2023-07-21,POPF01L12P,P,POPF,0.0,0,0.0,180.0
2023-07-21,POV001L24P,P,POV,0.0,1004,1380.0,1585.0
2023-07-21,POV002L09P,P,POV,0.0,0,863.9999999999999,2070.0
2023-07-21,POV005L04P,P,POV,0.0,0,280.0,470.0
2023-07-21,POV500M24P,P,POV,0.0,1002,780.0,1005.0
2023-07-21,SE200G24P,S,SE,0.0,50,6.967083333333334,90.0
2023-07-21,SE500G24P,S,SE,0.0,1000,75.0,525.0
2023-07-21,SO0001L12P,S,SO,0.0,0,0.0,0.0
2023-07-21,SO0002L09P,S,SO,0.0,0,0.0,0.0
2023-07-21,SO0005L04P,S,SO,0.0,0,0.0,0.0
2023-07-21,SO0500M24P,S,SO,0.0,0,0.0,0.0
2023-07-21,SOP001L12P,S,SOP,0.0,0,10.0,160.0
2023-07-21,SOS001L12P,S,SOS,0.0,4079,3439.0,5192.0
2023-07-21,SOS002L09P,S,SOS,0.0,4536,4576.999999999996,8128.0
2023-07-21,SOS003L04P,S,SOS,0.0,0,634.9999999999997,921.0
2023-07-21,SOS005L04P,S,SOS,0.0,5086,3506.0,7268.0
2023-07-21,SOS008L02P,S,SOS,0.0,0,344.9999999999999,980.0
2023-07-21,SOS250M48P,S,SOS,0.0,0,162.0,270.0
2023-07-21,SOS500M24P,S,SOS,0.0,2001,1408.0,1980.0
2023-07-22,AT5X5K,A,AT,0.0,500,466.0,645.0
2023-07-22,ATN01K24P,A,ATN,660.0,3500,3678.086708333334,5087.0
2023-07-22,ATN02K12P,A,ATN,498.0,477,658.0,95.0
2023-07-22,ATPA1K24P,A,ATPA,0.0,0,0.0,0.0
2023-07-22,ATPPCH5X5K,A,ATPPCH,0.0,0,0.0,0.0
2023-07-22,ATWWP001K24P,A,ATWWP,0.0,0,66.03,5.0
2023-07-22,ATWWP002K12P,A,ATWWP,7.0,0,5.0,0.0
2023-07-22,EEA200G24P,E,EEA,0.0,0,0.0,0.0
2023-07-22,EEA500G12P,E,EEA,0.0,0,0.0,0.0
2023-07-22,MAC1K25P,M,MAC,0.0,0,0.0,0.0
2023-07-22,MAHS025K,M,MAHS,0.0,0,107.0,10.0
2023-07-22,MAP1K25P,M,MAP,0.0,0,0.0,0.0
2023-07-22,MAPA1K24P,M,MAPA,0.0,0,0.0,0.0
2023-07-22,MAR01K24P,M,MAR,242.0,300,847.54,460.0
2023-07-22,MAR02K12P,M,MAR,98.0,100,97.0,45.0
2023-07-22,MASR025K,M,MASR,133.0,0,90.0,10.0
2023-07-22,POP001L12P,P,POP,20.0,2802,4994.0,7420.0
2023-07-22,POP002L09P,P,POP,10.0,301,484.0000000000002,995.0
2023-07-22,POP005L04P,P,POP,0.0,0,57.00000000000001,4.0
2023-07-22,POP015K,P,POP,0.0,0,0.0,0.0
2023-07-22,POP500M24P,P,POP,0.0,100,245.9999999999999,483.0
2023-07-22,POPF01L12P,P,POPF,80.0,0,601.9160256410255,660.0
2023-07-22,POV001L24P,P,POV,185.0,1200,1041.0,649.0
2023-07-22,POV002L09P,P,POV,100.0,2004,1366.0,1090.0
2023-07-22,POV005L04P,P,POV,30.0,303,102.0,20.0
2023-07-22,POV500M24P,P,POV,50.0,200,550.0000000000001,735.0
2023-07-22,SE200G24P,S,SE,0.0,50,110.0,67.0
2023-07-22,SE500G24P,S,SE,50.0,300,947.17,440.0
2023-07-22,SO0001L12P,S,SO,0.0,0,0.0,0.0
2023-07-22,SO0002L09P,S,SO,0.0,0,0.0,0.0
2023-07-22,SO0005L04P,S,SO,0.0,0,0.0,0.0
2023-07-22,SO0500M24P,S,SO,0.0,0,0.0,0.0
2023-07-22,SOP001L12P,S,SOP,0.0,212,171.670018115942,160.0
2023-07-22,SOS001L12P,S,SOS,686.0,4211,3439.0,4365.0
2023-07-22,SOS002L09P,S,SOS,664.9999999999998,6000,8658.00000000001,4887.0
2023-07-22,SOS003L04P,S,SOS,153.0,2000,959.9999999999995,599.0
2023-07-22,SOS005L04P,S,SOS,1583.0,2502,4150.250000000001,5917.0
2023-07-22,SOS008L02P,S,SOS,108.0,0,134.5,50.0
2023-07-22,SOS250M48P,S,SOS,6.999999999999999,0,83.0,40.0
2023-07-22,SOS500M24P,S,SOS,184.0,885,1013.0,1450.0
2023-07-23,AT5X5K,A,AT,2041.0,500,727.0,680.0
2023-07-23,ATN01K24P,A,ATN,7209.041666666667,3500,3400.375,2600.0
2023-07-23,ATN02K12P,A,ATN,1474.333333333333,0,628.3333333333334,726.0
2023-07-23,ATPA1K24P,A,ATPA,0.0,0,0.0,0.0
2023-07-23,ATPPCH5X5K,A,ATPPCH,0.0,0,0.0,0.0
2023-07-23,ATWWP001K24P,A,ATWWP,107.0,0,76.0,0.0
2023-07-23,ATWWP002K12P,A,ATWWP,4.0,0,33.0,40.0
2023-07-23,EEA200G24P,E,EEA,0.0,0,0.0,0.0
2023-07-23,EEA500G12P,E,EEA,0.0,0,0.0,0.0
2023-07-23,MAC1K25P,M,MAC,0.0,0,0.0,0.0
2023-07-23,MAHS025K,M,MAHS,40.0,513,20.0,518.0
2023-07-23,MAP1K25P,M,MAP,0.0,0,0.0,0.0
2023-07-23,MAPA1K24P,M,MAPA,0.0,0,0.0,0.0
2023-07-23,MAR01K24P,M,MAR,793.0,300,475.0,1356.0
2023-07-23,MAR02K12P,M,MAR,109.0,0,154.0,0.0
2023-07-23,MASR025K,M,MASR,365.0,14,160.0,220.0
2023-07-23,POP001L12P,P,POP,6184.0,2574,3296.0,4154.0
2023-07-23,POP002L09P,P,POP,378.0000000000002,304,327.0000000000001,428.0
2023-07-23,POP005L04P,P,POP,125.0,0,15.0,0.0
2023-07-23,POP015K,P,POP,0.0,0,0.0,0.0
2023-07-23,POP500M24P,P,POP,848.0000000000001,102,428.9999999999999,184.0
2023-07-23,POPF01L12P,P,POPF,272.0,100,225.0,62.0
2023-07-23,POV001L24P,P,POV,4394.999999999999,504,612.0,940.0
2023-07-23,POV002L09P,P,POV,1380.0,1000,840.0,1270.0
2023-07-23,POV005L04P,P,POV,278.0000000000001,103,115.0,180.0
2023-07-23,POV500M24P,P,POV,2380.0,303,465.0000000000001,610.0
2023-07-23,SE200G24P,S,SE,73.0,0,18.0,0.0
2023-07-23,SE500G24P,S,SE,1200.0,300,598.0,350.0
2023-07-23,SO0001L12P,S,SO,0.0,0,0.0,0.0
2023-07-23,SO0002L09P,S,SO,0.0,0,0.0,0.0
2023-07-23,SO0005L04P,S,SO,0.0,0,0.0,0.0
2023-07-23,SO0500M24P,S,SO,0.0,0,0.0,0.0
2023-07-23,SOP001L12P,S,SOP,220.0,100,50.99999999999999,0.0
2023-07-23,SOS001L12P,S,SOS,8816.82998188405,3004,3159.416032608697,5181.0
2023-07-23,SOS002L09P,S,SOS,5982.000000000001,6003,5135.0,8220.0
2023-07-23,SOS003L04P,S,SOS,1185.0,1510,506.0,750.0
2023-07-23,SOS005L04P,S,SOS,6183.999999999998,2500,2615.0,3000.0
2023-07-23,SOS008L02P,S,SOS,249.0,0,118.0,108.0
2023-07-23,SOS250M48P,S,SOS,674.0,0,106.0,120.0
2023-07-23,SOS500M24P,S,SOS,4241.000000000002,1003,944.9999999999995,1195.0
2023-07-24,AT5X5K,A,AT,2937.0,1000,1164.0,1383.0
2023-07-24,ATN01K24P,A,ATN,10994.95833333333,5000,4744.871666666667,5702.0
2023-07-24,ATN02K12P,A,ATN,1533.0,0,1275.25,930.0
2023-07-24,ATPA1K24P,A,ATPA,0.0,0,0.0,0.0
2023-07-24,ATPPCH5X5K,A,ATPPCH,0.0,0,0.0,0.0
2023-07-24,ATWWP001K24P,A,ATWWP,162.0,0,85.0,5.0
2023-07-24,ATWWP002K12P,A,ATWWP,80.0,0,0.0,0.0
2023-07-24,EEA200G24P,E,EEA,0.0,0,0.0,0.0
2023-07-24,EEA500G12P,E,EEA,0.0,0,0.0,0.0
2023-07-24,MAC1K25P,M,MAC,5.0,78,0.0,78.0
2023-07-24,MAHS025K,M,MAHS,135.0,0,123.0,155.0
2023-07-24,MAP1K25P,M,MAP,0.0,0,0.0,0.0
2023-07-24,MAPA1K24P,M,MAPA,0.0,0,0.0,0.0
2023-07-24,MAR01K24P,M,MAR,1416.0,1000,529.0,1042.0
2023-07-24,MAR02K12P,M,MAR,132.0,200,30.0,200.0
2023-07-24,MASR025K,M,MASR,283.0,400,240.0,250.0
2023-07-24,POP001L12P,P,POP,1679.9999999999998,4008,2668.000000000001,1740.0
2023-07-24,POP002L09P,P,POP,189.0,201,479.0,60.0
2023-07-24,POP005L04P,P,POP,57.00000000000001,0,37.0,5.0
2023-07-24,POP015K,P,POP,0.0,0,0.0,0.0
2023-07-24,POP500M24P,P,POP,400.0,501,447.0,280.0
2023-07-24,POPF01L12P,P,POPF,99.0,253,331.0839743589743,0.0
2023-07-24,POV001L24P,P,POV,1729.0,3508,3525.999999999999,3610.0
2023-07-24,POV002L09P,P,POV,702.9999999999999,1007,1341.0,1656.0
2023-07-24,POV005L04P,P,POV,225.0,103,213.0,208.0
2023-07-24,POV500M24P,P,POV,985.0,1802,1721.0,1592.0
2023-07-24,SE200G24P,S,SE,78.0,0,38.0,0.0
2023-07-24,SE500G24P,S,SE,766.0,700,772.0,1550.0
2023-07-24,SO0001L12P,S,SO,0.0,0,0.0,0.0
2023-07-24,SO0002L09P,S,SO,0.0,0,0.0,0.0
2023-07-24,SO0005L04P,S,SO,0.0,0,0.0,0.0
2023-07-24,SO0500M24P,S,SO,0.0,0,0.0,0.0
2023-07-24,SOP001L12P,S,SOP,110.0,203,10.0,0.0
2023-07-24,SOS001L12P,S,SOS,5584.000000000002,4011,6478.82998188406,7469.0
2023-07-24,SOS002L09P,S,SOS,4226.0,5007,6004.999999999999,7445.0
2023-07-24,SOS003L04P,S,SOS,899.9999999999995,1207,1024.0,926.0
2023-07-24,SOS005L04P,S,SOS,5064.999999999998,4004,5166.750000000001,4960.0
2023-07-24,SOS008L02P,S,SOS,409.9999999999999,0,63.99999999999999,270.0
2023-07-24,SOS250M48P,S,SOS,180.0,0,590.9999999999998,545.0
2023-07-24,SOS500M24P,S,SOS,2326.000000000001,2002,3265.0,2702.0
2023-07-25,AT5X5K,A,AT,1560.0,1500,1906.0,1641.0
2023-07-25,ATN01K24P,A,ATN,4150.0,6000,6608.458333333333,6016.0
2023-07-25,ATN02K12P,A,ATN,310.0,1200,925.25,1655.0
2023-07-25,ATPA1K24P,A,ATPA,0.0,0,0.0,0.0
2023-07-25,ATPPCH5X5K,A,ATPPCH,0.0,0,0.0,0.0
2023-07-25,ATWWP001K24P,A,ATWWP,0.0,0,97.0,10.0
2023-07-25,ATWWP002K12P,A,ATWWP,0.0,0,32.0,0.0
2023-07-25,EEA200G24P,E,EEA,0.0,0,0.0,0.0
2023-07-25,EEA500G12P,E,EEA,0.0,0,0.0,0.0
2023-07-25,MAC1K25P,M,MAC,0.0,0,0.0,0.0
2023-07-25,MAHS025K,M,MAHS,0.0,120,20.0,25.0
2023-07-25,MAP1K25P,M,MAP,0.0,0,0.0,0.0
2023-07-25,MAPA1K24P,M,MAPA,0.0,0,0.0,0.0
2023-07-25,MAR01K24P,M,MAR,120.0,1000,1018.0,393.0
2023-07-25,MAR02K12P,M,MAR,0.0,0,187.0,0.0
2023-07-25,MASR025K,M,MASR,0.0,0,131.0,55.0
2023-07-25,POP001L12P,P,POP,1800.0,4614,4020.0,6140.0
2023-07-25,POP002L09P,P,POP,100.0,400,348.0000000000001,310.0
2023-07-25,POP005L04P,P,POP,0.0,0,15.0,10.0
2023-07-25,POP015K,P,POP,0.0,0,0.0,0.0
2023-07-25,POP500M24P,P,POP,100.0,202,216.0,625.0
2023-07-25,POPF01L12P,P,POPF,400.0,0,218.0,231.0
2023-07-25,POV001L24P,P,POV,1442.0,1020,1655.0,3020.0
2023-07-25,POV002L09P,P,POV,270.0000000000001,202,1018.0,816.0
2023-07-25,POV005L04P,P,POV,410.0,0,105.0,60.0
2023-07-25,POV500M24P,P,POV,1060.0,502,739.0,1940.0
2023-07-25,SE200G24P,S,SE,0.0,0,52.0,50.0
2023-07-25,SE500G24P,S,SE,380.0,700,555.0,840.0
2023-07-25,SO0001L12P,S,SO,0.0,0,0.0,0.0
2023-07-25,SO0002L09P,S,SO,0.0,0,0.0,0.0
2023-07-25,SO0005L04P,S,SO,0.0,0,0.0,0.0
2023-07-25,SO0500M24P,S,SO,0.0,0,0.0,0.0
2023-07-25,SOP001L12P,S,SOP,0.0,0,69.99999999999999,160.0
2023-07-25,SOS001L12P,S,SOS,6589.999999999999,5950,5485.0,7595.0
2023-07-25,SOS002L09P,S,SOS,1090.0,4015,4802.000000000002,7189.0
2023-07-25,SOS003L04P,S,SOS,60.0,1003,916.9999999999994,1465.0
2023-07-25,SOS005L04P,S,SOS,1032.0,4006,4484.999999999999,6014.0
2023-07-25,SOS008L02P,S,SOS,20.0,0,276.0,735.0
2023-07-25,SOS250M48P,S,SOS,0.0,0,393.0000000000001,360.0
2023-07-25,SOS500M24P,S,SOS,1390.0,1874,2329.000000000001,3233.0
2023-07-26,AT5X5K,A,AT,501.0,2000,1459.0,1455.0
2023-07-26,ATN01K24P,A,ATN,5388.0,6000,6872.0,5167.0
2023-07-26,ATN02K12P,A,ATN,680.5,1500,1391.0,575.0
2023-07-26,ATPA1K24P,A,ATPA,0.0,0,0.0,0.0
2023-07-26,ATPPCH5X5K,A,ATPPCH,0.0,0,0.0,0.0
2023-07-26,ATWWP001K24P,A,ATWWP,54.0,0,83.0,0.0
2023-07-26,ATWWP002K12P,A,ATWWP,0.0,0,3.0,0.0
2023-07-26,EEA200G24P,E,EEA,0.0,0,0.0,0.0
2023-07-26,EEA500G12P,E,EEA,0.0,0,0.0,0.0
2023-07-26,MAC1K25P,M,MAC,0.0,5,48.0,5.0
2023-07-26,MAHS025K,M,MAHS,200.0,0,68.0,125.0
2023-07-26,MAP1K25P,M,MAP,25.0,0,0.0,0.0
2023-07-26,MAPA1K24P,M,MAPA,0.0,0,0.0,0.0
2023-07-26,MAR01K24P,M,MAR,584.0,1000,867.0,965.0
2023-07-26,MAR02K12P,M,MAR,165.0,200,143.0,20.0
2023-07-26,MASR025K,M,MASR,155.0,82,170.0,335.0
2023-07-26,POP001L12P,P,POP,13484.0,2200,2690.0,2156.0
2023-07-26,POP002L09P,P,POP,262.0000000000001,303,361.0000000000001,180.0
2023-07-26,POP005L04P,P,POP,42.0,150,3.0,125.0
2023-07-26,POP015K,P,POP,0.0,0,0.0,0.0
2023-07-26,POP500M24P,P,POP,489.9999999999999,700,161.0,160.0
2023-07-26,POPF01L12P,P,POPF,50.0,408,75.00000000000001,0.0
2023-07-26,POV001L24P,P,POV,3440.0,3202,1715.0,1156.0
2023-07-26,POV002L09P,P,POV,1212.0,1014,612.0,584.0
2023-07-26,POV005L04P,P,POV,438.0,504,492.0,500.0
2023-07-26,POV500M24P,P,POV,1396.0,1485,940.0,510.0
2023-07-26,SE200G24P,S,SE,40.0,0,30.0,63.0
2023-07-26,SE500G24P,S,SE,603.0,1000,876.0,690.0
2023-07-26,SO0001L12P,S,SO,0.0,0,0.0,0.0
2023-07-26,SO0002L09P,S,SO,0.0,0,0.0,0.0
2023-07-26,SO0005L04P,S,SO,0.0,0,0.0,0.0
2023-07-26,SO0500M24P,S,SO,0.0,0,0.0,0.0
2023-07-26,SOP001L12P,S,SOP,0.0,0,40.0,30.0
2023-07-26,SOS001L12P,S,SOS,6704.999999999999,5085,4242.0,5160.0
2023-07-26,SOS002L09P,S,SOS,5976.999999999998,3013,2847.669987922704,4970.0
2023-07-26,SOS003L04P,S,SOS,1562.0,1006,578.9999999999999,530.0
2023-07-26,SOS005L04P,S,SOS,7471.999999999997,4007,3183.0,4270.0
2023-07-26,SOS008L02P,S,SOS,155.0,0,759.9999999999999,100.0
2023-07-26,SOS250M48P,S,SOS,331.9999999999999,0,156.0,50.0
2023-07-26,SOS500M24P,S,SOS,2448.000000000001,1643,2269.0,1545.0
2023-07-27,AT5X5K,A,AT,1417.0,1500,434.0,433.0
2023-07-27,ATN01K24P,A,ATN,8892.25,6500,6750.0,6888.0
2023-07-27,ATN02K12P,A,ATN,1415.25,1200,1092.5,1913.0
2023-07-27,ATPA1K24P,A,ATPA,0.0,0,0.0,0.0
2023-07-27,ATPPCH5X5K,A,ATPPCH,0.0,0,0.0,0.0
2023-07-27,ATWWP001K24P,A,ATWWP,31.0,0,54.0,8.0
2023-07-27,ATWWP002K12P,A,ATWWP,14.0,0,26.0,15.0
2023-07-27,EEA200G24P,E,EEA,0.0,0,0.0,0.0
2023-07-27,EEA500G12P,E,EEA,0.0,0,0.0,0.0
2023-07-27,MAC1K25P,M,MAC,0.0,0,5.0,0.0
2023-07-27,MAHS025K,M,MAHS,65.0,250,110.0,230.0
2023-07-27,MAP1K25P,M,MAP,440.0,0,0.0,0.0
2023-07-27,MAPA1K24P,M,MAPA,0.0,0,0.0,0.0
2023-07-27,MAR01K24P,M,MAR,1330.0,500,765.0,897.0
2023-07-27,MAR02K12P,M,MAR,165.0,0,144.0,400.0
2023-07-27,MASR025K,M,MASR,675.0,300,42.0,100.0
2023-07-27,POP001L12P,P,POP,11600.000000000002,9008,4514.0,2268.0
2023-07-27,POP002L09P,P,POP,255.0000000000001,503,376.0000000000001,211.0
2023-07-27,POP005L04P,P,POP,105.0,204,60.0,75.0
2023-07-27,POP015K,P,POP,0.0,0,0.0,0.0
2023-07-27,POP500M24P,P,POP,839.0000000000001,1500,665.0000000000001,450.0
2023-07-27,POPF01L12P,P,POPF,145.0,0,280.0,280.0
2023-07-27,POV001L24P,P,POV,7625.999999999997,4501,3267.0,2522.0
2023-07-27,POV002L09P,P,POV,2372.000000000001,2517,1115.0,810.0
2023-07-27,POV005L04P,P,POV,864.9999999999999,700,343.0000000000001,467.0
2023-07-27,POV500M24P,P,POV,4129.999999999999,3002,1647.0,1360.0
2023-07-27,SE200G24P,S,SE,47.00000000000001,0,129.0,53.0
2023-07-27,SE500G24P,S,SE,648.0,400,711.0,685.0
2023-07-27,SO0001L12P,S,SO,0.0,0,0.0,0.0
2023-07-27,SO0002L09P,S,SO,0.0,0,0.0,0.0
2023-07-27,SO0005L04P,S,SO,0.0,0,0.0,0.0
2023-07-27,SO0500M24P,S,SO,0.0,0,0.0,0.0
2023-07-27,SOP001L12P,S,SOP,161.0,0,133.0,0.0
2023-07-27,SOS001L12P,S,SOS,15067.99999999999,10005,9002.999999999998,8882.0
2023-07-27,SOS002L09P,S,SOS,8547.000000000004,8002,5699.999999999997,5920.0
2023-07-27,SOS003L04P,S,SOS,1432.0,0,1308.0,1349.0
2023-07-27,SOS005L04P,S,SOS,10390.0,9501,7031.999999999999,5541.0
2023-07-27,SOS008L02P,S,SOS,1390.0,0,400.0,570.0
2023-07-27,SOS250M48P,S,SOS,774.9999999999998,0,197.1039855072464,170.0
2023-07-27,SOS500M24P,S,SOS,5176.000000000002,5803,2376.0,2032.0
2023-07-28,AT5X5K,A,AT,0.0,2000,1730.0,1712.0
2023-07-28,ATN01K24P,A,ATN,0.0,7500,6910.0,6647.0
2023-07-28,ATN02K12P,A,ATN,0.0,1500,592.0,1349.0
2023-07-28,ATPA1K24P,A,ATPA,0.0,0,0.0,0.0
2023-07-28,ATPPCH5X5K,A,ATPPCH,0.0,0,0.0,0.0
2023-07-28,ATWWP001K24P,A,ATWWP,0.0,0,26.97,0.0
2023-07-28,ATWWP002K12P,A,ATWWP,0.0,0,3.0,3.0
2023-07-28,EEA200G24P,E,EEA,0.0,0,0.0,0.0
2023-07-28,EEA500G12P,E,EEA,0.0,0,0.0,0.0
2023-07-28,MAC1K25P,M,MAC,0.0,0,10.0,0.0
2023-07-28,MAHS025K,M,MAHS,0.0,250,220.0,0.0
2023-07-28,MAP1K25P,M,MAP,0.0,25,0.0,0.0
2023-07-28,MAPA1K24P,M,MAPA,0.0,0,0.0,0.0
2023-07-28,MAR01K24P,M,MAR,0.0,1200,682.0,815.0
2023-07-28,MAR02K12P,M,MAR,0.0,300,0.0,0.0
2023-07-28,MASR025K,M,MASR,0.0,500,45.0,17.0
2023-07-28,POP001L12P,P,POP,0.0,2000,2334.0,2034.0
2023-07-28,POP002L09P,P,POP,0.0,0,187.0,300.0
2023-07-28,POP005L04P,P,POP,0.0,0,86.0,130.0
2023-07-28,POP015K,P,POP,0.0,0,0.0,0.0
2023-07-28,POP500M24P,P,POP,0.0,0,297.0,800.0
2023-07-28,POPF01L12P,P,POPF,0.0,0,74.0,80.0
2023-07-28,POV001L24P,P,POV,0.0,0,3048.0,2022.0
2023-07-28,POV002L09P,P,POV,0.0,0,971.0,950.0
2023-07-28,POV005L04P,P,POV,0.0,0,311.0000000000001,280.0
2023-07-28,POV500M24P,P,POV,0.0,0,1442.0,1141.0
2023-07-28,SE200G24P,S,SE,0.0,0,12.0,0.0
2023-07-28,SE500G24P,S,SE,0.0,1000,829.0,340.0
2023-07-28,SO0001L12P,S,SO,0.0,0,0.0,0.0
2023-07-28,SO0002L09P,S,SO,0.0,0,0.0,0.0
2023-07-28,SO0005L04P,S,SO,0.0,0,0.0,0.0
2023-07-28,SO0500M24P,S,SO,0.0,0,0.0,0.0
2023-07-28,SOP001L12P,S,SOP,0.0,0,205.0,200.0
2023-07-28,SOS001L12P,S,SOS,0.0,12400,10079.0,9301.0
2023-07-28,SOS002L09P,S,SOS,0.0,12255,5858.999999999999,6020.0
2023-07-28,SOS003L04P,S,SOS,0.0,0,985.0,1165.0
2023-07-28,SOS005L04P,S,SOS,0.0,10711,6964.999999999999,6910.0
2023-07-28,SOS008L02P,S,SOS,0.0,0,271.9999999999999,105.0
2023-07-28,SOS250M48P,S,SOS,0.0,2,129.0,92.0
2023-07-28,SOS500M24P,S,SOS,0.0,6077,3704.0,3345.0
2023-07-29,AT5X5K,A,AT,0.0,1500,604.0,1300.0
2023-07-29,ATN01K24P,A,ATN,0.0,9000,3730.0,4466.0
2023-07-29,ATN02K12P,A,ATN,0.0,1200,374.0,823.0
2023-07-29,ATPA1K24P,A,ATPA,0.0,0,0.0,0.0
2023-07-29,ATPPCH5X5K,A,ATPPCH,0.0,0,0.0,0.0
2023-07-29,ATWWP001K24P,A,ATWWP,0.0,0,15.0,2.0
2023-07-29,ATWWP002K12P,A,ATWWP,0.0,0,0.0,0.0
2023-07-29,EEA200G24P,E,EEA,0.0,0,0.0,0.0
2023-07-29,EEA500G12P,E,EEA,0.0,0,0.0,0.0
2023-07-29,MAC1K25P,M,MAC,0.0,0,20.0,0.0
2023-07-29,MAHS025K,M,MAHS,0.0,0,30.0,0.0
2023-07-29,MAP1K25P,M,MAP,0.0,0,0.0,0.0
2023-07-29,MAPA1K24P,M,MAPA,0.0,0,0.0,0.0
2023-07-29,MAR01K24P,M,MAR,0.0,1500,473.75,505.0
2023-07-29,MAR02K12P,M,MAR,0.0,200,10.0,10.0
2023-07-29,MASR025K,M,MASR,0.0,400,775.0,720.0
2023-07-29,POP001L12P,P,POP,0.0,3616,8114.0,8404.0
2023-07-29,POP002L09P,P,POP,0.0,0,109.0,200.0
2023-07-29,POP005L04P,P,POP,0.0,0,102.0,0.0
2023-07-29,POP015K,P,POP,0.0,0,0.0,0.0
2023-07-29,POP500M24P,P,POP,0.0,0,456.0000000000001,310.0
2023-07-29,POPF01L12P,P,POPF,0.0,0,115.0,50.0
2023-07-29,POV001L24P,P,POV,0.0,5551,4343.000000000001,4005.0
2023-07-29,POV002L09P,P,POV,0.0,800,1435.0,1345.0
2023-07-29,POV005L04P,P,POV,0.0,1000,418.0000000000001,590.0
2023-07-29,POV500M24P,P,POV,0.0,3000,2384.0,2036.0
2023-07-29,SE200G24P,S,SE,0.0,0,20.0,0.0
2023-07-29,SE500G24P,S,SE,0.0,1000,294.0,505.0
2023-07-29,SO0001L12P,S,SO,0.0,0,0.0,0.0
2023-07-29,SO0002L09P,S,SO,0.0,0,0.0,0.0
2023-07-29,SO0005L04P,S,SO,0.0,0,0.0,0.0
2023-07-29,SO0500M24P,S,SO,0.0,0,0.0,0.0
2023-07-29,SOP001L12P,S,SOP,0.0,0,110.0,150.0
2023-07-29,SOS001L12P,S,SOS,0.0,6006,3454.0,4368.0
2023-07-29,SOS002L09P,S,SOS,0.0,8000,2675.0,2986.0
2023-07-29,SOS003L04P,S,SOS,0.0,0,525.0,950.0
2023-07-29,SOS005L04P,S,SOS,0.0,7000,3709.0,4181.0
2023-07-29,SOS008L02P,S,SOS,0.0,1,286.9999999999999,20.0
2023-07-29,SOS250M48P,S,SOS,0.0,0,113.0,0.0
2023-07-29,SOS500M24P,S,SOS,0.0,2002,1181.0,2880.0
2023-07-30,AT5X5K,A,AT,618.0,500,896.0,765.0
2023-07-30,ATN01K24P,A,ATN,3137.416666666667,5000,2876.125,3680.0
2023-07-30,ATN02K12P,A,ATN,589.25,200,460.25,125.0
2023-07-30,ATPA1K24P,A,ATPA,0.0,0,0.0,0.0
2023-07-30,ATPPCH5X5K,A,ATPPCH,0.0,0,0.0,0.0
2023-07-30,ATWWP001K24P,A,ATWWP,65.0,0,35.0,0.0
2023-07-30,ATWWP002K12P,A,ATWWP,16.0,0,8.0,0.0
2023-07-30,EEA200G24P,E,EEA,0.0,0,0.0,0.0
2023-07-30,EEA500G12P,E,EEA,0.0,0,0.0,0.0
2023-07-30,MAC1K25P,M,MAC,0.0,0,0.0,0.0
2023-07-30,MAHS025K,M,MAHS,85.0,0,0.0,20.0
2023-07-30,MAP1K25P,M,MAP,0.0,465,440.0,440.0
2023-07-30,MAPA1K24P,M,MAPA,0.0,0,0.0,0.0
2023-07-30,MAR01K24P,M,MAR,833.0,500,610.0,805.0
2023-07-30,MAR02K12P,M,MAR,59.0,200,16.0,10.0
2023-07-30,MASR025K,M,MASR,127.0,102,131.0,0.0
2023-07-30,POP001L12P,P,POP,5124.0,6008,6858.0,7160.0
2023-07-30,POP002L09P,P,POP,541.0000000000001,201,449.0000000000001,310.0
2023-07-30,POP005L04P,P,POP,134.0,100,84.0,160.0
2023-07-30,POP015K,P,POP,0.0,0,0.0,0.0
2023-07-30,POP500M24P,P,POP,874.0000000000001,0,558.0000000000001,705.0
2023-07-30,POPF01L12P,P,POPF,155.0,206,50.0,150.0
2023-07-30,POV001L24P,P,POV,3958.999999999998,2002,1319.0,3170.0
2023-07-30,POV002L09P,P,POV,1153.0,804,412.0,490.0
2023-07-30,POV005L04P,P,POV,540.0,500,197.0,184.0
2023-07-30,POV500M24P,P,POV,2175.0,1425,598.0,1690.0
2023-07-30,SE200G24P,S,SE,36.00000000000001,0,0.0,0.0
2023-07-30,SE500G24P,S,SE,468.0,0,321.0,205.0
2023-07-30,SO0001L12P,S,SO,0.0,0,0.0,0.0
2023-07-30,SO0002L09P,S,SO,0.0,0,0.0,0.0
2023-07-30,SO0005L04P,S,SO,0.0,0,0.0,0.0
2023-07-30,SO0500M24P,S,SO,0.0,0,0.0,0.0
2023-07-30,SOP001L12P,S,SOP,30.0,202,30.0,76.0
2023-07-30,SOS001L12P,S,SOS,10816.0,9528,3942.999999999999,5705.0
2023-07-30,SOS002L09P,S,SOS,8522.000000000004,8000,2612.0,6292.0
2023-07-30,SOS003L04P,S,SOS,1623.0,5000,564.9999999999998,565.0
2023-07-30,SOS005L04P,S,SOS,8615.0,9283,2080.0,5006.0
2023-07-30,SOS008L02P,S,SOS,202.9999999999999,0,125.0,0.0
2023-07-30,SOS250M48P,S,SOS,273.9999999999999,0,83.0,0.0
2023-07-30,SOS500M24P,S,SOS,3810.000000000003,2778,1606.0,3410.0
2023-07-31,AT5X5K,A,AT,292.0,0,737.0,280.0
2023-07-31,ATN01K24P,A,ATN,2834.875,0,4027.0,4017.0
2023-07-31,ATN02K12P,A,ATN,373.58,0,618.0,340.0
2023-07-31,ATPA1K24P,A,ATPA,0.0,0,0.0,0.0
2023-07-31,ATPPCH5X5K,A,ATPPCH,0.0,0,0.0,0.0
2023-07-31,ATWWP001K24P,A,ATWWP,41.0,0,23.0,5.0
2023-07-31,ATWWP002K12P,A,ATWWP,12.0,0,6.0,0.0
2023-07-31,EEA200G24P,E,EEA,0.0,0,0.0,0.0
2023-07-31,EEA500G12P,E,EEA,0.0,0,0.0,0.0
2023-07-31,MAC1K25P,M,MAC,0.0,0,0.0,0.0
2023-07-31,MAHS025K,M,MAHS,235.0,0,0.0,200.0
2023-07-31,MAP1K25P,M,MAP,0.0,0,0.0,23.0
2023-07-31,MAPA1K24P,M,MAPA,0.0,0,0.0,0.0
2023-07-31,MAR01K24P,M,MAR,531.67,0,929.0,235.0
2023-07-31,MAR02K12P,M,MAR,86.33,0,63.0,0.0
2023-07-31,MASR025K,M,MASR,195.0,0,110.0,0.0
2023-07-31,POP001L12P,P,POP,1771.9999999999995,6424,2636.0,2006.0
2023-07-31,POP002L09P,P,POP,199.0,306,259.0000000000001,170.0
2023-07-31,POP005L04P,P,POP,110.0,0,92.0,10.0
2023-07-31,POP015K,P,POP,0.0,0,0.0,0.0
2023-07-31,POP500M24P,P,POP,560.0,807,661.0000000000001,406.0
2023-07-31,POPF01L12P,P,POPF,155.0,200,134.0,100.0
2023-07-31,POV001L24P,P,POV,1818.0,4002,3922.999999999998,3094.0
2023-07-31,POV002L09P,P,POV,626.9999999999999,1502,1377.0,1170.0
2023-07-31,POV005L04P,P,POV,276.0000000000001,0,681.0,452.0
2023-07-31,POV500M24P,P,POV,954.0000000000002,1012,2508.000000000001,1933.0
2023-07-31,SE200G24P,S,SE,10.0,0,15.0,0.0
2023-07-31,SE500G24P,S,SE,438.0,0,453.0,330.0
2023-07-31,SO0001L12P,S,SO,0.0,0,0.0,0.0
2023-07-31,SO0002L09P,S,SO,0.0,0,0.0,0.0
2023-07-31,SO0005L04P,S,SO,0.0,0,0.0,0.0
2023-07-31,SO0500M24P,S,SO,0.0,0,0.0,0.0
2023-07-31,SOP001L12P,S,SOP,5.0,0,39.99999999999999,0.0
2023-07-31,SOS001L12P,S,SOS,5363.0,4000,10007.0,6701.0
2023-07-31,SOS002L09P,S,SOS,3471.999999999999,3023,7783.999999999995,6608.0
2023-07-31,SOS003L04P,S,SOS,548.9999999999998,0,1483.999999999999,653.0
2023-07-31,SOS005L04P,S,SOS,5175.249999999999,0,8347.0,4243.0
2023-07-31,SOS008L02P,S,SOS,437.9999999999999,2000,246.0,300.0
2023-07-31,SOS250M48P,S,SOS,150.0,0,42.0,0.0
2023-07-31,SOS500M24P,S,SOS,2454.0,1001,3856.000000000001,3424.0
2023-08-01,AT5X5K,A,AT,595.2,0,301.0,251.0
2023-08-01,ATN01K24P,A,ATN,3504.542,0,1462.0,4102.0
2023-08-01,ATN02K12P,A,ATN,882.333,0,314.58,310.0
2023-08-01,ATPA1K24P,A,ATPA,0.0,0,0.0,0.0
2023-08-01,ATPPCH5X5K,A,ATPPCH,0.0,0,0.0,0.0
2023-08-01,ATWWP001K24P,A,ATWWP,20.958,0,19.0,30.0
2023-08-01,ATWWP002K12P,A,ATWWP,4.333,0,40.0,0.0
2023-08-01,EEA200G24P,E,EEA,0.0,0,0.0,0.0
2023-08-01,EEA500G12P,E,EEA,0.0,0,0.0,0.0
2023-08-01,MAC1K25P,M,MAC,50.0,0,0.0,0.0
2023-08-01,MAHS025K,M,MAHS,66.0,6,170.0,11.0
2023-08-01,MAP1K25P,M,MAP,0.0,0,23.0,0.0
2023-08-01,MAPA1K24P,M,MAPA,0.0,0,0.0,0.0
2023-08-01,MAR01K24P,M,MAR,706.583,0,326.92,730.0
2023-08-01,MAR02K12P,M,MAR,263.0,0,62.33000000000001,0.0
2023-08-01,MASR025K,M,MASR,221.0,0,17.0,285.0
2023-08-01,POP001L12P,P,POP,1783.9999999999995,4480,4792.0,5360.0
2023-08-01,POP002L09P,P,POP,205.0000000000001,503,35.0,220.0
2023-08-01,POP005L04P,P,POP,5.0,1,29.0,24.0
2023-08-01,POP015K,P,POP,0.0,0,0.0,0.0
2023-08-01,POP500M24P,P,POP,500.0000000000001,1006,210.0,120.0
2023-08-01,POPF01L12P,P,POPF,170.0,203,112.0,100.0
2023-08-01,POV001L24P,P,POV,1988.000000000001,4002,1036.0,1405.0
2023-08-01,POV002L09P,P,POV,483.0,2000,318.0000000000001,507.0
2023-08-01,POV005L04P,P,POV,234.0,0,110.0,190.0
2023-08-01,POV500M24P,P,POV,1103.0,1198,698.0,755.0
2023-08-01,SE200G24P,S,SE,37.29208333333334,100,6.0,6.0
2023-08-01,SE500G24P,S,SE,673.167,0,432.0,380.0
2023-08-01,SO0001L12P,S,SO,0.0,0,0.0,0.0
2023-08-01,SO0002L09P,S,SO,0.0,0,0.0,0.0
2023-08-01,SO0005L04P,S,SO,0.0,0,0.0,0.0
2023-08-01,SO0500M24P,S,SO,0.0,0,0.0,0.0
2023-08-01,SOP001L12P,S,SOP,5.082971014492753,0,0.0,0.0
2023-08-01,SOS001L12P,S,SOS,6058.332971014493,4006,5285.999999999998,5281.0
2023-08-01,SOS002L09P,S,SOS,2927.555978260869,9007,2566.999999999999,11807.0
2023-08-01,SOS003L04P,S,SOS,534.4999999999998,0,341.9999999999999,1035.0
2023-08-01,SOS005L04P,S,SOS,4373.749999999998,0,3815.0,5425.0
2023-08-01,SOS008L02P,S,SOS,56.99999999999999,1004,685.0,1225.0
2023-08-01,SOS250M48P,S,SOS,231.9999999999999,500,257.0,240.0
2023-08-01,SOS500M24P,S,SOS,2528.0,2504,1742.0,2793.0
2023-08-02,AT5X5K,A,AT,362.2,0,680.0,865.0
2023-08-02,ATN01K24P,A,ATN,1743.628,0,3633.0,2713.0
2023-08-02,ATN02K12P,A,ATN,636.8333333333334,0,1020.0,624.0
2023-08-02,ATPA1K24P,A,ATPA,0.0,0,0.0,0.0
2023-08-02,ATPPCH5X5K,A,ATPPCH,0.0,0,0.0,0.0
2023-08-02,ATWWP001K24P,A,ATWWP,56.458,0,33.875,13.0
2023-08-02,ATWWP002K12P,A,ATWWP,190.0,0,0.0,0.0
2023-08-02,EEA200G24P,E,EEA,0.0,0,0.0,0.0
2023-08-02,EEA500G12P,E,EEA,0.0,0,0.0,0.0
2023-08-02,MAC1K25P,M,MAC,0.0,0,0.0,0.0
2023-08-02,MAHS025K,M,MAHS,20.0,140,50.0,70.0
2023-08-02,MAP1K25P,M,MAP,0.0,0,0.0,0.0
2023-08-02,MAPA1K24P,M,MAPA,0.0,0,0.0,0.0
2023-08-02,MAR01K24P,M,MAR,933.0,0,665.0,195.0
2023-08-02,MAR02K12P,M,MAR,84.0,0,97.0,50.0
2023-08-02,MASR025K,M,MASR,80.0,0,158.0,67.0
2023-08-02,POP001L12P,P,POP,1496.0000000000002,3406,3140.000000000001,2940.0
2023-08-02,POP002L09P,P,POP,266.0000000000001,308,175.0,105.0
2023-08-02,POP005L04P,P,POP,25.0,101,1.000989010989011,6.0
2023-08-02,POP015K,P,POP,0.0,0,0.0,0.0
2023-08-02,POP500M24P,P,POP,276.0,0,455.0000000000001,730.0
2023-08-02,POPF01L12P,P,POPF,145.0,100,196.0,40.0
2023-08-02,POV001L24P,P,POV,1256.0,0,2708.0,2711.0
2023-08-02,POV002L09P,P,POV,405.0,803,535.0000000000001,1180.0
2023-08-02,POV005L04P,P,POV,145.0,202,244.0,200.0
2023-08-02,POV500M24P,P,POV,415.0,0,1262.0,1612.0
2023-08-02,SE200G24P,S,SE,54.0,0,10.0,31.0
2023-08-02,SE500G24P,S,SE,545.667,0,503.0,250.0
2023-08-02,SO0001L12P,S,SO,0.0,0,0.0,0.0
2023-08-02,SO0002L09P,S,SO,0.0,0,0.0,0.0
2023-08-02,SO0005L04P,S,SO,0.0,0,0.0,0.0
2023-08-02,SO0500M24P,S,SO,0.0,0,0.0,0.0
2023-08-02,SOP001L12P,S,SOP,27.82998188405797,0,0.0,50.0
2023-08-02,SOS001L12P,S,SOS,5838.000000000002,3000,5450.999999999998,5572.0
2023-08-02,SOS002L09P,S,SOS,4014.998007246375,11500,3554.999999999998,10881.0
2023-08-02,SOS003L04P,S,SOS,911.2499999999995,0,583.9999999999999,691.0
2023-08-02,SOS005L04P,S,SOS,4352.499999999999,0,4635.25,4070.0
2023-08-02,SOS008L02P,S,SOS,571.0,1006,383.0,330.0
2023-08-02,SOS250M48P,S,SOS,276.9999999999999,3324,346.0,341.0
2023-08-02,SOS500M24P,S,SOS,2335.000000000001,0,2858.0,2203.0
2023-08-03,AT5X5K,A,AT,252.0,500,206.2,480.0
2023-08-03,ATN01K24P,A,ATN,2388.875,3500,1330.875,2905.0
2023-08-03,ATN02K12P,A,ATN,2654.333333333333,300,329.333,210.0
2023-08-03,ATPA1K24P,A,ATPA,0.0,0,0.0,0.0
2023-08-03,ATPPCH5X5K,A,ATPPCH,0.0,0,0.0,0.0
2023-08-03,ATWWP001K24P,A,ATWWP,46.0,0,44.958,0.0
2023-08-03,ATWWP002K12P,A,ATWWP,120.0,0,11.333,0.0
2023-08-03,EEA200G24P,E,EEA,0.0,0,0.0,0.0
2023-08-03,EEA500G12P,E,EEA,0.0,0,0.0,0.0
2023-08-03,MAC1K25P,M,MAC,10.0,0,0.0,0.0
2023-08-03,MAHS025K,M,MAHS,0.0,10,76.0,146.0
2023-08-03,MAP1K25P,M,MAP,0.0,0,0.0,0.0
2023-08-03,MAPA1K24P,M,MAPA,0.0,0,0.0,0.0
2023-08-03,MAR01K24P,M,MAR,723.0,300,959.583,1010.0
2023-08-03,MAR02K12P,M,MAR,826.0,0,54.0,30.0
2023-08-03,MASR025K,M,MASR,427.0,0,150.0,40.0
2023-08-03,POP001L12P,P,POP,7142.0,2004,1904.0000000000002,3930.0
2023-08-03,POP002L09P,P,POP,275.0000000000001,300,256.0000000000001,325.0
2023-08-03,POP005L04P,P,POP,37.0,0,30.0,30.0
2023-08-03,POP015K,P,POP,0.0,0,0.0,0.0
2023-08-03,POP500M24P,P,POP,494.9999999999999,0,546.0,471.0
2023-08-03,POPF01L12P,P,POPF,748.0,154,43.91602564102564,485.0
2023-08-03,POV001L24P,P,POV,2060.000000000001,502,1528.0,1450.0
2023-08-03,POV002L09P,P,POV,722.0,805,501.0,535.0
2023-08-03,POV005L04P,P,POV,541.0000000000001,100,233.0,210.0
2023-08-03,POV500M24P,P,POV,1352.0,10,517.0,406.0
2023-08-03,SE200G24P,S,SE,100.0,50,0.0,30.0
2023-08-03,SE500G24P,S,SE,1087.0,300,253.167,510.0
2023-08-03,SO0001L12P,S,SO,0.0,0,0.0,0.0
2023-08-03,SO0002L09P,S,SO,0.0,0,0.0,0.0
2023-08-03,SO0005L04P,S,SO,0.0,0,0.0,0.0
2023-08-03,SO0500M24P,S,SO,0.0,0,0.0,0.0
2023-08-03,SOP001L12P,S,SOP,475.9999999999999,0,11.08297101449275,0.0
2023-08-03,SOS001L12P,S,SOS,8487.000000000004,3051,5507.332971014491,4662.0
2023-08-03,SOS002L09P,S,SOS,5738.000000000003,11500,3448.443961352657,10606.0
2023-08-03,SOS003L04P,S,SOS,1277.0,0,647.4999999999995,929.0
2023-08-03,SOS005L04P,S,SOS,9359.999999999998,200,3446.75,3816.0
2023-08-03,SOS008L02P,S,SOS,554.0,0,525.9999999999999,510.0
2023-08-03,SOS250M48P,S,SOS,315.9999999999999,900,136.0,580.0
2023-08-03,SOS500M24P,S,SOS,3669.000000000003,500,1891.0,689.0
2023-08-04,AT5X5K,A,AT,0.0,500,290.0,370.0
2023-08-04,ATN01K24P,A,ATN,0.0,4000,607.0,3818.0
2023-08-04,ATN02K12P,A,ATN,0.0,500,285.0,350.0
2023-08-04,ATPA1K24P,A,ATPA,0.0,0,0.0,0.0
2023-08-04,ATPPCH5X5K,A,ATPPCH,0.0,0,0.0,0.0
2023-08-04,ATWWP001K24P,A,ATWWP,0.0,0,7.0,20.0
2023-08-04,ATWWP002K12P,A,ATWWP,0.0,0,2.0,0.0
2023-08-04,EEA200G24P,E,EEA,0.0,0,0.0,0.0
2023-08-04,EEA500G12P,E,EEA,0.0,0,0.0,0.0
2023-08-04,MAC1K25P,M,MAC,0.0,0,0.0,0.0
2023-08-04,MAHS025K,M,MAHS,0.0,90,50.0,30.0
2023-08-04,MAP1K25P,M,MAP,0.0,0,0.0,0.0
2023-08-04,MAPA1K24P,M,MAPA,0.0,0,0.0,0.0
2023-08-04,MAR01K24P,M,MAR,0.0,700,102.0,935.0
2023-08-04,MAR02K12P,M,MAR,0.0,0,0.0,40.0
2023-08-04,MASR025K,M,MASR,0.0,0,30.0,35.0
2023-08-04,POP001L12P,P,POP,0.0,2606,4552.0,5466.0
2023-08-04,POP002L09P,P,POP,0.0,0,120.0,320.0
2023-08-04,POP005L04P,P,POP,0.0,50,5.0,5.0
2023-08-04,POP015K,P,POP,0.0,0,0.0,0.0
2023-08-04,POP500M24P,P,POP,0.0,0,165.0,186.0
2023-08-04,POPF01L12P,P,POPF,0.0,0,150.0,100.0
2023-08-04,POV001L24P,P,POV,0.0,1500,679.0,670.0
2023-08-04,POV002L09P,P,POV,0.0,0,360.0,565.0
2023-08-04,POV005L04P,P,POV,0.0,351,190.0,100.0
2023-08-04,POV500M24P,P,POV,0.0,0,132.0,0.0
2023-08-04,SE200G24P,S,SE,0.0,50,0.0,88.0
2023-08-04,SE500G24P,S,SE,0.0,800,304.0,370.0
2023-08-04,SO0001L12P,S,SO,0.0,0,0.0,0.0
2023-08-04,SO0002L09P,S,SO,0.0,0,0.0,0.0
2023-08-04,SO0005L04P,S,SO,0.0,0,0.0,0.0
2023-08-04,SO0500M24P,S,SO,0.0,0,0.0,0.0
2023-08-04,SOP001L12P,S,SOP,0.0,0,227.0,165.0
2023-08-04,SOS001L12P,S,SOS,0.0,4006,3400.0,5015.0
2023-08-04,SOS002L09P,S,SOS,0.0,3007,2431.0,10025.0
2023-08-04,SOS003L04P,S,SOS,0.0,0,659.9999999999998,1380.0
2023-08-04,SOS005L04P,S,SOS,0.0,3804,3979.0,3805.0
2023-08-04,SOS008L02P,S,SOS,0.0,0,25.0,175.0
2023-08-04,SOS250M48P,S,SOS,0.0,0,395.0,530.0
2023-08-04,SOS500M24P,S,SOS,0.0,2814,1573.0,1345.0
2023-08-05,AT5X5K,A,AT,16.0,300,191.0,218.0
2023-08-05,ATN01K24P,A,ATN,115.417,1000,1585.0,998.0
2023-08-05,ATN02K12P,A,ATN,259.167,1000,1118.0,650.0
2023-08-05,ATPA1K24P,A,ATPA,0.0,0,0.0,0.0
2023-08-05,ATPPCH5X5K,A,ATPPCH,0.0,0,0.0,0.0
2023-08-05,ATWWP001K24P,A,ATWWP,10.0,0,21.0,0.0
2023-08-05,ATWWP002K12P,A,ATWWP,26.0,0,34.0,4.0
2023-08-05,EEA200G24P,E,EEA,0.0,0,0.0,0.0
2023-08-05,EEA500G12P,E,EEA,0.0,0,0.0,0.0
2023-08-05,MAC1K25P,M,MAC,0.0,0,0.0,0.0
2023-08-05,MAHS025K,M,MAHS,0.0,0,91.0,0.0
2023-08-05,MAP1K25P,M,MAP,0.0,0,0.0,0.0
2023-08-05,MAPA1K24P,M,MAPA,0.0,0,0.0,0.0
2023-08-05,MAR01K24P,M,MAR,22.42,400,426.0,200.0
2023-08-05,MAR02K12P,M,MAR,84.0,0,225.0,240.0
2023-08-05,MASR025K,M,MASR,25.0,250,85.0,186.0
2023-08-05,POP001L12P,P,POP,0.0,2678,2382.0,932.0
2023-08-05,POP002L09P,P,POP,0.0,0,240.0000000000001,76.0
2023-08-05,POP005L04P,P,POP,0.0,0,5.0,22.0
2023-08-05,POP015K,P,POP,0.0,0,0.0,0.0
2023-08-05,POP500M24P,P,POP,0.0,800,365.0,76.0
2023-08-05,POPF01L12P,P,POPF,0.0,400,263.0839743589743,100.0
2023-08-05,POV001L24P,P,POV,180.0,700,866.0,1720.0
2023-08-05,POV002L09P,P,POV,100.0,1000,287.0000000000001,340.0
2023-08-05,POV005L04P,P,POV,165.0,112,150.0,215.0
2023-08-05,POV500M24P,P,POV,55.0,2003,446.0000000000001,175.0
2023-08-05,SE200G24P,S,SE,0.0,80,131.0,85.0
2023-08-05,SE500G24P,S,SE,83.0,500,594.0,650.0
2023-08-05,SO0001L12P,S,SO,0.0,0,0.0,0.0
2023-08-05,SO0002L09P,S,SO,0.0,0,0.0,0.0
2023-08-05,SO0005L04P,S,SO,0.0,0,0.0,0.0
2023-08-05,SO0500M24P,S,SO,0.0,0,0.0,0.0
2023-08-05,SOP001L12P,S,SOP,7.999999999999999,0,15.0,0.0
2023-08-05,SOS001L12P,S,SOS,481.9999999999999,5005,4179.000000000002,2925.0
2023-08-05,SOS002L09P,S,SOS,387.0,5231,2727.999999999999,1391.0
2023-08-05,SOS003L04P,S,SOS,102.0,0,650.9999999999999,263.0
2023-08-05,SOS005L04P,S,SOS,1049.25,5006,4069.0,589.0
2023-08-05,SOS008L02P,S,SOS,15.0,0,606.0,125.0
2023-08-05,SOS250M48P,S,SOS,0.0,0,393.9990036231885,495.0
2023-08-05,SOS500M24P,S,SOS,109.0,1203,1477.0,1709.0
2023-08-06,AT5X5K,A,AT,752.0,1,212.0,50.0
2023-08-06,ATN01K24P,A,ATN,4677.375,595,1570.0,509.0
2023-08-06,ATN02K12P,A,ATN,807.1666666666666,933,419.167,530.0
2023-08-06,ATPA1K24P,A,ATPA,0.0,0,0.0,0.0
2023-08-06,ATPPCH5X5K,A,ATPPCH,0.0,0,0.0,0.0
2023-08-06,ATWWP001K24P,A,ATWWP,159.0,0,41.125,7.0
2023-08-06,ATWWP002K12P,A,ATWWP,26.0,0,2.0,0.0
2023-08-06,EEA200G24P,E,EEA,0.0,0,0.0,0.0
2023-08-06,EEA500G12P,E,EEA,0.0,0,0.0,0.0
2023-08-06,MAC1K25P,M,MAC,0.0,60,0.0,0.0
2023-08-06,MAHS025K,M,MAHS,41.0,500,0.0,0.0
2023-08-06,MAP1K25P,M,MAP,0.0,0,0.0,0.0
2023-08-06,MAPA1K24P,M,MAPA,0.0,0,0.0,0.0
2023-08-06,MAR01K24P,M,MAR,628.0,300,218.0,0.0
2023-08-06,MAR02K12P,M,MAR,140.0,0,121.0,150.0
2023-08-06,MASR025K,M,MASR,1004.0,100,151.0,250.0
2023-08-06,POP001L12P,P,POP,2666.000000000001,2450,740.0,840.0
2023-08-06,POP002L09P,P,POP,245.0000000000001,0,75.0,110.0
2023-08-06,POP005L04P,P,POP,18.0,0,5.0,20.0
2023-08-06,POP015K,P,POP,0.0,0,0.0,0.0
2023-08-06,POP500M24P,P,POP,444.9999999999999,800,175.0,130.0
2023-08-06,POPF01L12P,P,POPF,232.0,602,110.0,0.0
2023-08-06,POV001L24P,P,POV,2644.0,1002,977.0,680.0
2023-08-06,POV002L09P,P,POV,797.0,1002,357.0,470.0
2023-08-06,POV005L04P,P,POV,435.0,170,265.0,305.0
2023-08-06,POV500M24P,P,POV,1667.000000000001,1004,687.9999999999999,490.0
2023-08-06,SE200G24P,S,SE,120.0,0,5.0,0.0
2023-08-06,SE500G24P,S,SE,1407.0,300,238.583,0.0
2023-08-06,SO0001L12P,S,SO,0.0,0,0.0,0.0
2023-08-06,SO0002L09P,S,SO,0.0,0,0.0,0.0
2023-08-06,SO0005L04P,S,SO,0.0,0,0.0,0.0
2023-08-06,SO0500M24P,S,SO,0.0,0,0.0,0.0
2023-08-06,SOP001L12P,S,SOP,30.0,504,0.0,0.0
2023-08-06,SOS001L12P,S,SOS,6715.999999999998,4001,2722.0,2895.0
2023-08-06,SOS002L09P,S,SOS,5045.999999999999,0,1908.999999999999,1255.0
2023-08-06,SOS003L04P,S,SOS,1141.0,0,350.9999999999999,310.0
2023-08-06,SOS005L04P,S,SOS,7468.000000000001,3172,3419.5,4229.0
2023-08-06,SOS008L02P,S,SOS,1321.0,1500,68.0,460.0
2023-08-06,SOS250M48P,S,SOS,462.9999999999998,0,284.8960144927536,210.0
2023-08-06,SOS500M24P,S,SOS,2897.000000000003,1000,1179.0,1735.0
2023-08-07,AT5X5K,A,AT,558.0,0,434.0,480.0
2023-08-07,ATN01K24P,A,ATN,2739.375,0,3442.167,2484.0
2023-08-07,ATN02K12P,A,ATN,641.75,0,590.0,830.0
2023-08-07,ATPA1K24P,A,ATPA,0.0,0,0.0,0.0
2023-08-07,ATPPCH5X5K,A,ATPPCH,0.0,0,0.0,0.0
2023-08-07,ATWWP001K24P,A,ATWWP,12.0,0,74.0,37.0
2023-08-07,ATWWP002K12P,A,ATWWP,14.0,0,2.0,0.0
2023-08-07,EEA200G24P,E,EEA,0.0,0,0.0,0.0
2023-08-07,EEA500G12P,E,EEA,0.0,0,0.0,0.0
2023-08-07,MAC1K25P,M,MAC,0.0,0,0.0,0.0
2023-08-07,MAHS025K,M,MAHS,0.0,50,40.0,535.0
2023-08-07,MAP1K25P,M,MAP,10.0,0,0.0,0.0
2023-08-07,MAPA1K24P,M,MAPA,0.0,0,0.0,0.0
2023-08-07,MAR01K24P,M,MAR,852.0,0,843.4200000000001,140.0
2023-08-07,MAR02K12P,M,MAR,84.0,0,190.0,190.0
2023-08-07,MASR025K,M,MASR,259.0,500,212.0,239.0
2023-08-07,POP001L12P,P,POP,2764.0,3614,2206.0000000000005,1740.0
2023-08-07,POP002L09P,P,POP,262.0,0,168.0,100.0
2023-08-07,POP005L04P,P,POP,115.0,0,28.0,0.0
2023-08-07,POP015K,P,POP,0.0,0,0.0,0.0
2023-08-07,POP500M24P,P,POP,276.0000000000001,200,291.0,470.0
2023-08-07,POPF01L12P,P,POPF,240.0,801,161.0,23.0
2023-08-07,POV001L24P,P,POV,1350.0,1500,2195.0,1539.0
2023-08-07,POV002L09P,P,POV,516.0,0,658.0000000000002,355.0
2023-08-07,POV005L04P,P,POV,355.0,350,352.0000000000001,255.0
2023-08-07,POV500M24P,P,POV,470.0000000000001,1304,1510.0,1175.0
2023-08-07,SE200G24P,S,SE,25.0,0,50.0,40.0
2023-08-07,SE500G24P,S,SE,800.083,0,970.0,852.0
2023-08-07,SO0001L12P,S,SO,0.0,0,0.0,0.0
2023-08-07,SO0002L09P,S,SO,0.0,0,0.0,0.0
2023-08-07,SO0005L04P,S,SO,0.0,0,0.0,0.0
2023-08-07,SO0500M24P,S,SO,0.0,0,0.0,0.0
2023-08-07,SOP001L12P,S,SOP,30.0,0,9.999999999999998,0.0
2023-08-07,SOS001L12P,S,SOS,15579.33007246377,3004,5882.999999999998,3962.0
2023-08-07,SOS002L09P,S,SOS,3695.999999999998,0,4225.0,1825.0
2023-08-07,SOS003L04P,S,SOS,558.9999999999994,1000,956.9999999999992,265.0
2023-08-07,SOS005L04P,S,SOS,5172.0,1500,6374.749999999998,3030.0
2023-08-07,SOS008L02P,S,SOS,230.0,504,137.0,35.0
2023-08-07,SOS250M48P,S,SOS,466.9999999999998,0,243.0,440.0
2023-08-07,SOS500M24P,S,SOS,2385.000000000001,2000,2506.0,1675.0
2023-08-08,AT5X5K,A,AT,0.0,0,220.0,125.0
2023-08-08,ATN01K24P,A,ATN,0.0,0,518.0,156.0
2023-08-08,ATN02K12P,A,ATN,0.0,0,368.0,40.0
2023-08-08,ATPA1K24P,A,ATPA,0.0,0,0.0,0.0
2023-08-08,ATPPCH5X5K,A,ATPPCH,0.0,0,0.0,0.0
2023-08-08,ATWWP001K24P,A,ATWWP,0.0,0,36.0,25.0
2023-08-08,ATWWP002K12P,A,ATWWP,0.0,0,0.0,0.0
2023-08-08,EEA200G24P,E,EEA,0.0,0,0.0,0.0
2023-08-08,EEA500G12P,E,EEA,0.0,0,0.0,0.0
2023-08-08,MAC1K25P,M,MAC,0.0,0,0.0,0.0
2023-08-08,MAHS025K,M,MAHS,0.0,0,0.0,0.0
2023-08-08,MAP1K25P,M,MAP,0.0,0,0.0,0.0
2023-08-08,MAPA1K24P,M,MAPA,0.0,0,0.0,0.0
2023-08-08,MAR01K24P,M,MAR,0.0,0,141.0,20.0
2023-08-08,MAR02K12P,M,MAR,0.0,0,76.0,0.0
2023-08-08,MASR025K,M,MASR,0.0,60,488.0,400.0
2023-08-08,POP001L12P,P,POP,0.0,2414,1434.0,1320.0
2023-08-08,POP002L09P,P,POP,0.0,0,53.00000000000001,20.0
2023-08-08,POP005L04P,P,POP,0.0,0,0.0,0.0
2023-08-08,POP015K,P,POP,0.0,0,0.0,0.0
2023-08-08,POP500M24P,P,POP,0.0,0,60.00000000000001,70.0
2023-08-08,POPF01L12P,P,POPF,0.0,41,0.0,0.0
2023-08-08,POV001L24P,P,POV,0.0,1404,435.9999999999999,740.0
2023-08-08,POV002L09P,P,POV,0.0,0,206.0,150.0
2023-08-08,POV005L04P,P,POV,0.0,0,140.0,50.0
2023-08-08,POV500M24P,P,POV,0.0,0,231.0,593.0
2023-08-08,SE200G24P,S,SE,0.0,0,0.0,0.0
2023-08-08,SE500G24P,S,SE,0.0,0,212.0,50.0
2023-08-08,SO0001L12P,S,SO,0.0,0,0.0,0.0
2023-08-08,SO0002L09P,S,SO,0.0,0,0.0,0.0
2023-08-08,SO0005L04P,S,SO,0.0,0,0.0,0.0
2023-08-08,SO0500M24P,S,SO,0.0,0,0.0,0.0
2023-08-08,SOP001L12P,S,SOP,0.0,0,10.0,0.0
2023-08-08,SOS001L12P,S,SOS,0.0,1310,1010.0,1521.0
2023-08-08,SOS002L09P,S,SOS,0.0,0,914.0,768.0
2023-08-08,SOS003L04P,S,SOS,0.0,1519,155.0,140.0
2023-08-08,SOS005L04P,S,SOS,0.0,0,1559.0,1240.0
2023-08-08,SOS008L02P,S,SOS,0.0,0,130.0,10.0
2023-08-08,SOS250M48P,S,SOS,0.0,0,131.0,100.0
2023-08-08,SOS500M24P,S,SOS,0.0,1024,499.9999999999999,445.0
2023-08-09,AT5X5K,A,AT,0.0,0,0.0,0.0
2023-08-09,ATN01K24P,A,ATN,0.0,0,0.0,0.0
2023-08-09,ATN02K12P,A,ATN,0.0,0,0.0,0.0
2023-08-09,ATPA1K24P,A,ATPA,0.0,0,0.0,0.0
2023-08-09,ATPPCH5X5K,A,ATPPCH,0.0,0,0.0,0.0
2023-08-09,ATWWP001K24P,A,ATWWP,0.0,0,0.0,0.0
2023-08-09,ATWWP002K12P,A,ATWWP,0.0,0,0.0,0.0
2023-08-09,EEA200G24P,E,EEA,0.0,0,0.0,0.0
2023-08-09,EEA500G12P,E,EEA,0.0,0,0.0,0.0
2023-08-09,MAC1K25P,M,MAC,0.0,0,0.0,0.0
2023-08-09,MAHS025K,M,MAHS,0.0,0,0.0,0.0
2023-08-09,MAP1K25P,M,MAP,0.0,0,0.0,0.0
2023-08-09,MAPA1K24P,M,MAPA,0.0,0,0.0,0.0
2023-08-09,MAR01K24P,M,MAR,0.0,0,0.0,0.0
2023-08-09,MAR02K12P,M,MAR,0.0,0,0.0,0.0
2023-08-09,MASR025K,M,MASR,0.0,0,0.0,0.0
2023-08-09,POP001L12P,P,POP,0.0,0,0.0,0.0
2023-08-09,POP002L09P,P,POP,0.0,0,0.0,0.0
2023-08-09,POP005L04P,P,POP,0.0,0,0.0,0.0
2023-08-09,POP015K,P,POP,0.0,0,0.0,0.0
2023-08-09,POP500M24P,P,POP,0.0,0,0.0,0.0
2023-08-09,POPF01L12P,P,POPF,0.0,0,0.0,0.0
2023-08-09,POV001L24P,P,POV,0.0,0,0.0,0.0
2023-08-09,POV002L09P,P,POV,0.0,0,0.0,0.0
2023-08-09,POV005L04P,P,POV,0.0,0,0.0,0.0
2023-08-09,POV500M24P,P,POV,0.0,0,0.0,0.0
2023-08-09,SE200G24P,S,SE,0.0,0,0.0,0.0
2023-08-09,SE500G24P,S,SE,0.0,0,0.0,0.0
2023-08-09,SO0001L12P,S,SO,0.0,0,0.0,0.0
2023-08-09,SO0002L09P,S,SO,0.0,0,0.0,0.0
2023-08-09,SO0005L04P,S,SO,0.0,0,0.0,0.0
2023-08-09,SO0500M24P,S,SO,0.0,0,0.0,0.0
2023-08-09,SOP001L12P,S,SOP,0.0,0,0.0,0.0
2023-08-09,SOS001L12P,S,SOS,0.0,0,0.0,0.0
2023-08-09,SOS002L09P,S,SOS,0.0,0,0.0,0.0
2023-08-09,SOS003L04P,S,SOS,0.0,0,0.0,0.0
2023-08-09,SOS005L04P,S,SOS,0.0,0,0.0,0.0
2023-08-09,SOS008L02P,S,SOS,0.0,0,0.0,0.0
2023-08-09,SOS250M48P,S,SOS,0.0,0,0.0,0.0
2023-08-09,SOS500M24P,S,SOS,0.0,0,0.0,0.0
